Time,SZA
2025-03-02 09:34:00,86.1966002635345
2025-03-02 09:35:00,86.18864686388027
2025-03-02 09:36:00,86.18069351283266
2025-03-02 09:37:00,86.17274021037059
2025-03-02 09:38:00,86.16478695647295
2025-03-02 09:39:00,86.15683375106045
2025-03-02 09:40:00,86.14888058877574
2025-03-02 09:41:00,86.14092748023141
2025-03-02 09:42:00,86.13297442007016
2025-03-02 09:43:00,86.12502140825144
2025-03-02 09:44:00,86.11706844473478
2025-03-02 09:45:00,86.10911552949922
2025-03-02 09:46:00,86.10116266244577
2025-03-02 09:47:00,86.0932098436119
2025-03-02 09:48:00,86.08525707285985
2025-03-02 09:49:00,86.07730435022691
2025-03-02 09:50:00,86.06935167571127
2025-03-02 09:51:00,86.0613990438588
2025-03-02 09:52:00,86.05344646528201
2025-03-02 09:53:00,86.04549393468164
2025-03-02 09:54:00,86.03754145193989
2025-03-02 09:55:00,86.02958901711311
2025-03-02 09:56:00,86.02163663008318
2025-03-02 09:57:00,86.01368429079045
2025-03-02 09:58:00,86.00573199927189
2025-03-02 09:59:00,85.99777975546763
2025-03-02 10:00:00,85.989827559318
2025-03-02 10:01:00,85.9818754107629
2025-03-02 10:02:00,85.97392330444532
2025-03-02 10:03:00,85.96597125101637
2025-03-02 10:04:00,85.95801924508017
2025-03-02 10:05:00,85.95006728655733
2025-03-02 10:06:00,85.94211537548509
2025-03-02 10:07:00,85.93416351178418
2025-03-02 10:08:00,85.92621169537549
2025-03-02 10:09:00,85.91825992631532
2025-03-02 10:10:00,85.91030820444702
2025-03-02 10:11:00,85.90235652982696
2025-03-02 10:12:00,85.89440490235671
2025-03-02 10:13:00,85.88645332203461
2025-03-02 10:14:00,85.87850178338724
2025-03-02 10:15:00,85.87055029720119
2025-03-02 10:16:00,85.86259885798383
2025-03-02 10:17:00,85.85464746571412
2025-03-02 10:18:00,85.84669612037084
2025-03-02 10:19:00,85.83874482191378
2025-03-02 10:20:00,85.83079357028302
2025-03-02 10:21:00,85.82284236543818
2025-03-02 10:22:00,85.81489120737763
2025-03-02 10:23:00,85.80694009598338
2025-03-02 10:24:00,85.79898903127312
2025-03-02 10:25:00,85.79103800789008
2025-03-02 10:26:00,85.78308703634917
2025-03-02 10:27:00,85.7751361114293
2025-03-02 10:28:00,85.76718523301244
2025-03-02 10:29:00,85.75923440098067
2025-03-02 10:30:00,85.7512836154099
2025-03-02 10:31:00,85.74333287618224
2025-03-02 10:32:00,85.73538218337346
2025-03-02 10:33:00,85.72743153676885
2025-03-02 10:34:00,85.71948093642483
2025-03-02 10:35:00,85.71153038232053
2025-03-02 10:36:00,85.70357986902141
2025-03-02 10:37:00,85.69562940721704
2025-03-02 10:38:00,85.68767899145357
2025-03-02 10:39:00,85.6797286217294
2025-03-02 10:40:00,85.67177829798483
2025-03-02 10:41:00,85.66382802025706
2025-03-02 10:42:00,85.65587778840856
2025-03-02 10:43:00,85.64792760239906
2025-03-02 10:44:00,85.63997746220771
2025-03-02 10:45:00,85.63202736787164
2025-03-02 10:46:00,85.62407731919522
2025-03-02 10:47:00,85.6161273109382
2025-03-02 10:48:00,85.6081773536541
2025-03-02 10:49:00,85.60022744196684
2025-03-02 10:50:00,85.59227757583606
2025-03-02 10:51:00,85.58432775526016
2025-03-02 10:52:00,85.57637798014058
2025-03-02 10:53:00,85.5684282504952
2025-03-02 10:54:00,85.56047856624487
2025-03-02 10:55:00,85.55252892731042
2025-03-02 10:56:00,85.54457933367097
2025-03-02 10:57:00,85.5366297853443
2025-03-02 10:58:00,85.52868028227063
2025-03-02 10:59:00,85.52073081899654
2025-03-02 11:00:00,85.51278140621098
2025-03-02 11:01:00,85.50483203851873
2025-03-02 11:02:00,85.49688271586008
2025-03-02 11:03:00,85.48893343821382
2025-03-02 11:04:00,85.48098420555932
2025-03-02 11:05:00,85.47303501773976
2025-03-02 11:06:00,85.46508587488937
2025-03-02 11:07:00,85.45713677685147
2025-03-02 11:08:00,85.44918772358571
2025-03-02 11:09:00,85.44123871507118
2025-03-02 11:10:00,85.43328974595143
2025-03-02 11:11:00,85.42534082679902
2025-03-02 11:12:00,85.41739195223815
2025-03-02 11:13:00,85.40944312228663
2025-03-02 11:14:00,85.40149433686541
2025-03-02 11:15:00,85.39354559591474
2025-03-02 11:16:00,85.38559689939437
2025-03-02 11:17:00,85.37764824728332
2025-03-02 11:18:00,85.36969963948314
2025-03-02 11:19:00,85.36175107603113
2025-03-02 11:20:00,85.35380255688705
2025-03-02 11:21:00,85.34585407653921
2025-03-02 11:22:00,85.3379056457542
2025-03-02 11:23:00,85.32995725907857
2025-03-02 11:24:00,85.32200891647206
2025-03-02 11:25:00,85.3140606179332
2025-03-02 11:26:00,85.30611236338285
2025-03-02 11:27:00,85.29816415280018
2025-03-02 11:28:00,85.29021598612552
2025-03-02 11:29:00,85.28226786329915
2025-03-02 11:30:00,85.27431978431967
2025-03-02 11:31:00,85.26637174908859
2025-03-02 11:32:00,85.25842375226905
2025-03-02 11:33:00,85.25047580445265
2025-03-02 11:34:00,85.24252790030266
2025-03-02 11:35:00,85.2345800397595
2025-03-02 11:36:00,85.22663222272446
2025-03-02 11:37:00,85.2186844491963
2025-03-02 11:38:00,85.21073671913474
2025-03-02 11:39:00,85.20278903249941
2025-03-02 11:40:00,85.19484138928884
2025-03-02 11:41:00,85.18689378934657
2025-03-02 11:42:00,85.17894623270992
2025-03-02 11:43:00,85.17099871931897
2025-03-02 11:44:00,85.16305124375974
2025-03-02 11:45:00,85.15510381670128
2025-03-02 11:46:00,85.14715643274852
2025-03-02 11:47:00,85.13920909182258
2025-03-02 11:48:00,85.13126179394138
2025-03-02 11:49:00,85.12331453900643
2025-03-02 11:50:00,85.115367326997
2025-03-02 11:51:00,85.10742015787277
2025-03-02 11:52:00,85.09947303163233
2025-03-02 11:53:00,85.09152594809976
2025-03-02 11:54:00,85.08357890727362
2025-03-02 11:55:00,85.07563190389484
2025-03-02 11:56:00,85.06768494851595
2025-03-02 11:57:00,85.05973803566467
2025-03-02 11:58:00,85.05179116541713
2025-03-02 11:59:00,85.04384433765549
2025-03-02 12:00:00,85.035897552359
2025-03-02 12:01:00,85.0279508095456
2025-03-02 12:02:00,85.02000410903938
2025-03-02 12:03:00,85.01205745087763
2025-03-02 12:04:00,85.00411083500087
2025-03-02 12:05:00,84.99616426138824
2025-03-02 12:06:00,84.98821772460633
2025-03-02 12:07:00,84.98027123534328
2025-03-02 12:08:00,84.97232478812676
2025-03-02 12:09:00,84.96437838301364
2025-03-02 12:10:00,84.95643201986674
2025-03-02 12:11:00,84.94848569872349
2025-03-02 12:12:00,84.94053941944675
2025-03-02 12:13:00,84.93259318207384
2025-03-02 12:14:00,84.92464698654531
2025-03-02 12:15:00,84.91670083276269
2025-03-02 12:16:00,84.90875472072467
2025-03-02 12:17:00,84.90080864505613
2025-03-02 12:18:00,84.89286261632866
2025-03-02 12:19:00,84.88491662918642
2025-03-02 12:20:00,84.8769706836476
2025-03-02 12:21:00,84.86902477955556
2025-03-02 12:22:00,84.86107891692832
2025-03-02 12:23:00,84.85313309574519
2025-03-02 12:24:00,84.84518731586911
2025-03-02 12:25:00,84.83724157731798
2025-03-02 12:26:00,84.82929588007102
2025-03-02 12:27:00,84.82135022404948
2025-03-02 12:28:00,84.81340460915501
2025-03-02 12:29:00,84.80545903008998
2025-03-02 12:30:00,84.79751349744542
2025-03-02 12:31:00,84.78956800578806
2025-03-02 12:32:00,84.78162255517469
2025-03-02 12:33:00,84.77367714546837
2025-03-02 12:34:00,84.765731776687
2025-03-02 12:35:00,84.757786448713
2025-03-02 12:36:00,84.74984116158372
2025-03-02 12:37:00,84.74189591516208
2025-03-02 12:38:00,84.73395070948567
2025-03-02 12:39:00,84.72600554443673
2025-03-02 12:40:00,84.7180604146985
2025-03-02 12:41:00,84.71011533082296
2025-03-02 12:42:00,84.70217028751274
2025-03-02 12:43:00,84.69422528468881
2025-03-02 12:44:00,84.68628032223378
2025-03-02 12:45:00,84.67833540018495
2025-03-02 12:46:00,84.6703905184441
2025-03-02 12:47:00,84.66244567700986
2025-03-02 12:48:00,84.65450087578404
2025-03-02 12:49:00,84.64655611480404
2025-03-02 12:50:00,84.63861139391355
2025-03-02 12:51:00,84.63066670779587
2025-03-02 12:52:00,84.62272206706095
2025-03-02 12:53:00,84.61477746633396
2025-03-02 12:54:00,84.60683290553612
2025-03-02 12:55:00,84.59888838468551
2025-03-02 12:56:00,84.5909439036257
2025-03-02 12:57:00,84.58299946243294
2025-03-02 12:58:00,84.57505506097026
2025-03-02 12:59:00,84.56711069921694
2025-03-02 13:00:00,84.5591663771524
2025-03-02 13:01:00,84.55122209467838
2025-03-02 13:02:00,84.54327784647833
2025-03-02 13:03:00,84.5353336431232
2025-03-02 13:04:00,84.52738947923852
2025-03-02 13:05:00,84.51944535480344
2025-03-02 13:06:00,84.51150126971986
2025-03-02 13:07:00,84.50355722394768
2025-03-02 13:08:00,84.49561321750507
2025-03-02 13:09:00,84.48766925027434
2025-03-02 13:10:00,84.4797253222157
2025-03-02 13:11:00,84.47178143330817
2025-03-02 13:12:00,84.46383758355071
2025-03-02 13:13:00,84.45589377276752
2025-03-02 13:14:00,84.44794999568116
2025-03-02 13:15:00,84.44000626288154
2025-03-02 13:16:00,84.43206256897493
2025-03-02 13:17:00,84.42411891386317
2025-03-02 13:18:00,84.41617529764189
2025-03-02 13:19:00,84.40823172015482
2025-03-02 13:20:00,84.40028818132308
2025-03-02 13:21:00,84.39234468122304
2025-03-02 13:22:00,84.38440121967902
2025-03-02 13:23:00,84.37645779670913
2025-03-02 13:24:00,84.36851441225399
2025-03-02 13:25:00,84.36057106095868
2025-03-02 13:26:00,84.35262775339378
2025-03-02 13:27:00,84.34468448422349
2025-03-02 13:28:00,84.33674125331116
2025-03-02 13:29:00,84.32879806071364
2025-03-02 13:30:00,84.32085490635214
2025-03-02 13:31:00,84.31291179012854
2025-03-02 13:32:00,84.30496871204164
2025-03-02 13:33:00,84.29702567203205
2025-03-02 13:34:00,84.28908267009865
2025-03-02 13:35:00,84.28113970610443
2025-03-02 13:36:00,84.27319677471415
2025-03-02 13:37:00,84.26525388655607
2025-03-02 13:38:00,84.25731103617858
2025-03-02 13:39:00,84.24936822361926
2025-03-02 13:40:00,84.24142544881877
2025-03-02 13:41:00,84.23348271167887
2025-03-02 13:42:00,84.22554001219858
2025-03-02 13:43:00,84.21759735029907
2025-03-02 13:44:00,84.20965472592103
2025-03-02 13:45:00,84.20171213906335
2025-03-02 13:46:00,84.19376958964709
2025-03-02 13:47:00,84.18582707229847
2025-03-02 13:48:00,84.17788459758752
2025-03-02 13:49:00,84.1699421602371
2025-03-02 13:50:00,84.16199976009099
2025-03-02 13:51:00,84.15405739716738
2025-03-02 13:52:00,84.1461150713489
2025-03-02 13:53:00,84.13817278265375
2025-03-02 13:54:00,84.13023053104185
2025-03-02 13:55:00,84.12228831639592
2025-03-02 13:56:00,84.11434613875359
2025-03-02 13:57:00,84.10640399795855
2025-03-02 13:58:00,84.09846189402903
2025-03-02 13:59:00,84.0905198216107
2025-03-02 14:00:00,84.08257779123454
2025-03-02 14:01:00,84.07463579758483
2025-03-02 14:02:00,84.0666938406024
2025-03-02 14:03:00,84.05875192020845
2025-03-02 14:04:00,84.05081003638252
2025-03-02 14:05:00,84.04286818902659
2025-03-02 14:06:00,84.03492637817833
2025-03-02 14:07:00,84.026984603759
2025-03-02 14:08:00,84.01904286565126
2025-03-02 14:09:00,84.01110116389279
2025-03-02 14:10:00,84.00315949303219
2025-03-02 14:11:00,83.99521786373624
2025-03-02 14:12:00,83.98727627061173
2025-03-02 14:13:00,83.97933471358003
2025-03-02 14:14:00,83.97139319262067
2025-03-02 14:15:00,83.96345170769388
2025-03-02 14:16:00,83.95551025870142
2025-03-02 14:17:00,83.94756884562301
2025-03-02 14:18:00,83.93962746839941
2025-03-02 14:19:00,83.93168612704875
2025-03-02 14:20:00,83.92374482141513
2025-03-02 14:21:00,83.9158035461829
2025-03-02 14:22:00,83.90786231194107
2025-03-02 14:23:00,83.89992111329666
2025-03-02 14:24:00,83.89197995022923
2025-03-02 14:25:00,83.88403882271808
2025-03-02 14:26:00,83.87609773062687
2025-03-02 14:27:00,83.86815667397371
2025-03-02 14:28:00,83.86021565269938
2025-03-02 14:29:00,83.85227466670585
2025-03-02 14:30:00,83.84433371601163
2025-03-02 14:31:00,83.83639280049924
2025-03-02 14:32:00,83.82845191487283
2025-03-02 14:33:00,83.82051106966287
2025-03-02 14:34:00,83.81257025955414
2025-03-02 14:35:00,83.8046294844099
2025-03-02 14:36:00,83.79668874422906
2025-03-02 14:37:00,83.78874803899134
2025-03-02 14:38:00,83.78080736861806
2025-03-02 14:39:00,83.7728667330694
2025-03-02 14:40:00,83.76492613228629
2025-03-02 14:41:00,83.75698556619012
2025-03-02 14:42:00,83.7490450347799
2025-03-02 14:43:00,83.74110453799639
2025-03-02 14:44:00,83.73316407044705
2025-03-02 14:45:00,83.72522364273959
2025-03-02 14:46:00,83.71728324946217
2025-03-02 14:47:00,83.709342890633
2025-03-02 14:48:00,83.70140256619285
2025-03-02 14:49:00,83.69346227602468
2025-03-02 14:50:00,83.68552202012744
2025-03-02 14:51:00,83.67758179842234
2025-03-02 14:52:00,83.6696416109086
2025-03-02 14:53:00,83.66170145750773
2025-03-02 14:54:00,83.65376133817998
2025-03-02 14:55:00,83.64582124749396
2025-03-02 14:56:00,83.63788119613494
2025-03-02 14:57:00,83.62994117865226
2025-03-02 14:58:00,83.62200119504487
2025-03-02 14:59:00,83.61406124525372
2025-03-02 15:00:00,83.6061213292391
2025-03-02 15:01:00,83.59818144688374
2025-03-02 15:02:00,83.59024159820596
2025-03-02 15:03:00,83.58230178314675
2025-03-02 15:04:00,83.57436200162769
2025-03-02 15:05:00,83.56642225362828
2025-03-02 15:06:00,83.55848253377573
2025-03-02 15:07:00,83.55054285259979
2025-03-02 15:08:00,83.54260320480499
2025-03-02 15:09:00,83.53466359031314
2025-03-02 15:10:00,83.52672400908418
2025-03-02 15:11:00,83.51878446103997
2025-03-02 15:12:00,83.51084494614045
2025-03-02 15:13:00,83.50290546436561
2025-03-02 15:14:00,83.49496601561758
2025-03-02 15:15:00,83.487026599876
2025-03-02 15:16:00,83.47908721710115
2025-03-02 15:17:00,83.47114786184277
2025-03-02 15:18:00,83.4632085447855
2025-03-02 15:19:00,83.45526926055666
2025-03-02 15:20:00,83.44733000901954
2025-03-02 15:21:00,83.43939079017332
2025-03-02 15:22:00,83.43145160401706
2025-03-02 15:23:00,83.4235124504336
2025-03-02 15:24:00,83.4155733293639
2025-03-02 15:25:00,83.40763424078762
2025-03-02 15:26:00,83.3996951846652
2025-03-02 15:27:00,83.3917561609375
2025-03-02 15:28:00,83.38381716952624
2025-03-02 15:29:00,83.37587820507811
2025-03-02 15:30:00,83.3679392782001
2025-03-02 15:31:00,83.36000038351949
2025-03-02 15:32:00,83.35206152095797
2025-03-02 15:33:00,83.34412269045649
2025-03-02 15:34:00,83.33618389195604
2025-03-02 15:35:00,83.328245125514
2025-03-02 15:36:00,83.32030639095488
2025-03-02 15:37:00,83.312367688278
2025-03-02 15:38:00,83.30442901738554
2025-03-02 15:39:00,83.29649037831538
2025-03-02 15:40:00,83.288551765637
2025-03-02 15:41:00,83.2806131899377
2025-03-02 15:42:00,83.27267464586434
2025-03-02 15:43:00,83.26473613335803
2025-03-02 15:44:00,83.2567976523791
2025-03-02 15:45:00,83.24885920284926
2025-03-02 15:46:00,83.24092078474825
2025-03-02 15:47:00,83.23298239799776
2025-03-02 15:48:00,83.2250440425776
2025-03-02 15:49:00,83.21710571839
2025-03-02 15:50:00,83.20916742543412
2025-03-02 15:51:00,83.20122915833774
2025-03-02 15:52:00,83.19329092761042
2025-03-02 15:53:00,83.18535272793805
2025-03-02 15:54:00,83.1774145593585
2025-03-02 15:55:00,83.16947642161915
2025-03-02 15:56:00,83.16153831487404
2025-03-02 15:57:00,83.15360023892879
2025-03-02 15:58:00,83.14566219380185
2025-03-02 15:59:00,83.13772417937628
2025-03-02 16:00:00,83.1297861957092
2025-03-02 16:01:00,83.12184824264506
2025-03-02 16:02:00,83.11391031485036
2025-03-02 16:03:00,83.1059724229507
2025-03-02 16:04:00,83.0980345615159
2025-03-02 16:05:00,83.09009673050643
2025-03-02 16:06:00,83.08215892990209
2025-03-02 16:07:00,83.07422115964407
2025-03-02 16:08:00,83.0662834196345
2025-03-02 16:09:00,83.0583457098729
2025-03-02 16:10:00,83.05040803030022
2025-03-02 16:11:00,83.0424703808576
2025-03-02 16:12:00,83.03453276148616
2025-03-02 16:13:00,83.02659517210759
2025-03-02 16:14:00,83.01865760740819
2025-03-02 16:15:00,83.01072007795504
2025-03-02 16:16:00,83.0027825783764
2025-03-02 16:17:00,82.99484510863266
2025-03-02 16:18:00,82.98690766860682
2025-03-02 16:19:00,82.97897025829818
2025-03-02 16:20:00,82.97103287768668
2025-03-02 16:21:00,82.9630955266746
2025-03-02 16:22:00,82.95515820524194
2025-03-02 16:23:00,82.94722091329106
2025-03-02 16:24:00,82.93928365078247
2025-03-02 16:25:00,82.9313464123638
2025-03-02 16:26:00,82.92340920864092
2025-03-02 16:27:00,82.91547203420309
2025-03-02 16:28:00,82.90753488903036
2025-03-02 16:29:00,82.89959777306395
2025-03-02 16:30:00,82.89166068622559
2025-03-02 16:31:00,82.88372362845642
2025-03-02 16:32:00,82.8757865997365
2025-03-02 16:33:00,82.86784960002628
2025-03-02 16:34:00,82.85991262926696
2025-03-02 16:35:00,82.85197568739973
2025-03-02 16:36:00,82.84403876899493
2025-03-02 16:37:00,82.83610188473563
2025-03-02 16:38:00,82.82816502919195
2025-03-02 16:39:00,82.82022820236334
2025-03-02 16:40:00,82.81229140409405
2025-03-02 16:41:00,82.80435463440288
2025-03-02 16:42:00,82.79641789332791
2025-03-02 16:43:00,82.78848118063594
2025-03-02 16:44:00,82.78054449642316
2025-03-02 16:45:00,82.7726078405147
2025-03-02 16:46:00,82.76467121298727
2025-03-02 16:47:00,82.75673460833377
2025-03-02 16:48:00,82.74879803727599
2025-03-02 16:49:00,82.74086149434547
2025-03-02 16:50:00,82.73292497952214
2025-03-02 16:51:00,82.72498849278607
2025-03-02 16:52:00,82.7170520340398
2025-03-02 16:53:00,82.70911560320512
2025-03-02 16:54:00,82.70117920030093
2025-03-02 16:55:00,82.69324282526836
2025-03-02 16:56:00,82.68530647802935
2025-03-02 16:57:00,82.67737015846704
2025-03-02 16:58:00,82.66943386663887
2025-03-02 16:59:00,82.66149759717374
2025-03-02 17:00:00,82.65356136054098
2025-03-02 17:01:00,82.64562515152438
2025-03-02 17:02:00,82.63768896992963
2025-03-02 17:03:00,82.62975281577546
2025-03-02 17:04:00,82.6218166890421
2025-03-02 17:05:00,82.61388058961234
2025-03-02 17:06:00,82.60594451744717
2025-03-02 17:07:00,82.59800847248778
2025-03-02 17:08:00,82.59007245475303
2025-03-02 17:09:00,82.58213646408727
2025-03-02 17:10:00,82.5742004952164
2025-03-02 17:11:00,82.56626455864827
2025-03-02 17:12:00,82.55832864905065
2025-03-02 17:13:00,82.5503927663842
2025-03-02 17:14:00,82.54245691053217
2025-03-02 17:15:00,82.53452108153267
2025-03-02 17:16:00,82.52658527928838
2025-03-02 17:17:00,82.51864950372118
2025-03-02 17:18:00,82.51071375481125
2025-03-02 17:19:00,82.50277803249979
2025-03-02 17:20:00,82.49484233674768
2025-03-02 17:21:00,82.48690666214523
2025-03-02 17:22:00,82.47897101933572
2025-03-02 17:23:00,82.47103540290959
2025-03-02 17:24:00,82.46309981280822
2025-03-02 17:25:00,82.45516424901156
2025-03-02 17:26:00,82.44722871140297
2025-03-02 17:27:00,82.43929320004015
2025-03-02 17:28:00,82.43135771472868
2025-03-02 17:29:00,82.42342225556506
2025-03-02 17:30:00,82.41548682241316
2025-03-02 17:31:00,82.40755141521437
2025-03-02 17:32:00,82.39961602861726
2025-03-02 17:33:00,82.3916806732457
2025-03-02 17:34:00,82.38374534365136
2025-03-02 17:35:00,82.37581003985323
2025-03-02 17:36:00,82.36787476177324
2025-03-02 17:37:00,82.35993950933344
2025-03-02 17:38:00,82.35200428247538
2025-03-02 17:39:00,82.34406908115969
2025-03-02 17:40:00,82.33613390542472
2025-03-02 17:41:00,82.3281987551151
2025-03-02 17:42:00,82.32026363019145
2025-03-02 17:43:00,82.3123285306147
2025-03-02 17:44:00,82.3043934510144
2025-03-02 17:45:00,82.2964584019557
2025-03-02 17:46:00,82.28852337812636
2025-03-02 17:47:00,82.28058837940965
2025-03-02 17:48:00,82.27265340576635
2025-03-02 17:49:00,82.2647184572155
2025-03-02 17:50:00,82.2567835336016
2025-03-02 17:51:00,82.24884863492434
2025-03-02 17:52:00,82.24091376110565
2025-03-02 17:53:00,82.23297891218398
2025-03-02 17:54:00,82.22504408798454
2025-03-02 17:55:00,82.21710928315632
2025-03-02 17:56:00,82.20917450836139
2025-03-02 17:57:00,82.20123975813249
2025-03-02 17:58:00,82.19330503256607
2025-03-02 17:59:00,82.18537033142925
2025-03-02 18:00:00,82.17743565474106
2025-03-02 18:01:00,82.1695010025205
2025-03-02 18:02:00,82.16156637465085
2025-03-02 18:03:00,82.15363177107375
2025-03-02 18:04:00,82.14569719171128
2025-03-02 18:05:00,82.13776263654364
2025-03-02 18:06:00,82.12982810029763
2025-03-02 18:07:00,82.1218935933637
2025-03-02 18:08:00,82.11395911052668
2025-03-02 18:09:00,82.10602465167
2025-03-02 18:10:00,82.09809021673514
2025-03-02 18:11:00,82.09015580572186
2025-03-02 18:12:00,82.08222141851346
2025-03-02 18:13:00,82.07428705509028
2025-03-02 18:14:00,82.06635271539392
2025-03-02 18:15:00,82.05841839938519
2025-03-02 18:16:00,82.05048410700569
2025-03-02 18:17:00,82.04254983284682
2025-03-02 18:18:00,82.0346155875892
2025-03-02 18:19:00,82.02668136576625
2025-03-02 18:20:00,82.01874716735796
2025-03-02 18:21:00,82.01081299230621
2025-03-02 18:22:00,82.00287884055247
2025-03-02 18:23:00,81.9949447121158
2025-03-02 18:24:00,81.9870106068603
2025-03-02 18:25:00,81.97907652474687
2025-03-02 18:26:00,81.97114246573658
2025-03-02 18:27:00,81.96320842979027
2025-03-02 18:28:00,81.95527441684968
2025-03-02 18:29:00,81.94734042150621
2025-03-02 18:30:00,81.93940645442116
2025-03-02 18:31:00,81.93147251014702
2025-03-02 18:32:00,81.92353858864506
2025-03-02 18:33:00,81.9156046899149
2025-03-02 18:34:00,81.90767081389818
2025-03-02 18:35:00,81.89973696045911
2025-03-02 18:36:00,81.89180312963595
2025-03-02 18:37:00,81.88386932135117
2025-03-02 18:38:00,81.87593553550757
2025-03-02 18:39:00,81.86800177212434
2025-03-02 18:40:00,81.86006802581254
2025-03-02 18:41:00,81.85213430707807
2025-03-02 18:42:00,81.84420061064819
2025-03-02 18:43:00,81.83626693644536
2025-03-02 18:44:00,81.82833328441102
2025-03-02 18:45:00,81.82039965444827
2025-03-02 18:46:00,81.8124660465761
2025-03-02 18:47:00,81.80453246071696
2025-03-02 18:48:00,81.79659889683182
2025-03-02 18:49:00,81.78866535482362
2025-03-02 18:50:00,81.78073183469228
2025-03-02 18:51:00,81.77279833102939
2025-03-02 18:52:00,81.76486485439906
2025-03-02 18:53:00,81.75693139954801
2025-03-02 18:54:00,81.74899796628233
2025-03-02 18:55:00,81.74106455462123
2025-03-02 18:56:00,81.73313116452586
2025-03-02 18:57:00,81.72519779589912
2025-03-02 18:58:00,81.71726444866334
2025-03-02 18:59:00,81.7093311228765
2025-03-02 19:00:00,81.70139781844155
2025-03-02 19:01:00,81.69346453524216
2025-03-02 19:02:00,81.68553126794778
2025-03-02 19:03:00,81.6775980271608
2025-03-02 19:04:00,81.66966480749265
2025-03-02 19:05:00,81.66173160896255
2025-03-02 19:06:00,81.65379843135736
2025-03-02 19:07:00,81.64586527475423
2025-03-02 19:08:00,81.6379321390757
2025-03-02 19:09:00,81.62999902428291
2025-03-02 19:10:00,81.62206593027878
2025-03-02 19:11:00,81.61413285704387
2025-03-02 19:12:00,81.6061998045006
2025-03-02 19:13:00,81.59826677264881
2025-03-02 19:14:00,81.59033375606155
2025-03-02 19:15:00,81.58240076536003
2025-03-02 19:16:00,81.57446779515598
2025-03-02 19:17:00,81.56653484539117
2025-03-02 19:18:00,81.55860191606565
2025-03-02 19:19:00,81.55066900704345
2025-03-02 19:20:00,81.54273611832474
2025-03-02 19:21:00,81.53480324983184
2025-03-02 19:22:00,81.52687040156475
2025-03-02 19:23:00,81.51893757344578
2025-03-02 19:24:00,81.51100476535878
2025-03-02 19:25:00,81.50307197205117
2025-03-02 19:26:00,81.4951392040084
2025-03-02 19:27:00,81.48720645591987
2025-03-02 19:28:00,81.47927372768866
2025-03-02 19:29:00,81.47134101927607
2025-03-02 19:30:00,81.4634083306625
2025-03-02 19:31:00,81.45547566180932
2025-03-02 19:32:00,81.44754301261959
2025-03-02 19:33:00,81.43961038297701
2025-03-02 19:34:00,81.4316777729398
2025-03-02 19:35:00,81.42374518246899
2025-03-02 19:36:00,81.41581260611873
2025-03-02 19:37:00,81.40788005447101
2025-03-02 19:38:00,81.39994752221534
2025-03-02 19:39:00,81.39201500925496
2025-03-02 19:40:00,81.38408251558984
2025-03-02 19:41:00,81.3761500410844
2025-03-02 19:42:00,81.36821758577729
2025-03-02 19:43:00,81.3602851495524
2025-03-02 19:44:00,81.3523527324097
2025-03-02 19:45:00,81.34442033423291
2025-03-02 19:46:00,81.33648795498351
2025-03-02 19:47:00,81.32855558938982
2025-03-02 19:48:00,81.32062324789813
2025-03-02 19:49:00,81.31269092523692
2025-03-02 19:50:00,81.30475862130942
2025-03-02 19:51:00,81.29682633607675
2025-03-02 19:52:00,81.28889406948109
2025-03-02 19:53:00,81.28096182146422
2025-03-02 19:54:00,81.27302959200689
2025-03-02 19:55:00,81.26509738101231
2025-03-02 19:56:00,81.25716518846113
2025-03-02 19:57:00,81.24923301433404
2025-03-02 19:58:00,81.24130085849553
2025-03-02 19:59:00,81.23336871559694
2025-03-02 20:00:00,81.22543659631647
2025-03-02 20:01:00,81.21750449515045
2025-03-02 20:02:00,81.20957241211846
2025-03-02 20:03:00,81.20164034720106
2025-03-02 20:04:00,81.19370830028215
2025-03-02 20:05:00,81.18577627130381
2025-03-02 20:06:00,81.17784426028541
2025-03-02 20:07:00,81.16991226713031
2025-03-02 20:08:00,81.16198029183845
2025-03-02 20:09:00,81.15404833421644
2025-03-02 20:10:00,81.14611638907064
2025-03-02 20:11:00,81.1381844668466
2025-03-02 20:12:00,81.13025256231208
2025-03-02 20:13:00,81.12232067527341
2025-03-02 20:14:00,81.11438880576966
2025-03-02 20:15:00,81.10645695370387
2025-03-02 20:16:00,81.09852511907636
2025-03-02 20:17:00,81.09059330179038
2025-03-02 20:18:00,81.08266150180734
2025-03-02 20:19:00,81.0747297190693
2025-03-02 20:20:00,81.06679795357638
2025-03-02 20:21:00,81.05886619986416
2025-03-02 20:22:00,81.05093446861025
2025-03-02 20:23:00,81.04300275438891
2025-03-02 20:24:00,81.03507105716156
2025-03-02 20:25:00,81.02713937694782
2025-03-02 20:26:00,81.01920771355405
2025-03-02 20:27:00,81.01127606698067
2025-03-02 20:28:00,81.003344437247
2025-03-02 20:29:00,80.99541282427589
2025-03-02 20:30:00,80.98748122799
2025-03-02 20:31:00,80.9795496482927
2025-03-02 20:32:00,80.97161807993278
2025-03-02 20:33:00,80.9636865333941
2025-03-02 20:34:00,80.95575500336697
2025-03-02 20:35:00,80.94782348975514
2025-03-02 20:36:00,80.93989199251989
2025-03-02 20:37:00,80.93196051164215
2025-03-02 20:38:00,80.92402904708337
2025-03-02 20:39:00,80.91609759870829
2025-03-02 20:40:00,80.90816616651708
2025-03-02 20:41:00,80.90023475047123
2025-03-02 20:42:00,80.89230335055169
2025-03-02 20:43:00,80.88437196658441
2025-03-02 20:44:00,80.87644059331838
2025-03-02 20:45:00,80.86850924129494
2025-03-02 20:46:00,80.86057790512776
2025-03-02 20:47:00,80.85264658479765
2025-03-02 20:48:00,80.84471528024677
2025-03-02 20:49:00,80.83678399145607
2025-03-02 20:50:00,80.82885271830958
2025-03-02 20:51:00,80.82092146080761
2025-03-02 20:52:00,80.81299021883422
2025-03-02 20:53:00,80.80505899238973
2025-03-02 20:54:00,80.79712778147447
2025-03-02 20:55:00,80.78919658060525
2025-03-02 20:56:00,80.78126540047816
2025-03-02 20:57:00,80.7733342356294
2025-03-02 20:58:00,80.76540308607868
2025-03-02 20:59:00,80.75747195174885
2025-03-02 21:00:00,80.74954083252406
2025-03-02 21:01:00,80.74160972850142
2025-03-02 21:02:00,80.73367863950696
2025-03-02 21:03:00,80.72574756554107
2025-03-02 21:04:00,80.71781650654597
2025-03-02 21:05:00,80.70988546246389
2025-03-02 21:06:00,80.70195442788932
2025-03-02 21:07:00,80.69402341351821
2025-03-02 21:08:00,80.68609241388683
2025-03-02 21:09:00,80.67816142893756
2025-03-02 21:10:00,80.67023045869004
2025-03-02 21:11:00,80.66229950306733
2025-03-02 21:12:00,80.6543685619727
2025-03-02 21:13:00,80.6464376354068
2025-03-02 21:14:00,80.63850672331188
2025-03-02 21:15:00,80.63057582563
2025-03-02 21:16:00,80.62264494232303
2025-03-02 21:17:00,80.61471406800509
2025-03-02 21:18:00,80.60678321325544
2025-03-02 21:19:00,80.59885237270767
2025-03-02 21:20:00,80.59092154632324
2025-03-02 21:21:00,80.58299073406398
2025-03-02 21:22:00,80.57505993589156
2025-03-02 21:23:00,80.56712915170961
2025-03-02 21:24:00,80.5591983814991
2025-03-02 21:25:00,80.55126762516372
2025-03-02 21:26:00,80.54333688274257
2025-03-02 21:27:00,80.53540615411998
2025-03-02 21:28:00,80.52747543925763
2025-03-02 21:29:00,80.51954473276982
2025-03-02 21:30:00,80.51161404527443
2025-03-02 21:31:00,80.50368337138559
2025-03-02 21:32:00,80.49575271110395
2025-03-02 21:33:00,80.48782206427497
2025-03-02 21:34:00,80.4798914309185
2025-03-02 21:35:00,80.47196081099635
2025-03-02 21:36:00,80.4640302044315
2025-03-02 21:37:00,80.45609961120498
2025-03-02 21:38:00,80.44816903116252
2025-03-02 21:39:00,80.44023846444009
2025-03-02 21:40:00,80.43230790545859
2025-03-02 21:41:00,80.42437736499035
2025-03-02 21:42:00,80.41644683757264
2025-03-02 21:43:00,80.40851632314786
2025-03-02 21:44:00,80.40058582167754
2025-03-02 21:45:00,80.39265533318179
2025-03-02 21:46:00,80.38472485750621
2025-03-02 21:47:00,80.37679439465141
2025-03-02 21:48:00,80.36886394457892
2025-03-02 21:49:00,80.36093350723147
2025-03-02 21:50:00,80.35300308251253
2025-03-02 21:51:00,80.34507266513396
2025-03-02 21:52:00,80.33714226563528
2025-03-02 21:53:00,80.32921187861209
2025-03-02 21:54:00,80.32128150412285
2025-03-02 21:55:00,80.31335114199396
2025-03-02 21:56:00,80.30542079230348
2025-03-02 21:57:00,80.29749045489694
2025-03-02 21:58:00,80.2895601297945
2025-03-02 21:59:00,80.2816298168609
2025-03-02 22:00:00,80.27369951611632
2025-03-02 22:01:00,80.26576922752258
2025-03-02 22:02:00,80.25783894569473
2025-03-02 22:03:00,80.2499086812108
2025-03-02 22:04:00,80.24197842868591
2025-03-02 22:05:00,80.23404818810118
2025-03-02 22:06:00,80.22611795937996
2025-03-02 22:07:00,80.21818774246456
2025-03-02 22:08:00,80.2102575374139
2025-03-02 22:09:00,80.20232734401554
2025-03-02 22:10:00,80.19439716232804
2025-03-02 22:11:00,80.1864669923136
2025-03-02 22:12:00,80.17853683383711
2025-03-02 22:13:00,80.17060668689933
2025-03-02 22:14:00,80.16267654615426
2025-03-02 22:15:00,80.15474642217956
2025-03-02 22:16:00,80.14681630953253
2025-03-02 22:17:00,80.13888620825263
2025-03-02 22:18:00,80.1309561182823
2025-03-02 22:19:00,80.12302603956414
2025-03-02 22:20:00,80.11509597204078
2025-03-02 22:21:00,80.10716591563545
2025-03-02 22:22:00,80.099235870349
2025-03-02 22:23:00,80.09130583608496
2025-03-02 22:24:00,80.08337581284425
2025-03-02 22:25:00,80.07544579524247
2025-03-02 22:26:00,80.06751579387631
2025-03-02 22:27:00,80.05958580328381
2025-03-02 22:28:00,80.0516558235626
2025-03-02 22:29:00,80.04372585459717
2025-03-02 22:30:00,80.03579589633016
2025-03-02 22:31:00,80.02786594872363
2025-03-02 22:32:00,80.01993601170076
2025-03-02 22:33:00,80.01200608528174
2025-03-02 22:34:00,80.00407616938989
2025-03-02 22:35:00,79.99614626394838
2025-03-02 22:36:00,79.98821636357314
2025-03-02 22:37:00,79.98028647891871
2025-03-02 22:38:00,79.97235660456204
2025-03-02 22:39:00,79.96442674048454
2025-03-02 22:40:00,79.95649688664835
2025-03-02 22:41:00,79.94856704299612
2025-03-02 22:42:00,79.9406372094318
2025-03-02 22:43:00,79.93270738599493
2025-03-02 22:44:00,79.9247775725508
2025-03-02 22:45:00,79.91684776911947
2025-03-02 22:46:00,79.90891797564375
2025-03-02 22:47:00,79.90098818666223
2025-03-02 22:48:00,79.8930584129065
2025-03-02 22:49:00,79.88512864893451
2025-03-02 22:50:00,79.877198894689
2025-03-02 22:51:00,79.86926915013213
2025-03-02 22:52:00,79.86133941526472
2025-03-02 22:53:00,79.85340968995195
2025-03-02 22:54:00,79.84547997419486
2025-03-02 22:55:00,79.837550267936
2025-03-02 22:56:00,79.8296205711764
2025-03-02 22:57:00,79.82169088380067
2025-03-02 22:58:00,79.81376120577092
2025-03-02 22:59:00,79.80583153176153
2025-03-02 23:00:00,79.7979018723296
2025-03-02 23:01:00,79.78997222213007
2025-03-02 23:02:00,79.78204258108656
2025-03-02 23:03:00,79.77411294916097
2025-03-02 23:04:00,79.7661833262963
2025-03-02 23:05:00,79.75825371251267
2025-03-02 23:06:00,79.75032410765621
2025-03-02 23:07:00,79.74239451176639
2025-03-02 23:08:00,79.73446492472813
2025-03-02 23:09:00,79.72653534658096
2025-03-02 23:10:00,79.71860577184465
2025-03-02 23:11:00,79.71067621125012
2025-03-02 23:12:00,79.70274665927849
2025-03-02 23:13:00,79.69481711598861
2025-03-02 23:14:00,79.68688758126538
2025-03-02 23:15:00,79.67895805512912
2025-03-02 23:16:00,79.67102853748388
2025-03-02 23:17:00,79.66309902833062
2025-03-02 23:18:00,79.65516952759288
2025-03-02 23:19:00,79.6472400351748
2025-03-02 23:20:00,79.63931055109683
2025-03-02 23:21:00,79.63138106997559
2025-03-02 23:22:00,79.62345160240625
2025-03-02 23:23:00,79.61552214298634
2025-03-02 23:24:00,79.60759269175529
2025-03-02 23:25:00,79.59966324854012
2025-03-02 23:26:00,79.59173381339984
2025-03-02 23:27:00,79.58380438623857
2025-03-02 23:28:00,79.575874967038
2025-03-02 23:29:00,79.56794555570238
2025-03-02 23:30:00,79.56001615223263
2025-03-02 23:31:00,79.55208675659122
2025-03-02 23:32:00,79.54415736337559
2025-03-02 23:33:00,79.53622798318072
2025-03-02 23:34:00,79.52829861064293
2025-03-02 23:35:00,79.52036924570515
2025-03-02 23:36:00,79.51243988834909
2025-03-02 23:37:00,79.50451053855645
2025-03-02 23:38:00,79.49658119621209
2025-03-02 23:39:00,79.48865186129773
2025-03-02 23:40:00,79.48072253373708
2025-03-02 23:41:00,79.47279321355047
2025-03-02 23:42:00,79.46486390066147
2025-03-02 23:43:00,79.45693459499385
2025-03-02 23:44:00,79.44900529126173
2025-03-02 23:45:00,79.4410759999045
2025-03-02 23:46:00,79.43314671573329
2025-03-02 23:47:00,79.42521743861344
2025-03-02 23:48:00,79.41728816848814
2025-03-02 23:49:00,79.409358905339
2025-03-02 23:50:00,79.40142964908988
2025-03-02 23:51:00,79.39350039972238
2025-03-02 23:52:00,79.38557115719898
2025-03-02 23:53:00,79.37764192148207
2025-03-02 23:54:00,79.36971269245667
2025-03-02 23:55:00,79.36178346479844
2025-03-02 23:56:00,79.35385424917874
2025-03-02 23:57:00,79.34592504007978
2025-03-02 23:58:00,79.33799583758002
2025-03-02 23:59:00,79.33006664160332
2025-03-03 00:00:00,79.32213745203458
2025-03-03 00:01:00,79.31420826891376
2025-03-03 00:02:00,79.30627909214515
2025-03-03 00:03:00,79.29834992174939
2025-03-03 00:04:00,79.29042075757273
2025-03-03 00:05:00,79.28249159963582
2025-03-03 00:06:00,79.2745624426145
2025-03-03 00:07:00,79.26663329704427
2025-03-03 00:08:00,79.25870415756248
2025-03-03 00:09:00,79.25077502415095
2025-03-03 00:10:00,79.24284589671417
2025-03-03 00:11:00,79.2349167752145
2025-03-03 00:12:00,79.22698765971133
2025-03-03 00:13:00,79.21905854999295
2025-03-03 00:14:00,79.21112944617664
2025-03-03 00:15:00,79.20320034810888
2025-03-03 00:16:00,79.19527125579097
2025-03-03 00:17:00,79.18734216382151
2025-03-03 00:18:00,79.17941308285201
2025-03-03 00:19:00,79.17148400744247
2025-03-03 00:20:00,79.16355493761345
2025-03-03 00:21:00,79.15562587323083
2025-03-03 00:22:00,79.14769681439262
2025-03-03 00:23:00,79.13976776092595
2025-03-03 00:24:00,79.13183871289007
2025-03-03 00:25:00,79.12390967015074
2025-03-03 00:26:00,79.11598063269001
2025-03-03 00:27:00,79.10805160047042
2025-03-03 00:28:00,79.10012257343521
2025-03-03 00:29:00,79.09219354629951
2025-03-03 00:30:00,79.08426452950158
2025-03-03 00:31:00,79.07633551785321
2025-03-03 00:32:00,79.06840651114284
2025-03-03 00:33:00,79.06047750944923
2025-03-03 00:34:00,79.05254851263828
2025-03-03 00:35:00,79.04461952076927
2025-03-03 00:36:00,79.03669053370821
2025-03-03 00:37:00,79.02876155145636
2025-03-03 00:38:00,79.020832573957
2025-03-03 00:39:00,79.01290360111472
2025-03-03 00:40:00,79.00497462768368
2025-03-03 00:41:00,78.99704566415969
2025-03-03 00:42:00,78.98911670520019
2025-03-03 00:43:00,78.98118775074838
2025-03-03 00:44:00,78.97325880084442
2025-03-03 00:45:00,78.96532985533486
2025-03-03 00:46:00,78.95740091425976
2025-03-03 00:47:00,78.94947197748512
2025-03-03 00:48:00,78.94154304503168
2025-03-03 00:49:00,78.93361411688136
2025-03-03 00:50:00,78.9256851929196
2025-03-03 00:51:00,78.91775626782338
2025-03-03 00:52:00,78.90982735218486
2025-03-03 00:53:00,78.90189844064243
2025-03-03 00:54:00,78.89396953313934
2025-03-03 00:55:00,78.88604062963839
2025-03-03 00:56:00,78.87811173006355
2025-03-03 00:57:00,78.8701828344165
2025-03-03 00:58:00,78.862253942679
2025-03-03 00:59:00,78.85432505473659
2025-03-03 01:00:00,78.84639617059078
2025-03-03 01:01:00,78.83846729018485
2025-03-03 01:02:00,78.83053840811866
2025-03-03 01:03:00,78.8226095351003
2025-03-03 01:04:00,78.81468066563284
2025-03-03 01:05:00,78.80675179973701
2025-03-03 01:06:00,78.79882293739506
2025-03-03 01:07:00,78.79089407851173
2025-03-03 01:08:00,78.78296522306917
2025-03-03 01:09:00,78.77503637097197
2025-03-03 01:10:00,78.76710752231865
2025-03-03 01:11:00,78.75917867691703
2025-03-03 01:12:00,78.75124983478813
2025-03-03 01:13:00,78.74332099587534
2025-03-03 01:14:00,78.73539215481759
2025-03-03 01:15:00,78.72746332222556
2025-03-03 01:16:00,78.71953449273822
2025-03-03 01:17:00,78.71160566629915
2025-03-03 01:18:00,78.70367684283222
2025-03-03 01:19:00,78.69574802237797
2025-03-03 01:20:00,78.6878192048411
2025-03-03 01:21:00,78.67989039010715
2025-03-03 01:22:00,78.67196157829368
2025-03-03 01:23:00,78.6640327692669
2025-03-03 01:24:00,78.65610396295102
2025-03-03 01:25:00,78.64817515404319
2025-03-03 01:26:00,78.64024635311516
2025-03-03 01:27:00,78.63231755480605
2025-03-03 01:28:00,78.62438875909815
2025-03-03 01:29:00,78.61645996593505
2025-03-03 01:30:00,78.60853117522149
2025-03-03 01:31:00,78.60060238695924
2025-03-03 01:32:00,78.59267360120795
2025-03-03 01:33:00,78.58474481775633
2025-03-03 01:34:00,78.57681603662546
2025-03-03 01:35:00,78.5688872577783
2025-03-03 01:36:00,78.56095847589283
2025-03-03 01:37:00,78.55302970148257
2025-03-03 01:38:00,78.5451009292835
2025-03-03 01:39:00,78.5371721591233
2025-03-03 01:40:00,78.52924339110028
2025-03-03 01:41:00,78.52131462508063
2025-03-03 01:42:00,78.51338586110492
2025-03-03 01:43:00,78.50545709903925
2025-03-03 01:44:00,78.49752833886608
2025-03-03 01:45:00,78.48959958058703
2025-03-03 01:46:00,78.48167082410701
2025-03-03 01:47:00,78.47374206412383
2025-03-03 01:48:00,78.46581331118917
2025-03-03 01:49:00,78.4578845599814
2025-03-03 01:50:00,78.44995581036669
2025-03-03 01:51:00,78.44202706242437
2025-03-03 01:52:00,78.43409831603996
2025-03-03 01:53:00,78.42616957121524
2025-03-03 01:54:00,78.41824082783582
2025-03-03 01:55:00,78.41031208596168
2025-03-03 01:56:00,78.40238334545889
2025-03-03 01:57:00,78.39445460632938
2025-03-03 01:58:00,78.38652586853627
2025-03-03 01:59:00,78.37859712671933
2025-03-03 02:00:00,78.37066839148808
2025-03-03 02:01:00,78.36273965744373
2025-03-03 02:02:00,78.35481092453009
2025-03-03 02:03:00,78.34688219276822
2025-03-03 02:04:00,78.33895346208256
2025-03-03 02:05:00,78.3310247324749
2025-03-03 02:06:00,78.32309600381171
2025-03-03 02:07:00,78.3151672761528
2025-03-03 02:08:00,78.3072385494226
2025-03-03 02:09:00,78.2993098235069
2025-03-03 02:10:00,78.29138109318133
2025-03-03 02:11:00,78.28345236895812
2025-03-03 02:12:00,78.27552364541957
2025-03-03 02:13:00,78.26759492270287
2025-03-03 02:14:00,78.2596662006164
2025-03-03 02:15:00,78.25173747918141
2025-03-03 02:16:00,78.2438087583225
2025-03-03 02:17:00,78.23588003804136
2025-03-03 02:18:00,78.22795131828187
2025-03-03 02:19:00,78.22002259894931
2025-03-03 02:20:00,78.2120938801035
2025-03-03 02:21:00,78.20416515628831
2025-03-03 02:22:00,78.19623643817026
2025-03-03 02:23:00,78.18830772039004
2025-03-03 02:24:00,78.18037900285267
2025-03-03 02:25:00,78.17245028557954
2025-03-03 02:26:00,78.16452156849516
2025-03-03 02:27:00,78.15659285158209
2025-03-03 02:28:00,78.1486641347262
2025-03-03 02:29:00,78.14073541798753
2025-03-03 02:30:00,78.13280670130992
2025-03-03 02:31:00,78.12487798459867
2025-03-03 02:32:00,78.11694926253318
2025-03-03 02:33:00,78.10902054566377
2025-03-03 02:34:00,78.10109182874722
2025-03-03 02:35:00,78.09316311163077
2025-03-03 02:36:00,78.08523439433577
2025-03-03 02:37:00,78.07730567674811
2025-03-03 02:38:00,78.06937695892786
2025-03-03 02:39:00,78.0614482407996
2025-03-03 02:40:00,78.05351952228791
2025-03-03 02:41:00,78.04559080339496
2025-03-03 02:42:00,78.03766208402602
2025-03-03 02:43:00,78.02973336424097
2025-03-03 02:44:00,78.02180463858429
2025-03-03 02:45:00,78.01387591772193
2025-03-03 02:46:00,78.00594719625624
2025-03-03 02:47:00,77.99801847415057
2025-03-03 02:48:00,77.9900897513683
2025-03-03 02:49:00,77.98216102791154
2025-03-03 02:50:00,77.97423230368541
2025-03-03 02:51:00,77.96630357865358
2025-03-03 02:52:00,77.95837485285666
2025-03-03 02:53:00,77.9504461261614
2025-03-03 02:54:00,77.9425173985698
2025-03-03 02:55:00,77.93458866468464
2025-03-03 02:56:00,77.92665993522937
2025-03-03 02:57:00,77.91873120467137
2025-03-03 02:58:00,77.91080247312871
2025-03-03 02:59:00,77.90287374042954
2025-03-03 03:00:00,77.8949450065952
2025-03-03 03:01:00,77.88701627164724
2025-03-03 03:02:00,77.87908753547164
2025-03-03 03:03:00,77.87115879803201
2025-03-03 03:04:00,77.86323005934973
2025-03-03 03:05:00,77.855301319311
2025-03-03 03:06:00,77.84737257257659
2025-03-03 03:07:00,77.83944382985051
2025-03-03 03:08:00,77.83151508560033
2025-03-03 03:09:00,77.82358633990553
2025-03-03 03:10:00,77.81565759267158
2025-03-03 03:11:00,77.80772884393947
2025-03-03 03:12:00,77.79980009357581
2025-03-03 03:13:00,77.79187134164096
2025-03-03 03:14:00,77.78394258802106
2025-03-03 03:15:00,77.77601383269884
2025-03-03 03:16:00,77.76808507559929
2025-03-03 03:17:00,77.76015631149976
2025-03-03 03:18:00,77.75222755083279
2025-03-03 03:19:00,77.74429878829841
2025-03-03 03:20:00,77.73637002395701
2025-03-03 03:21:00,77.72844125765579
2025-03-03 03:22:00,77.72051248939727
2025-03-03 03:23:00,77.71258371910623
2025-03-03 03:24:00,77.70465494686232
2025-03-03 03:25:00,77.69672617249373
2025-03-03 03:26:00,77.68879739598341
2025-03-03 03:27:00,77.68086861739167
2025-03-03 03:28:00,77.67293983658534
2025-03-03 03:29:00,77.66501104826479
2025-03-03 03:30:00,77.65708226299762
2025-03-03 03:31:00,77.64915347540672
2025-03-03 03:32:00,77.6412246855331
2025-03-03 03:33:00,77.63329589328235
2025-03-03 03:34:00,77.62536709865681
2025-03-03 03:35:00,77.61743830152342
2025-03-03 03:36:00,77.60950950192324
2025-03-03 03:37:00,77.60158069987783
2025-03-03 03:38:00,77.5936518952543
2025-03-03 03:39:00,77.58572308803555
2025-03-03 03:40:00,77.5777942728643
2025-03-03 03:41:00,77.5698654603848
2025-03-03 03:42:00,77.56193664520124
2025-03-03 03:43:00,77.55400782731593
2025-03-03 03:44:00,77.54607900663456
2025-03-03 03:45:00,77.53815018312068
2025-03-03 03:46:00,77.53022135683489
2025-03-03 03:47:00,77.52229252766342
2025-03-03 03:48:00,77.51436369557014
2025-03-03 03:49:00,77.50643486049923
2025-03-03 03:50:00,77.49850602251134
2025-03-03 03:51:00,77.49057717615248
2025-03-03 03:52:00,77.48264833208628
2025-03-03 03:53:00,77.4747194848782
2025-03-03 03:54:00,77.46679063458866
2025-03-03 03:55:00,77.4588617811622
2025-03-03 03:56:00,77.45093292454308
2025-03-03 03:57:00,77.44300406465653
2025-03-03 03:58:00,77.43507520150496
2025-03-03 03:59:00,77.42714633512954
2025-03-03 04:00:00,77.4192174653201
2025-03-03 04:01:00,77.41128859219498
2025-03-03 04:02:00,77.40335971033954
2025-03-03 04:03:00,77.39543083035858
2025-03-03 04:04:00,77.3875019468956
2025-03-03 04:05:00,77.37957305997222
2025-03-03 04:06:00,77.37164416943634
2025-03-03 04:07:00,77.36371527536785
2025-03-03 04:08:00,77.3557863776338
2025-03-03 04:09:00,77.34785747633344
2025-03-03 04:10:00,77.33992857129533
2025-03-03 04:11:00,77.33199966258003
2025-03-03 04:12:00,77.32407075005463
2025-03-03 04:13:00,77.31614183377977
2025-03-03 04:14:00,77.308212908341
2025-03-03 04:15:00,77.30028398438148
2025-03-03 04:16:00,77.29235505654475
2025-03-03 04:17:00,77.28442612473687
2025-03-03 04:18:00,77.27649718901824
2025-03-03 04:19:00,77.26856824929484
2025-03-03 04:20:00,77.26063930554994
2025-03-03 04:21:00,77.25271035772812
2025-03-03 04:22:00,77.24478140583199
2025-03-03 04:23:00,77.23685244974817
2025-03-03 04:24:00,77.2289234895564
2025-03-03 04:25:00,77.22099451986224
2025-03-03 04:26:00,77.2130655512116
2025-03-03 04:27:00,77.20513657834512
2025-03-03 04:28:00,77.19720760116866
2025-03-03 04:29:00,77.18927861960759
2025-03-03 04:30:00,77.18134963374186
2025-03-03 04:31:00,77.17342064347757
2025-03-03 04:32:00,77.16549164875921
2025-03-03 04:33:00,77.15756264955094
2025-03-03 04:34:00,77.14963364587464
2025-03-03 04:35:00,77.14170463765578
2025-03-03 04:36:00,77.13377561953844
2025-03-03 04:37:00,77.12584660218441
2025-03-03 04:38:00,77.11791758014118
2025-03-03 04:39:00,77.10998855348882
2025-03-03 04:40:00,77.10205952211388
2025-03-03 04:41:00,77.09413048601927
2025-03-03 04:42:00,77.08620144514965
2025-03-03 04:43:00,77.07827239944973
2025-03-03 04:44:00,77.07034334898034
2025-03-03 04:45:00,77.06241429360885
2025-03-03 04:46:00,77.0544852333766
2025-03-03 04:47:00,77.04655616285069
2025-03-03 04:48:00,77.03862709271199
2025-03-03 04:49:00,77.03069801758548
2025-03-03 04:50:00,77.02276893741609
2025-03-03 04:51:00,77.01483985220648
2025-03-03 04:52:00,77.00691076184336
2025-03-03 04:53:00,76.99898166646511
2025-03-03 04:54:00,76.9910525658616
2025-03-03 04:55:00,76.98312346007442
2025-03-03 04:56:00,76.97519434908715
2025-03-03 04:57:00,76.9672652328445
2025-03-03 04:58:00,76.95933611131056
2025-03-03 04:59:00,76.95140697916901
2025-03-03 05:00:00,76.94347784694526
2025-03-03 05:01:00,76.93554870938075
2025-03-03 05:02:00,76.92761956642053
2025-03-03 05:03:00,76.9196904180093
2025-03-03 05:04:00,76.91176126407267
2025-03-03 05:05:00,76.90383210467132
2025-03-03 05:06:00,76.89590293975044
2025-03-03 05:07:00,76.88797376923542
2025-03-03 05:08:00,76.88004459310969
2025-03-03 05:09:00,76.87211541135703
2025-03-03 05:10:00,76.86418621862254
2025-03-03 05:11:00,76.8562570255279
2025-03-03 05:12:00,76.84832782671837
2025-03-03 05:13:00,76.8403986221002
2025-03-03 05:14:00,76.83246941173408
2025-03-03 05:15:00,76.82454019550731
2025-03-03 05:16:00,76.81661097349996
2025-03-03 05:17:00,76.80868174557966
2025-03-03 05:18:00,76.80075251171068
2025-03-03 05:19:00,76.79282327197346
2025-03-03 05:20:00,76.78489402619674
2025-03-03 05:21:00,76.77696476912286
2025-03-03 05:22:00,76.76903551131502
2025-03-03 05:23:00,76.76110624747682
2025-03-03 05:24:00,76.75317697747583
2025-03-03 05:25:00,76.74524770141174
2025-03-03 05:26:00,76.73731841915233
2025-03-03 05:27:00,76.72938913071965
2025-03-03 05:28:00,76.72145983607837
2025-03-03 05:29:00,76.713530535212
2025-03-03 05:30:00,76.70560122798841
2025-03-03 05:31:00,76.69767191450707
2025-03-03 05:32:00,76.6897425893946
2025-03-03 05:33:00,76.68181326319457
2025-03-03 05:34:00,76.67388393061077
2025-03-03 05:35:00,76.66595459156888
2025-03-03 05:36:00,76.65802524609136
2025-03-03 05:37:00,76.65009589412327
2025-03-03 05:38:00,76.64216653564834
2025-03-03 05:39:00,76.63423717059234
2025-03-03 05:40:00,76.62630779897776
2025-03-03 05:41:00,76.61837842076898
2025-03-03 05:42:00,76.61044903589176
2025-03-03 05:43:00,76.60251964438794
2025-03-03 05:44:00,76.59459024086499
2025-03-03 05:45:00,76.58666083588535
2025-03-03 05:46:00,76.57873142419176
2025-03-03 05:47:00,76.57080200569081
2025-03-03 05:48:00,76.56287258042425
2025-03-03 05:49:00,76.55494314829859
2025-03-03 05:50:00,76.5470137092397
2025-03-03 05:51:00,76.539084263386
2025-03-03 05:52:00,76.53115481054735
2025-03-03 05:53:00,76.52322535072702
2025-03-03 05:54:00,76.51529588396686
2025-03-03 05:55:00,76.50736640483595
2025-03-03 05:56:00,76.49943692401217
2025-03-03 05:57:00,76.4915074361036
2025-03-03 05:58:00,76.48357794107466
2025-03-03 05:59:00,76.47564843892853
2025-03-03 06:00:00,76.46771892966846
2025-03-03 06:01:00,76.45978941318172
2025-03-03 06:02:00,76.4518598894716
2025-03-03 06:03:00,76.44393035852195
2025-03-03 06:04:00,76.4360008203167
2025-03-03 06:05:00,76.42807127480111
2025-03-03 06:06:00,76.42014171666068
2025-03-03 06:07:00,76.41221215643763
2025-03-03 06:08:00,76.40428258885609
2025-03-03 06:09:00,76.39635301388068
2025-03-03 06:10:00,76.388423431476
2025-03-03 06:11:00,76.38049384156812
2025-03-03 06:12:00,76.37256424416029
2025-03-03 06:13:00,76.36463463929447
2025-03-03 06:14:00,76.35670502679999
2025-03-03 06:15:00,76.34877540677688
2025-03-03 06:16:00,76.34084577911253
2025-03-03 06:17:00,76.33291613853129
2025-03-03 06:18:00,76.32498649559435
2025-03-03 06:19:00,76.31705684498746
2025-03-03 06:20:00,76.30912718665606
2025-03-03 06:21:00,76.30119752058418
2025-03-03 06:22:00,76.29326784669782
2025-03-03 06:23:00,76.28533816509706
2025-03-03 06:24:00,76.27740847561124
2025-03-03 06:25:00,76.26947877830182
2025-03-03 06:26:00,76.26154907315286
2025-03-03 06:27:00,76.25361936005176
2025-03-03 06:28:00,76.24568963902132
2025-03-03 06:29:00,76.23775990472826
2025-03-03 06:30:00,76.22983016777206
2025-03-03 06:31:00,76.22190042280002
2025-03-03 06:32:00,76.21397066979641
2025-03-03 06:33:00,76.20604090870657
2025-03-03 06:34:00,76.19811113955338
2025-03-03 06:35:00,76.19018136232083
2025-03-03 06:36:00,76.18225157691597
2025-03-03 06:37:00,76.17432178332275
2025-03-03 06:38:00,76.1663919815447
2025-03-03 06:39:00,76.15846217154674
2025-03-03 06:40:00,76.15053234797657
2025-03-03 06:41:00,76.14260252147183
2025-03-03 06:42:00,76.13467268664157
2025-03-03 06:43:00,76.12674284350877
2025-03-03 06:44:00,76.11881299203813
2025-03-03 06:45:00,76.1108831321753
2025-03-03 06:46:00,76.10295326392384
2025-03-03 06:47:00,76.09502338724853
2025-03-03 06:48:00,76.08709350209512
2025-03-03 06:49:00,76.07916360848628
2025-03-03 06:50:00,76.07123370634835
2025-03-03 06:51:00,76.0633037904068
2025-03-03 06:52:00,76.05537387118281
2025-03-03 06:53:00,76.0474439434211
2025-03-03 06:54:00,76.03951400704791
2025-03-03 06:55:00,76.0315840620476
2025-03-03 06:56:00,76.0236541083658
2025-03-03 06:57:00,76.01572414602538
2025-03-03 06:58:00,76.00779417501067
2025-03-03 06:59:00,75.99986419524791
2025-03-03 07:00:00,75.99193420670217
2025-03-03 07:01:00,75.98400420941574
2025-03-03 07:02:00,75.97607419797907
2025-03-03 07:03:00,75.96814418302891
2025-03-03 07:04:00,75.96021415927159
2025-03-03 07:05:00,75.95228412657548
2025-03-03 07:06:00,75.94435408502167
2025-03-03 07:07:00,75.93642403455584
2025-03-03 07:08:00,75.92849397514297
2025-03-03 07:09:00,75.92056390670948
2025-03-03 07:10:00,75.91263382929779
2025-03-03 07:11:00,75.90470374289225
2025-03-03 07:12:00,75.8967736473997
2025-03-03 07:13:00,75.88884354286277
2025-03-03 07:14:00,75.88091342393031
2025-03-03 07:15:00,75.87298330118047
2025-03-03 07:16:00,75.86505316928137
2025-03-03 07:17:00,75.85712302821753
2025-03-03 07:18:00,75.84919287799255
2025-03-03 07:19:00,75.84126271853302
2025-03-03 07:20:00,75.83333254986209
2025-03-03 07:21:00,75.82540237190601
2025-03-03 07:22:00,75.81747218463012
2025-03-03 07:23:00,75.80954198809604
2025-03-03 07:24:00,75.80161178226902
2025-03-03 07:25:00,75.79368156170159
2025-03-03 07:26:00,75.78575133712611
2025-03-03 07:27:00,75.77782110313375
2025-03-03 07:28:00,75.76989085974768
2025-03-03 07:29:00,75.76196060689448
2025-03-03 07:30:00,75.75403034457791
2025-03-03 07:31:00,75.74610007276326
2025-03-03 07:32:00,75.73816979143491
2025-03-03 07:33:00,75.73023950059687
2025-03-03 07:34:00,75.7223092001756
2025-03-03 07:35:00,75.71437889017503
2025-03-03 07:36:00,75.7064485652641
2025-03-03 07:37:00,75.69851823605848
2025-03-03 07:38:00,75.69058789718862
2025-03-03 07:39:00,75.68265754863913
2025-03-03 07:40:00,75.67472719039442
2025-03-03 07:41:00,75.6667968224777
2025-03-03 07:42:00,75.65886644481579
2025-03-03 07:43:00,75.65093605735453
2025-03-03 07:44:00,75.64300566013651
2025-03-03 07:45:00,75.63507525310773
2025-03-03 07:46:00,75.62714483631072
2025-03-03 07:47:00,75.61921440427967
2025-03-03 07:48:00,75.61128396772628
2025-03-03 07:49:00,75.60335352128142
2025-03-03 07:50:00,75.59542306494886
2025-03-03 07:51:00,75.58749259867479
2025-03-03 07:52:00,75.57956212242438
2025-03-03 07:53:00,75.57163163622113
2025-03-03 07:54:00,75.56370114001095
2025-03-03 07:55:00,75.55577063379795
2025-03-03 07:56:00,75.54784011752807
2025-03-03 07:57:00,75.53990959120534
2025-03-03 07:58:00,75.5319790547953
2025-03-03 07:59:00,75.52404850298667
2025-03-03 08:00:00,75.51611794635588
2025-03-03 08:01:00,75.50818737959182
2025-03-03 08:02:00,75.50025680264062
2025-03-03 08:03:00,75.49232621552565
2025-03-03 08:04:00,75.48439561821235
2025-03-03 08:05:00,75.47646501070469
2025-03-03 08:06:00,75.46853439287169
2025-03-03 08:07:00,75.4606037647946
2025-03-03 08:08:00,75.45267312647758
2025-03-03 08:09:00,75.44474247780876
2025-03-03 08:10:00,75.43681181349686
2025-03-03 08:11:00,75.42888114419482
2025-03-03 08:12:00,75.42095046451476
2025-03-03 08:13:00,75.41301977436426
2025-03-03 08:14:00,75.40508907388256
2025-03-03 08:15:00,75.39715836299655
2025-03-03 08:16:00,75.38922764161391
2025-03-03 08:17:00,75.38129690975806
2025-03-03 08:18:00,75.3733661674332
2025-03-03 08:19:00,75.3654354146241
2025-03-03 08:20:00,75.35750465123836
2025-03-03 08:21:00,75.34957387204305
2025-03-03 08:22:00,75.3416430875554
2025-03-03 08:23:00,75.33371229250379
2025-03-03 08:24:00,75.32578148683443
2025-03-03 08:25:00,75.31785067055152
2025-03-03 08:26:00,75.30991984362068
2025-03-03 08:27:00,75.30198900602691
2025-03-03 08:28:00,75.29405815775493
2025-03-03 08:29:00,75.28612729877054
2025-03-03 08:30:00,75.27819642907788
2025-03-03 08:31:00,75.270265548662
2025-03-03 08:32:00,75.26233465215496
2025-03-03 08:33:00,75.25440375020881
2025-03-03 08:34:00,75.24647283743624
2025-03-03 08:35:00,75.2385419138417
2025-03-03 08:36:00,75.23061097948727
2025-03-03 08:37:00,75.22268003424219
2025-03-03 08:38:00,75.2147490781107
2025-03-03 08:39:00,75.20681811109714
2025-03-03 08:40:00,75.19888713322523
2025-03-03 08:41:00,75.19095614438324
2025-03-03 08:42:00,75.18302514459484
2025-03-03 08:43:00,75.17509413384516
2025-03-03 08:44:00,75.16716310686334
2025-03-03 08:45:00,75.15923207412693
2025-03-03 08:46:00,75.151301030423
2025-03-03 08:47:00,75.14336997567867
2025-03-03 08:48:00,75.13543890987899
2025-03-03 08:49:00,75.12750783306699
2025-03-03 08:50:00,75.11957674507323
2025-03-03 08:51:00,75.11164564605669
2025-03-03 08:52:00,75.10371453584784
2025-03-03 08:53:00,75.09578341456708
2025-03-03 08:54:00,75.08785228214155
2025-03-03 08:55:00,75.07992113320424
2025-03-03 08:56:00,75.07198997836726
2025-03-03 08:57:00,75.06405881236037
2025-03-03 08:58:00,75.0561276351105
2025-03-03 08:59:00,75.048196446661
2025-03-03 09:00:00,75.04026524691946
2025-03-03 09:01:00,75.03233403589064
2025-03-03 09:02:00,75.0244028136176
2025-03-03 09:03:00,75.01647158002747
2025-03-03 09:04:00,75.00854033508621
2025-03-03 09:05:00,75.0006090788177
2025-03-03 09:06:00,74.9926778058936
2025-03-03 09:07:00,74.98474652690668
2025-03-03 09:08:00,74.9768152365288
2025-03-03 09:09:00,74.96888393476439
2025-03-03 09:10:00,74.96095262156017
2025-03-03 09:11:00,74.95302129690137
2025-03-03 09:12:00,74.94508996077322
2025-03-03 09:13:00,74.93715861321883
2025-03-03 09:14:00,74.92922725418488
2025-03-03 09:15:00,74.92129588365674
2025-03-03 09:16:00,74.91336450156166
2025-03-03 09:17:00,74.90543310264916
2025-03-03 09:18:00,74.89750169751134
2025-03-03 09:19:00,74.88957028080105
2025-03-03 09:20:00,74.88163885246512
2025-03-03 09:21:00,74.87370741258526
2025-03-03 09:22:00,74.86577596108899
2025-03-03 09:23:00,74.85784449796151
2025-03-03 09:24:00,74.84991302318835
2025-03-03 09:25:00,74.84198153675467
2025-03-03 09:26:00,74.83405003866521
2025-03-03 09:27:00,74.82611852886673
2025-03-03 09:28:00,74.81818700740264
2025-03-03 09:29:00,74.81025546888729
2025-03-03 09:30:00,74.80232392393187
2025-03-03 09:31:00,74.7943923672862
2025-03-03 09:32:00,74.78646079881986
2025-03-03 09:33:00,74.77852921863393
2025-03-03 09:34:00,74.77059762659817
2025-03-03 09:35:00,74.76266602281376
2025-03-03 09:36:00,74.7547344071696
2025-03-03 09:37:00,74.74680277968973
2025-03-03 09:38:00,74.73887114039825
2025-03-03 09:39:00,74.73093948926125
2025-03-03 09:40:00,74.7230078208746
2025-03-03 09:41:00,74.71507614592583
2025-03-03 09:42:00,74.7071444590494
2025-03-03 09:43:00,74.69921276030796
2025-03-03 09:44:00,74.6912810496098
2025-03-03 09:45:00,74.68334932695971
2025-03-03 09:46:00,74.67541759236252
2025-03-03 09:47:00,74.66748584580377
2025-03-03 09:48:00,74.65955408723032
2025-03-03 09:49:00,74.65162231666632
2025-03-03 09:50:00,74.6436905340587
2025-03-03 09:51:00,74.63575873415814
2025-03-03 09:52:00,74.62782692749721
2025-03-03 09:53:00,74.6198951088266
2025-03-03 09:54:00,74.61196327803525
2025-03-03 09:55:00,74.604031435186
2025-03-03 09:56:00,74.59609958028379
2025-03-03 09:57:00,74.5881677131983
2025-03-03 09:58:00,74.58023583403099
2025-03-03 09:59:00,74.57230394270955
2025-03-03 10:00:00,74.56437203931617
2025-03-03 10:01:00,74.5564401236627
2025-03-03 10:02:00,74.54850819059662
2025-03-03 10:03:00,74.54057625061148
2025-03-03 10:04:00,74.53264429845825
2025-03-03 10:05:00,74.52471233408407
2025-03-03 10:06:00,74.51678035751316
2025-03-03 10:07:00,74.5088483686925
2025-03-03 10:08:00,74.5009163676272
2025-03-03 10:09:00,74.49298435432212
2025-03-03 10:10:00,74.48505232870512
2025-03-03 10:11:00,74.47712029083914
2025-03-03 10:12:00,74.46918824067123
2025-03-03 10:13:00,74.46125617824502
2025-03-03 10:14:00,74.45332409809961
2025-03-03 10:15:00,74.44539201099819
2025-03-03 10:16:00,74.43745991153776
2025-03-03 10:17:00,74.42952779974267
2025-03-03 10:18:00,74.42159567554071
2025-03-03 10:19:00,74.41366353897574
2025-03-03 10:20:00,74.4057313900526
2025-03-03 10:21:00,74.39779922873791
2025-03-03 10:22:00,74.3898670550174
2025-03-03 10:23:00,74.38193486883827
2025-03-03 10:24:00,74.374002670225
2025-03-03 10:25:00,74.36607045390991
2025-03-03 10:26:00,74.35813823042419
2025-03-03 10:27:00,74.35020599444243
2025-03-03 10:28:00,74.34227374602767
2025-03-03 10:29:00,74.33434148510779
2025-03-03 10:30:00,74.32640921170727
2025-03-03 10:31:00,74.31847692577341
2025-03-03 10:32:00,74.31054462734994
2025-03-03 10:33:00,74.30261231638409
2025-03-03 10:34:00,74.29467999286182
2025-03-03 10:35:00,74.28674765684615
2025-03-03 10:36:00,74.27881530289625
2025-03-03 10:37:00,74.27088294171656
2025-03-03 10:38:00,74.26295056798179
2025-03-03 10:39:00,74.25501818162007
2025-03-03 10:40:00,74.24708578265599
2025-03-03 10:41:00,74.23915337113334
2025-03-03 10:42:00,74.23122094696083
2025-03-03 10:43:00,74.22328851012442
2025-03-03 10:44:00,74.21535606068733
2025-03-03 10:45:00,74.20742359861626
2025-03-03 10:46:00,74.19949112385834
2025-03-03 10:47:00,74.19155863114713
2025-03-03 10:48:00,74.18362613103182
2025-03-03 10:49:00,74.1756936182458
2025-03-03 10:50:00,74.16776109277477
2025-03-03 10:51:00,74.15982855464375
2025-03-03 10:52:00,74.15189600370343
2025-03-03 10:53:00,74.14396344009428
2025-03-03 10:54:00,74.13603086376375
2025-03-03 10:55:00,74.12809827467852
2025-03-03 10:56:00,74.12016567284411
2025-03-03 10:57:00,74.11223305822705
2025-03-03 10:58:00,74.10430043089087
2025-03-03 10:59:00,74.09636778541464
2025-03-03 11:00:00,74.08843513252103
2025-03-03 11:01:00,74.08050246680843
2025-03-03 11:02:00,74.07256978824381
2025-03-03 11:03:00,74.06463709696759
2025-03-03 11:04:00,74.05670439283082
2025-03-03 11:05:00,74.04877167583895
2025-03-03 11:06:00,74.04083894603595
2025-03-03 11:07:00,74.03290620340796
2025-03-03 11:08:00,74.02497344792198
2025-03-03 11:09:00,74.01704067952538
2025-03-03 11:10:00,74.00910789301024
2025-03-03 11:11:00,74.00117509892492
2025-03-03 11:12:00,73.99324229192598
2025-03-03 11:13:00,73.98530947209643
2025-03-03 11:14:00,73.97737663934512
2025-03-03 11:15:00,73.96944379365836
2025-03-03 11:16:00,73.96151093511877
2025-03-03 11:17:00,73.95357806361608
2025-03-03 11:18:00,73.94564517919446
2025-03-03 11:19:00,73.93771228184012
2025-03-03 11:20:00,73.92977937157795
2025-03-03 11:21:00,73.92184644296876
2025-03-03 11:22:00,73.91391350681104
2025-03-03 11:23:00,73.90598055764642
2025-03-03 11:24:00,73.89804759555756
2025-03-03 11:25:00,73.8901146204343
2025-03-03 11:26:00,73.88218163235948
2025-03-03 11:27:00,73.87424863128076
2025-03-03 11:28:00,73.86631561722308
2025-03-03 11:29:00,73.858382590192
2025-03-03 11:30:00,73.85044955011598
2025-03-03 11:31:00,73.8425164969814
2025-03-03 11:32:00,73.83458342561958
2025-03-03 11:33:00,73.82665034646197
2025-03-03 11:34:00,73.81871725432066
2025-03-03 11:35:00,73.81078414910469
2025-03-03 11:36:00,73.80285103083918
2025-03-03 11:37:00,73.79491789954912
2025-03-03 11:38:00,73.7869847551822
2025-03-03 11:39:00,73.7790515977828
2025-03-03 11:40:00,73.77111842729866
2025-03-03 11:41:00,73.76318524373559
2025-03-03 11:42:00,73.75525204713782
2025-03-03 11:43:00,73.74731883737611
2025-03-03 11:44:00,73.73938560924357
2025-03-03 11:45:00,73.7314523733834
2025-03-03 11:46:00,73.72351912437634
2025-03-03 11:47:00,73.7155858622477
2025-03-03 11:48:00,73.70765258704174
2025-03-03 11:49:00,73.69971929872555
2025-03-03 11:50:00,73.69178599724721
2025-03-03 11:51:00,73.68385268263171
2025-03-03 11:52:00,73.67591935494278
2025-03-03 11:53:00,73.66798601408978
2025-03-03 11:54:00,73.66005266011693
2025-03-03 11:55:00,73.65211928768306
2025-03-03 11:56:00,73.64418590737279
2025-03-03 11:57:00,73.63625251392156
2025-03-03 11:58:00,73.62831910735481
2025-03-03 11:59:00,73.62038568758177
2025-03-03 12:00:00,73.61245225466637
2025-03-03 12:01:00,73.60451880855646
2025-03-03 12:02:00,73.5965853492965
2025-03-03 12:03:00,73.58865187685389
2025-03-03 12:04:00,73.58071839121513
2025-03-03 12:05:00,73.57278489240564
2025-03-03 12:06:00,73.5648513751034
2025-03-03 12:07:00,73.556917849912
2025-03-03 12:08:00,73.54898431150971
2025-03-03 12:09:00,73.54105075988298
2025-03-03 12:10:00,73.53311719509581
2025-03-03 12:11:00,73.52518361709627
2025-03-03 12:12:00,73.51725002587101
2025-03-03 12:13:00,73.50931642142596
2025-03-03 12:14:00,73.50138280378654
2025-03-03 12:15:00,73.49344917288141
2025-03-03 12:16:00,73.48551552879385
2025-03-03 12:17:00,73.47758186614463
2025-03-03 12:18:00,73.46964819557518
2025-03-03 12:19:00,73.4617145117834
2025-03-03 12:20:00,73.45378081477544
2025-03-03 12:21:00,73.44584710449936
2025-03-03 12:22:00,73.43791338098059
2025-03-03 12:23:00,73.42997964424444
2025-03-03 12:24:00,73.42204589423912
2025-03-03 12:25:00,73.41411213099002
2025-03-03 12:26:00,73.40617835448387
2025-03-03 12:27:00,73.3982445647654
2025-03-03 12:28:00,73.39031076172493
2025-03-03 12:29:00,73.38237694015739
2025-03-03 12:30:00,73.37444311058783
2025-03-03 12:31:00,73.36650926781108
2025-03-03 12:32:00,73.35857541175615
2025-03-03 12:33:00,73.35064154244854
2025-03-03 12:34:00,73.34270765985569
2025-03-03 12:35:00,73.33477376400312
2025-03-03 12:36:00,73.32683985487768
2025-03-03 12:37:00,73.31890593248566
2025-03-03 12:38:00,73.31097199679452
2025-03-03 12:39:00,73.30303804784911
2025-03-03 12:40:00,73.2951040802904
2025-03-03 12:41:00,73.2871701047586
2025-03-03 12:42:00,73.27923611601051
2025-03-03 12:43:00,73.27130211397512
2025-03-03 12:44:00,73.26336809860088
2025-03-03 12:45:00,73.255434069971
2025-03-03 12:46:00,73.24750002809189
2025-03-03 12:47:00,73.23956597289266
2025-03-03 12:48:00,73.23163190439887
2025-03-03 12:49:00,73.22369782263607
2025-03-03 12:50:00,73.21576372759125
2025-03-03 12:51:00,73.20782961392506
2025-03-03 12:52:00,73.19989549233513
2025-03-03 12:53:00,73.19196135740498
2025-03-03 12:54:00,73.18402720919869
2025-03-03 12:55:00,73.17609304772272
2025-03-03 12:56:00,73.16815887296409
2025-03-03 12:57:00,73.16022468487121
2025-03-03 12:58:00,73.15229048354692
2025-03-03 12:59:00,73.14435626888192
2025-03-03 13:00:00,73.13642204097897
2025-03-03 13:01:00,73.12848779976726
2025-03-03 13:02:00,73.12055353992726
2025-03-03 13:03:00,73.11261927213661
2025-03-03 13:04:00,73.10468499107576
2025-03-03 13:05:00,73.09675069673177
2025-03-03 13:06:00,73.08881638907265
2025-03-03 13:07:00,73.08088206812381
2025-03-03 13:08:00,73.07294773393059
2025-03-03 13:09:00,73.06501338642211
2025-03-03 13:10:00,73.05707902564343
2025-03-03 13:11:00,73.04914465154324
2025-03-03 13:12:00,73.04121026420508
2025-03-03 13:13:00,73.03327586357757
2025-03-03 13:14:00,73.02534144439946
2025-03-03 13:15:00,73.01740701719353
2025-03-03 13:16:00,73.00947257673707
2025-03-03 13:17:00,73.00153812301741
2025-03-03 13:18:00,72.9936036560216
2025-03-03 13:19:00,72.9856691757563
2025-03-03 13:20:00,72.97773468218939
2025-03-03 13:21:00,72.96980017534696
2025-03-03 13:22:00,72.96186565527378
2025-03-03 13:23:00,72.95393112193803
2025-03-03 13:24:00,72.94599657536563
2025-03-03 13:25:00,72.93806201014137
2025-03-03 13:26:00,72.93012743699973
2025-03-03 13:27:00,72.92219285066031
2025-03-03 13:28:00,72.91425825099499
2025-03-03 13:29:00,72.9063236380874
2025-03-03 13:30:00,72.89838901198273
2025-03-03 13:31:00,72.89045437255272
2025-03-03 13:32:00,72.88251971993893
2025-03-03 13:33:00,72.87458505403235
2025-03-03 13:34:00,72.8666503749553
2025-03-03 13:35:00,72.8587156825988
2025-03-03 13:36:00,72.85078097170245
2025-03-03 13:37:00,72.84284625286497
2025-03-03 13:38:00,72.83491152078741
2025-03-03 13:39:00,72.82697677553426
2025-03-03 13:40:00,72.81904201703523
2025-03-03 13:41:00,72.81110724531621
2025-03-03 13:42:00,72.80317246034545
2025-03-03 13:43:00,72.79523766224533
2025-03-03 13:44:00,72.78730285088766
2025-03-03 13:45:00,72.77936802631774
2025-03-03 13:46:00,72.77143318852313
2025-03-03 13:47:00,72.76349833228238
2025-03-03 13:48:00,72.75556346809717
2025-03-03 13:49:00,72.74762859074622
2025-03-03 13:50:00,72.73969370021695
2025-03-03 13:51:00,72.7317587965162
2025-03-03 13:52:00,72.72382387957373
2025-03-03 13:53:00,72.71588894951199
2025-03-03 13:54:00,72.70795400624142
2025-03-03 13:55:00,72.70001904982674
2025-03-03 13:56:00,72.69208408025555
2025-03-03 13:57:00,72.68414909749609
2025-03-03 13:58:00,72.6762141015938
2025-03-03 13:59:00,72.66827908725061
2025-03-03 14:00:00,72.66034406502567
2025-03-03 14:01:00,72.6524090296978
2025-03-03 14:02:00,72.6444739812548
2025-03-03 14:03:00,72.63653891964559
2025-03-03 14:04:00,72.62860384487723
2025-03-03 14:05:00,72.62066875701447
2025-03-03 14:06:00,72.61273365608352
2025-03-03 14:07:00,72.60479854199491
2025-03-03 14:08:00,72.5968634148135
2025-03-03 14:09:00,72.58892827452702
2025-03-03 14:10:00,72.58099311579907
2025-03-03 14:11:00,72.57305794934251
2025-03-03 14:12:00,72.5651227698018
2025-03-03 14:13:00,72.55718757712611
2025-03-03 14:14:00,72.5492523713996
2025-03-03 14:15:00,72.54131715262929
2025-03-03 14:16:00,72.53338192078348
2025-03-03 14:17:00,72.52544667588877
2025-03-03 14:18:00,72.51751141791352
2025-03-03 14:19:00,72.50957614688411
2025-03-03 14:20:00,72.50164086284616
2025-03-03 14:21:00,72.4937055604639
2025-03-03 14:22:00,72.48577025037223
2025-03-03 14:23:00,72.47783492721629
2025-03-03 14:24:00,72.46989959109929
2025-03-03 14:25:00,72.4619642419515
2025-03-03 14:26:00,72.4540288797992
2025-03-03 14:27:00,72.44609350463026
2025-03-03 14:28:00,72.43815811652897
2025-03-03 14:29:00,72.43022271540605
2025-03-03 14:30:00,72.42228730130722
2025-03-03 14:31:00,72.41435187423977
2025-03-03 14:32:00,72.40641642888735
2025-03-03 14:33:00,72.39848097590398
2025-03-03 14:34:00,72.39054550999279
2025-03-03 14:35:00,72.38261003112217
2025-03-03 14:36:00,72.37467453933826
2025-03-03 14:37:00,72.36673903462875
2025-03-03 14:38:00,72.35880351696241
2025-03-03 14:39:00,72.35086798640434
2025-03-03 14:40:00,72.34293244292324
2025-03-03 14:41:00,72.33499688660339
2025-03-03 14:42:00,72.32706131735577
2025-03-03 14:43:00,72.31912573524549
2025-03-03 14:44:00,72.31119013491838
2025-03-03 14:45:00,72.303254527066
2025-03-03 14:46:00,72.29531890631503
2025-03-03 14:47:00,72.2873832727691
2025-03-03 14:48:00,72.2794476263584
2025-03-03 14:49:00,72.27151196710967
2025-03-03 14:50:00,72.26357629504955
2025-03-03 14:51:00,72.25564061018508
2025-03-03 14:52:00,72.24770491244684
2025-03-03 14:53:00,72.23976920197703
2025-03-03 14:54:00,72.23183347874446
2025-03-03 14:55:00,72.22389773733761
2025-03-03 14:56:00,72.21596198850531
2025-03-03 14:57:00,72.2080262268747
2025-03-03 14:58:00,72.20009045253015
2025-03-03 14:59:00,72.19215466538282
2025-03-03 15:00:00,72.18421886557505
2025-03-03 15:01:00,72.17628305299854
2025-03-03 15:02:00,72.1683472276994
2025-03-03 15:03:00,72.16041138970436
2025-03-03 15:04:00,72.15247553900154
2025-03-03 15:05:00,72.14453967559847
2025-03-03 15:06:00,72.13660379418052
2025-03-03 15:07:00,72.12866790541872
2025-03-03 15:08:00,72.12073200399844
2025-03-03 15:09:00,72.11279608996573
2025-03-03 15:10:00,72.1048601632317
2025-03-03 15:11:00,72.09692422388116
2025-03-03 15:12:00,72.08898827186358
2025-03-03 15:13:00,72.08105230732164
2025-03-03 15:14:00,72.07311633010856
2025-03-03 15:15:00,72.06518034032834
2025-03-03 15:16:00,72.05724433795011
2025-03-03 15:17:00,72.04930831767881
2025-03-03 15:18:00,72.04137229012713
2025-03-03 15:19:00,72.03343625009651
2025-03-03 15:20:00,72.02550019747898
2025-03-03 15:21:00,72.01756413232066
2025-03-03 15:22:00,72.00962805466767
2025-03-03 15:23:00,72.00169196450842
2025-03-03 15:24:00,71.99375586181219
2025-03-03 15:25:00,71.9858197466442
2025-03-03 15:26:00,71.97788361901229
2025-03-03 15:27:00,71.96994747884705
2025-03-03 15:28:00,71.96201132627169
2025-03-03 15:29:00,71.95407515593408
2025-03-03 15:30:00,71.94613897848471
2025-03-03 15:31:00,71.93820278864843
2025-03-03 15:32:00,71.9302665863366
2025-03-03 15:33:00,71.922330371634
2025-03-03 15:34:00,71.91439414456775
2025-03-03 15:35:00,71.9064579051263
2025-03-03 15:36:00,71.89852165327882
2025-03-03 15:37:00,71.89058538909097
2025-03-03 15:38:00,71.88264911258975
2025-03-03 15:39:00,71.87471282372513
2025-03-03 15:40:00,71.8667765172225
2025-03-03 15:41:00,71.85884020375099
2025-03-03 15:42:00,71.85090387797813
2025-03-03 15:43:00,71.84296753991168
2025-03-03 15:44:00,71.83503118961734
2025-03-03 15:45:00,71.82709482702585
2025-03-03 15:46:00,71.81915845218361
2025-03-03 15:47:00,71.81122206509858
2025-03-03 15:48:00,71.80328566585561
2025-03-03 15:49:00,71.79534925436624
2025-03-03 15:50:00,71.78741283067701
2025-03-03 15:51:00,71.77947638947505
2025-03-03 15:52:00,71.77153994144822
2025-03-03 15:53:00,71.763603481226
2025-03-03 15:54:00,71.75566700891257
2025-03-03 15:55:00,71.74773052440028
2025-03-03 15:56:00,71.73979402783205
2025-03-03 15:57:00,71.73185751915796
2025-03-03 15:58:00,71.72392099836674
2025-03-03 15:59:00,71.71598446546635
2025-03-03 16:00:00,71.70804792052259
2025-03-03 16:01:00,71.70011136360131
2025-03-03 16:02:00,71.69217478925529
2025-03-03 16:03:00,71.68423820821025
2025-03-03 16:04:00,71.67630161513475
2025-03-03 16:05:00,71.66836501007518
2025-03-03 16:06:00,71.66042839305898
2025-03-03 16:07:00,71.65249176409415
2025-03-03 16:08:00,71.64455512311167
2025-03-03 16:09:00,71.63661847019681
2025-03-03 16:10:00,71.62868180537679
2025-03-03 16:11:00,71.6207451286405
2025-03-03 16:12:00,71.61280844001527
2025-03-03 16:13:00,71.60487173947077
2025-03-03 16:14:00,71.5969350217722
2025-03-03 16:15:00,71.58899829754827
2025-03-03 16:16:00,71.58106156144875
2025-03-03 16:17:00,71.57312481355869
2025-03-03 16:18:00,71.56518805382868
2025-03-03 16:19:00,71.55725128228596
2025-03-03 16:20:00,71.54931449901588
2025-03-03 16:21:00,71.54137770393028
2025-03-03 16:22:00,71.53344089715291
2025-03-03 16:23:00,71.52550407859573
2025-03-03 16:24:00,71.51756724832472
2025-03-03 16:25:00,71.50963040100935
2025-03-03 16:26:00,71.5016935473547
2025-03-03 16:27:00,71.4937566820109
2025-03-03 16:28:00,71.48581980498636
2025-03-03 16:29:00,71.47788291636616
2025-03-03 16:30:00,71.46994601608175
2025-03-03 16:31:00,71.46200910417983
2025-03-03 16:32:00,71.45407218068802
2025-03-03 16:33:00,71.44613524567234
2025-03-03 16:34:00,71.43819829900632
2025-03-03 16:35:00,71.43026134083318
2025-03-03 16:36:00,71.42232436580348
2025-03-03 16:37:00,71.41438738454467
2025-03-03 16:38:00,71.40645039184224
2025-03-03 16:39:00,71.39851338762764
2025-03-03 16:40:00,71.39057637192823
2025-03-03 16:41:00,71.38263934477185
2025-03-03 16:42:00,71.37470230620542
2025-03-03 16:43:00,71.36676525623726
2025-03-03 16:44:00,71.35882819483732
2025-03-03 16:45:00,71.35089112205252
2025-03-03 16:46:00,71.34295403789137
2025-03-03 16:47:00,71.33501693708187
2025-03-03 16:48:00,71.32707983027021
2025-03-03 16:49:00,71.31914271208832
2025-03-03 16:50:00,71.31120558262161
2025-03-03 16:51:00,71.30326844189788
2025-03-03 16:52:00,71.29533128988699
2025-03-03 16:53:00,71.2873941266553
2025-03-03 16:54:00,71.27945695215358
2025-03-03 16:55:00,71.27151976646736
2025-03-03 16:56:00,71.26358256956662
2025-03-03 16:57:00,71.25564536147922
2025-03-03 16:58:00,71.24770814227142
2025-03-03 16:59:00,71.23977090653716
2025-03-03 17:00:00,71.23183366503739
2025-03-03 17:01:00,71.2238964124237
2025-03-03 17:02:00,71.21595914868539
2025-03-03 17:03:00,71.20802187392736
2025-03-03 17:04:00,71.20008458810064
2025-03-03 17:05:00,71.19214729125198
2025-03-03 17:06:00,71.18420998335183
2025-03-03 17:07:00,71.17627266444731
2025-03-03 17:08:00,71.16833533460473
2025-03-03 17:09:00,71.16039799377505
2025-03-03 17:10:00,71.15246063668741
2025-03-03 17:11:00,71.1445232739672
2025-03-03 17:12:00,71.13658590040146
2025-03-03 17:13:00,71.12864851588334
2025-03-03 17:14:00,71.12071112053715
2025-03-03 17:15:00,71.1127737143137
2025-03-03 17:16:00,71.10483629724104
2025-03-03 17:17:00,71.09689886944349
2025-03-03 17:18:00,71.08896143079497
2025-03-03 17:19:00,71.08102398138124
2025-03-03 17:20:00,71.07308652117256
2025-03-03 17:21:00,71.06514904495643
2025-03-03 17:22:00,71.05721156333831
2025-03-03 17:23:00,71.04927407100948
2025-03-03 17:24:00,71.0413365679978
2025-03-03 17:25:00,71.03339905437001
2025-03-03 17:26:00,71.02546153005792
2025-03-03 17:27:00,71.01752399516657
2025-03-03 17:28:00,71.00958644964695
2025-03-03 17:29:00,71.0016488935467
2025-03-03 17:30:00,70.99371132695153
2025-03-03 17:31:00,70.98577374977404
2025-03-03 17:32:00,70.97783615670596
2025-03-03 17:33:00,70.96989855854466
2025-03-03 17:34:00,70.96196094986627
2025-03-03 17:35:00,70.95402333073747
2025-03-03 17:36:00,70.94608570118652
2025-03-03 17:37:00,70.93814806118375
2025-03-03 17:38:00,70.93021041079588
2025-03-03 17:39:00,70.92227275007039
2025-03-03 17:40:00,70.91433507895853
2025-03-03 17:41:00,70.90639739752696
2025-03-03 17:42:00,70.89845970578472
2025-03-03 17:43:00,70.89052200376008
2025-03-03 17:44:00,70.88258428610666
2025-03-03 17:45:00,70.8746465635442
2025-03-03 17:46:00,70.86670883078416
2025-03-03 17:47:00,70.85877108779704
2025-03-03 17:48:00,70.8508333345919
2025-03-03 17:49:00,70.84289557127406
2025-03-03 17:50:00,70.83495779777544
2025-03-03 17:51:00,70.82702001418235
2025-03-03 17:52:00,70.81908222048455
2025-03-03 17:53:00,70.81114441671033
2025-03-03 17:54:00,70.80320660286888
2025-03-03 17:55:00,70.79526877367222
2025-03-03 17:56:00,70.78733093978124
2025-03-03 17:57:00,70.77939309590835
2025-03-03 17:58:00,70.77145524208169
2025-03-03 17:59:00,70.7635173782912
2025-03-03 18:00:00,70.75557950456532
2025-03-03 18:01:00,70.74764162095174
2025-03-03 18:02:00,70.73970372749817
2025-03-03 18:03:00,70.73176582413674
2025-03-03 18:04:00,70.72382791095373
2025-03-03 18:05:00,70.71588998797759
2025-03-03 18:06:00,70.7079520498245
2025-03-03 18:07:00,70.70001410730902
2025-03-03 18:08:00,70.69207615502822
2025-03-03 18:09:00,70.68413819299121
2025-03-03 18:10:00,70.67620022126512
2025-03-03 18:11:00,70.66826223989764
2025-03-03 18:12:00,70.6603242488789
2025-03-03 18:13:00,70.65238624819887
2025-03-03 18:14:00,70.6444482378862
2025-03-03 18:15:00,70.63651021804638
2025-03-03 18:16:00,70.6285721886503
2025-03-03 18:17:00,70.6206341443916
2025-03-03 18:18:00,70.61269609593026
2025-03-03 18:19:00,70.60475803795993
2025-03-03 18:20:00,70.596819970567
2025-03-03 18:21:00,70.58888189368389
2025-03-03 18:22:00,70.58094380743549
2025-03-03 18:23:00,70.57300571175406
2025-03-03 18:24:00,70.5650676067647
2025-03-03 18:25:00,70.55712949236124
2025-03-03 18:26:00,70.54919136861088
2025-03-03 18:27:00,70.54125323563856
2025-03-03 18:28:00,70.53331509335756
2025-03-03 18:29:00,70.52537693651968
2025-03-03 18:30:00,70.51743877576513
2025-03-03 18:31:00,70.50950060580716
2025-03-03 18:32:00,70.50156242671312
2025-03-03 18:33:00,70.49362423839631
2025-03-03 18:34:00,70.48568604102022
2025-03-03 18:35:00,70.47774783449803
2025-03-03 18:36:00,70.4698096189356
2025-03-03 18:37:00,70.46187139430398
2025-03-03 18:38:00,70.45393316067049
2025-03-03 18:39:00,70.44599491794847
2025-03-03 18:40:00,70.43805666100585
2025-03-03 18:41:00,70.43011840042416
2025-03-03 18:42:00,70.42218013089817
2025-03-03 18:43:00,70.41424185247604
2025-03-03 18:44:00,70.40630356518648
2025-03-03 18:45:00,70.3983652690392
2025-03-03 18:46:00,70.39042696406318
2025-03-03 18:47:00,70.38248865028729
2025-03-03 18:48:00,70.37455032774035
2025-03-03 18:49:00,70.36661199645131
2025-03-03 18:50:00,70.35867365644917
2025-03-03 18:51:00,70.35073530237136
2025-03-03 18:52:00,70.34279694499125
2025-03-03 18:53:00,70.33485857898486
2025-03-03 18:54:00,70.32692020432334
2025-03-03 18:55:00,70.3189818210935
2025-03-03 18:56:00,70.31104342928586
2025-03-03 18:57:00,70.30310502894858
2025-03-03 18:58:00,70.29516662005297
2025-03-03 18:59:00,70.2872282027243
2025-03-03 19:00:00,70.27928977691457
2025-03-03 19:01:00,70.2713513426529
2025-03-03 19:02:00,70.26341289469275
2025-03-03 19:03:00,70.25547444367203
2025-03-03 19:04:00,70.24753598428657
2025-03-03 19:05:00,70.23959751658458
2025-03-03 19:06:00,70.23165904055685
2025-03-03 19:07:00,70.22372055625154
2025-03-03 19:08:00,70.2157820637171
2025-03-03 19:09:00,70.20784356296343
2025-03-03 19:10:00,70.19990505405814
2025-03-03 19:11:00,70.19196653691486
2025-03-03 19:12:00,70.18402801169754
2025-03-03 19:13:00,70.17608947830055
2025-03-03 19:14:00,70.16815093155506
2025-03-03 19:15:00,70.16021238207885
2025-03-03 19:16:00,70.15227382452996
2025-03-03 19:17:00,70.14433525901426
2025-03-03 19:18:00,70.13639668554211
2025-03-03 19:19:00,70.12845810410393
2025-03-03 19:20:00,70.1205195147483
2025-03-03 19:21:00,70.11258091748536
2025-03-03 19:22:00,70.10464231240198
2025-03-03 19:23:00,70.09670369946974
2025-03-03 19:24:00,70.08876507871796
2025-03-03 19:25:00,70.08082644490109
2025-03-03 19:26:00,70.07288780865568
2025-03-03 19:27:00,70.06494916467874
2025-03-03 19:28:00,70.05701051301861
2025-03-03 19:29:00,70.04907185368548
2025-03-03 19:30:00,70.0411331867279
2025-03-03 19:31:00,70.03319451219463
2025-03-03 19:32:00,70.02525583005699
2025-03-03 19:33:00,70.01731714032543
2025-03-03 19:34:00,70.00937844312541
2025-03-03 19:35:00,70.00143973844787
2025-03-03 19:36:00,69.993501020971
2025-03-03 19:37:00,69.9855623014074
2025-03-03 19:38:00,69.97762357443531
2025-03-03 19:39:00,69.96968484004569
2025-03-03 19:40:00,69.96174609836419
2025-03-03 19:41:00,69.95380734936255
2025-03-03 19:42:00,69.94586859305103
2025-03-03 19:43:00,69.9379298294975
2025-03-03 19:44:00,69.92999105873156
2025-03-03 19:45:00,69.92205228076341
2025-03-03 19:46:00,69.91411349564183
2025-03-03 19:47:00,69.90617469806477
2025-03-03 19:48:00,69.89823589868648
2025-03-03 19:49:00,69.89029709222412
2025-03-03 19:50:00,69.88235827872653
2025-03-03 19:51:00,69.87441945820406
2025-03-03 19:52:00,69.86648063070538
2025-03-03 19:53:00,69.85854179626021
2025-03-03 19:54:00,69.8506029548982
2025-03-03 19:55:00,69.84266410661029
2025-03-03 19:56:00,69.83472525150322
2025-03-03 19:57:00,69.82678638954889
2025-03-03 19:58:00,69.81884752079607
2025-03-03 19:59:00,69.810908639905
2025-03-03 20:00:00,69.80296975764443
2025-03-03 20:01:00,69.79503086865523
2025-03-03 20:02:00,69.78709197298632
2025-03-03 20:03:00,69.77915307064819
2025-03-03 20:04:00,69.77121416170895
2025-03-03 20:05:00,69.76327524617915
2025-03-03 20:06:00,69.75533632414614
2025-03-03 20:07:00,69.74739739554356
2025-03-03 20:08:00,69.73945846040118
2025-03-03 20:09:00,69.7315195188641
2025-03-03 20:10:00,69.72358056557368
2025-03-03 20:11:00,69.71564161114432
2025-03-03 20:12:00,69.70770265042887
2025-03-03 20:13:00,69.69976368336094
2025-03-03 20:14:00,69.6918247099704
2025-03-03 20:15:00,69.68388573030626
2025-03-03 20:16:00,69.67594674439843
2025-03-03 20:17:00,69.66800775229595
2025-03-03 20:18:00,69.66006875400946
2025-03-03 20:19:00,69.65212974962654
2025-03-03 20:20:00,69.64419073906161
2025-03-03 20:21:00,69.6362517171105
2025-03-03 20:22:00,69.62831269446362
2025-03-03 20:23:00,69.62037366576314
2025-03-03 20:24:00,69.6124346311156
2025-03-03 20:25:00,69.60449559049339
2025-03-03 20:26:00,69.59655654398416
2025-03-03 20:27:00,69.58861749156011
2025-03-03 20:28:00,69.58067843328969
2025-03-03 20:29:00,69.57273936922219
2025-03-03 20:30:00,69.564800299349
2025-03-03 20:31:00,69.55686122370028
2025-03-03 20:32:00,69.54892213705291
2025-03-03 20:33:00,69.54098305001993
2025-03-03 20:34:00,69.53304395732067
2025-03-03 20:35:00,69.5251048590235
2025-03-03 20:36:00,69.51716575512022
2025-03-03 20:37:00,69.50922664565991
2025-03-03 20:38:00,69.5012875307113
2025-03-03 20:39:00,69.49334841026592
2025-03-03 20:40:00,69.48540928433468
2025-03-03 20:41:00,69.47747015298614
2025-03-03 20:42:00,69.46953101628891
2025-03-03 20:43:00,69.4615918741961
2025-03-03 20:44:00,69.45365272150468
2025-03-03 20:45:00,69.44571356880752
2025-03-03 20:46:00,69.43777441088223
2025-03-03 20:47:00,69.42983524772049
2025-03-03 20:48:00,69.42189607941026
2025-03-03 20:49:00,69.4139569059048
2025-03-03 20:50:00,69.40601772733035
2025-03-03 20:51:00,69.39807854367886
2025-03-03 20:52:00,69.39013935492281
2025-03-03 20:53:00,69.38220016116917
2025-03-03 20:54:00,69.37426096244849
2025-03-03 20:55:00,69.36632175350033
2025-03-03 20:56:00,69.3583825449361
2025-03-03 20:57:00,69.35044333149548
2025-03-03 20:58:00,69.34250411318976
2025-03-03 20:59:00,69.33456489012573
2025-03-03 21:00:00,69.32662566225724
2025-03-03 21:01:00,69.3186864296721
2025-03-03 21:02:00,69.31074719238136
2025-03-03 21:03:00,69.30280795043475
2025-03-03 21:04:00,69.29486870388175
2025-03-03 21:05:00,69.28692945271436
2025-03-03 21:06:00,69.27899019165365
2025-03-03 21:07:00,69.27105093140626
2025-03-03 21:08:00,69.26311166667416
2025-03-03 21:09:00,69.25517239744927
2025-03-03 21:10:00,69.24723312387732
2025-03-03 21:11:00,69.23929384587348
2025-03-03 21:12:00,69.23135456350661
2025-03-03 21:13:00,69.22341527690332
2025-03-03 21:14:00,69.2154759859595
2025-03-03 21:15:00,69.20753669082097
2025-03-03 21:16:00,69.19959739146064
2025-03-03 21:17:00,69.19165808259993
2025-03-03 21:18:00,69.18371877494513
2025-03-03 21:19:00,69.1757794632176
2025-03-03 21:20:00,69.1678401474288
2025-03-03 21:21:00,69.15990082759005
2025-03-03 21:22:00,69.15196150377028
2025-03-03 21:23:00,69.1440221760002
2025-03-03 21:24:00,69.13608284434869
2025-03-03 21:25:00,69.12814350882726
2025-03-03 21:26:00,69.12020416946648
2025-03-03 21:27:00,69.11226482625851
2025-03-03 21:28:00,69.1043254792916
2025-03-03 21:29:00,69.09638612332651
2025-03-03 21:30:00,69.08844676895313
2025-03-03 21:31:00,69.080507410932
2025-03-03 21:32:00,69.0725680492939
2025-03-03 21:33:00,69.06462868408869
2025-03-03 21:34:00,69.0566893153471
2025-03-03 21:35:00,69.04874994308058
2025-03-03 21:36:00,69.04081056735842
2025-03-03 21:37:00,69.03287118821109
2025-03-03 21:38:00,69.02493180561194
2025-03-03 21:39:00,69.01699241974542
2025-03-03 21:40:00,69.00905302518046
2025-03-03 21:41:00,69.00111363269849
2025-03-03 21:42:00,68.99317423696465
2025-03-03 21:43:00,68.98523483802884
2025-03-03 21:44:00,68.9772954358643
2025-03-03 21:45:00,68.96935603063639
2025-03-03 21:46:00,68.96141662229903
2025-03-03 21:47:00,68.95347721090235
2025-03-03 21:48:00,68.94553779651555
2025-03-03 21:49:00,68.93759837915043
2025-03-03 21:50:00,68.92965895883773
2025-03-03 21:51:00,68.92171953030086
2025-03-03 21:52:00,68.91378010426274
2025-03-03 21:53:00,68.90584067533143
2025-03-03 21:54:00,68.89790124367228
2025-03-03 21:55:00,68.88996180923951
2025-03-03 21:56:00,68.8820223721024
2025-03-03 21:57:00,68.8740829323111
2025-03-03 21:58:00,68.86614348989664
2025-03-03 21:59:00,68.8582040448516
2025-03-03 22:00:00,68.85026459726463
2025-03-03 22:01:00,68.84232514718587
2025-03-03 22:02:00,68.83438568937771
2025-03-03 22:03:00,68.82644623435095
2025-03-03 22:04:00,68.81850677698327
2025-03-03 22:05:00,68.81056731724793
2025-03-03 22:06:00,68.80262785519537
2025-03-03 22:07:00,68.79468839087573
2025-03-03 22:08:00,68.78674892430112
2025-03-03 22:09:00,68.77880945552155
2025-03-03 22:10:00,68.7708699846068
2025-03-03 22:11:00,68.76293051158788
2025-03-03 22:12:00,68.75499103643828
2025-03-03 22:13:00,68.74705155930451
2025-03-03 22:14:00,68.73911207483418
2025-03-03 22:15:00,68.73117259369106
2025-03-03 22:16:00,68.7232331106572
2025-03-03 22:17:00,68.71529362578306
2025-03-03 22:18:00,68.70735413902307
2025-03-03 22:19:00,68.6994146504467
2025-03-03 22:20:00,68.69147516018137
2025-03-03 22:21:00,68.68353566812375
2025-03-03 22:22:00,68.67559617443973
2025-03-03 22:23:00,68.66765667910278
2025-03-03 22:24:00,68.65971718218267
2025-03-03 22:25:00,68.6517776783468
2025-03-03 22:26:00,68.64383817839273
2025-03-03 22:27:00,68.63589867691091
2025-03-03 22:28:00,68.62795917395201
2025-03-03 22:29:00,68.62001966966247
2025-03-03 22:30:00,68.61208016403535
2025-03-03 22:31:00,68.60414065704433
2025-03-03 22:32:00,68.59620114881682
2025-03-03 22:33:00,68.5882616393458
2025-03-03 22:34:00,68.58032212872024
2025-03-03 22:35:00,68.57238261689484
2025-03-03 22:36:00,68.56444309871033
2025-03-03 22:37:00,68.55650358473295
2025-03-03 22:38:00,68.54856406972681
2025-03-03 22:39:00,68.54062455378102
2025-03-03 22:40:00,68.53268503688845
2025-03-03 22:41:00,68.52474551909995
2025-03-03 22:42:00,68.51680600042765
2025-03-03 22:43:00,68.50886648094163
2025-03-03 22:44:00,68.50092696073096
2025-03-03 22:45:00,68.4929874397311
2025-03-03 22:46:00,68.48504791810805
2025-03-03 22:47:00,68.47710839047278
2025-03-03 22:48:00,68.46916886756355
2025-03-03 22:49:00,68.46122934412588
2025-03-03 22:50:00,68.45328982013368
2025-03-03 22:51:00,68.44535029567601
2025-03-03 22:52:00,68.43741077080396
2025-03-03 22:53:00,68.42947124549126
2025-03-03 22:54:00,68.42153171984654
2025-03-03 22:55:00,68.41359219392056
2025-03-03 22:56:00,68.40565266772592
2025-03-03 22:57:00,68.39771314127485
2025-03-03 22:58:00,68.38977361465685
2025-03-03 22:59:00,68.38183408261781
2025-03-03 23:00:00,68.37389455579928
2025-03-03 23:01:00,68.36595502890872
2025-03-03 23:02:00,68.3580155020165
2025-03-03 23:03:00,68.35007597515424
2025-03-03 23:04:00,68.34213644835359
2025-03-03 23:05:00,68.33419692176165
2025-03-03 23:06:00,68.32625739527572
2025-03-03 23:07:00,68.3183178690045
2025-03-03 23:08:00,68.3103783429604
2025-03-03 23:09:00,68.30243881725234
2025-03-03 23:10:00,68.2944992865306
2025-03-03 23:11:00,68.28655976157039
2025-03-03 23:12:00,68.27862023696471
2025-03-03 23:13:00,68.27068071284148
2025-03-03 23:14:00,68.26274118923246
2025-03-03 23:15:00,68.25480166622728
2025-03-03 23:16:00,68.24686214381933
2025-03-03 23:17:00,68.23892262202128
2025-03-03 23:18:00,68.23098310096123
2025-03-03 23:19:00,68.2230435805748
2025-03-03 23:20:00,68.21510406100938
2025-03-03 23:21:00,68.20716453691615
2025-03-03 23:22:00,68.19922501903093
2025-03-03 23:23:00,68.19128550206251
2025-03-03 23:24:00,68.18334598606228
2025-03-03 23:25:00,68.17540647102346
2025-03-03 23:26:00,68.16746695705523
2025-03-03 23:27:00,68.1595274441895
2025-03-03 23:28:00,68.15158793241969
2025-03-03 23:29:00,68.14364842185492
2025-03-03 23:30:00,68.13570891252725
2025-03-03 23:31:00,68.12776940444941
2025-03-03 23:32:00,68.11982989234994
2025-03-03 23:33:00,68.11189038698338
2025-03-03 23:34:00,68.10395088298228
2025-03-03 23:35:00,68.09601138041694
2025-03-03 23:36:00,68.088071879358
2025-03-03 23:37:00,68.08013237983768
2025-03-03 23:38:00,68.07219288192651
2025-03-03 23:39:00,68.06425338563744
2025-03-03 23:40:00,68.05631389100266
2025-03-03 23:41:00,68.04837439809286
2025-03-03 23:42:00,68.04043490697835
2025-03-03 23:43:00,68.03249541765321
2025-03-03 23:44:00,68.02455592486587
2025-03-03 23:45:00,68.01661643931209
2025-03-03 23:46:00,68.00867695572113
2025-03-03 23:47:00,68.00073747412526
2025-03-03 23:48:00,67.99279799457602
2025-03-03 23:49:00,67.98485851706717
2025-03-03 23:50:00,67.97691904172703
2025-03-03 23:51:00,67.96897956856886
2025-03-03 23:52:00,67.96104009762477
2025-03-03 23:53:00,67.9531006289849
2025-03-03 23:54:00,67.94516116262395
2025-03-03 23:55:00,67.9372216932909
2025-03-03 23:56:00,67.92928223175761
2025-03-03 23:57:00,67.92134277265794
2025-03-03 23:58:00,67.91340331602429
2025-03-03 23:59:00,67.90546386200427
2025-03-04 00:00:00,67.89752441053427
2025-03-04 00:01:00,67.88958496174277
2025-03-04 00:02:00,67.88164551560459
2025-03-04 00:03:00,67.87370607222901
2025-03-04 00:04:00,67.86576663164843
2025-03-04 00:05:00,67.85782719389547
2025-03-04 00:06:00,67.8498877536813
2025-03-04 00:07:00,67.84194832175773
2025-03-04 00:08:00,67.83400889277841
2025-03-04 00:09:00,67.82606946683357
2025-03-04 00:10:00,67.81813004393643
2025-03-04 00:11:00,67.81019062417722
2025-03-04 00:12:00,67.80225120758844
2025-03-04 00:13:00,67.79431179418351
2025-03-04 00:14:00,67.78637238409105
2025-03-04 00:15:00,67.77843297722848
2025-03-04 00:16:00,67.77049357378196
2025-03-04 00:17:00,67.76255416836747
2025-03-04 00:18:00,67.75461477177417
2025-03-04 00:19:00,67.74667537865656
2025-03-04 00:20:00,67.73873598906646
2025-03-04 00:21:00,67.73079660309405
2025-03-04 00:22:00,67.72285722079125
2025-03-04 00:23:00,67.7149178421333
2025-03-04 00:24:00,67.70697846722956
2025-03-04 00:25:00,67.69903909611287
2025-03-04 00:26:00,67.69109972883504
2025-03-04 00:27:00,67.68316036542896
2025-03-04 00:28:00,67.67522100598488
2025-03-04 00:29:00,67.66728164517708
2025-03-04 00:30:00,67.65934229369796
2025-03-04 00:31:00,67.65140294635603
2025-03-04 00:32:00,67.643463603069
2025-03-04 00:33:00,67.63552426398486
2025-03-04 00:34:00,67.62758492919397
2025-03-04 00:35:00,67.61964559859487
2025-03-04 00:36:00,67.61170627233557
2025-03-04 00:37:00,67.60376695044907
2025-03-04 00:38:00,67.59582763298732
2025-03-04 00:39:00,67.58788832000243
2025-03-04 00:40:00,67.57994900620768
2025-03-04 00:41:00,67.57200970229465
2025-03-04 00:42:00,67.56407040299567
2025-03-04 00:43:00,67.55613110834383
2025-03-04 00:44:00,67.54819181846788
2025-03-04 00:45:00,67.54025253332412
2025-03-04 00:46:00,67.5323132530223
2025-03-04 00:47:00,67.52437397753795
2025-03-04 00:48:00,67.51643470699992
2025-03-04 00:49:00,67.50849544140289
2025-03-04 00:50:00,67.50055618083755
2025-03-04 00:51:00,67.4926169199984
2025-03-04 00:52:00,67.48467766959558
2025-03-04 00:53:00,67.47673842438114
2025-03-04 00:54:00,67.46879918438833
2025-03-04 00:55:00,67.46085994963082
2025-03-04 00:56:00,67.45292072018032
2025-03-04 00:57:00,67.44498149612747
2025-03-04 00:58:00,67.43704227744787
2025-03-04 00:59:00,67.42910306427063
2025-03-04 01:00:00,67.42116385659048
2025-03-04 01:01:00,67.41322465447904
2025-03-04 01:02:00,67.40528545265072
2025-03-04 01:03:00,67.39734626185313
2025-03-04 01:04:00,67.38940707672387
2025-03-04 01:05:00,67.38146789737289
2025-03-04 01:06:00,67.3735287238911
2025-03-04 01:07:00,67.3655895562158
2025-03-04 01:08:00,67.35765039447614
2025-03-04 01:09:00,67.34971123870554
2025-03-04 01:10:00,67.34177208899462
2025-03-04 01:11:00,67.33383294533857
2025-03-04 01:12:00,67.32589380780898
2025-03-04 01:13:00,67.31795467643923
2025-03-04 01:14:00,67.31001554598275
2025-03-04 01:15:00,67.3020764270903
2025-03-04 01:16:00,67.29413731461122
2025-03-04 01:17:00,67.28619820846382
2025-03-04 01:18:00,67.2782591087391
2025-03-04 01:19:00,67.27032001550884
2025-03-04 01:20:00,67.26238092884469
2025-03-04 01:21:00,67.25444184874192
2025-03-04 01:22:00,67.2465027752531
2025-03-04 01:23:00,67.2385637084885
2025-03-04 01:24:00,67.23062464848134
2025-03-04 01:25:00,67.22268558992849
2025-03-04 01:26:00,67.2147465435564
2025-03-04 01:27:00,67.20680750404253
2025-03-04 01:28:00,67.19886847151616
2025-03-04 01:29:00,67.19092944603025
2025-03-04 01:30:00,67.18299042752224
2025-03-04 01:31:00,67.17505141617929
2025-03-04 01:32:00,67.1671124119774
2025-03-04 01:33:00,67.15917341496929
2025-03-04 01:34:00,67.1512344252462
2025-03-04 01:35:00,67.14329544280335
2025-03-04 01:36:00,67.13535646247222
2025-03-04 01:37:00,67.12741749486344
2025-03-04 01:38:00,67.11947853473195
2025-03-04 01:39:00,67.11153958209186
2025-03-04 01:40:00,67.1036006370539
2025-03-04 01:41:00,67.09566169969003
2025-03-04 01:42:00,67.0877227699764
2025-03-04 01:43:00,67.07978384800425
2025-03-04 01:44:00,67.07184493380743
2025-03-04 01:45:00,67.06390602749636
2025-03-04 01:46:00,67.05596712908562
2025-03-04 01:47:00,67.04802823325382
2025-03-04 01:48:00,67.04008935078349
2025-03-04 01:49:00,67.03215047635325
2025-03-04 01:50:00,67.02421161005442
2025-03-04 01:51:00,67.01627275192091
2025-03-04 01:52:00,67.00833390198645
2025-03-04 01:53:00,67.00039506036173
2025-03-04 01:54:00,66.99245622704223
2025-03-04 01:55:00,66.98451740211927
2025-03-04 01:56:00,66.97657858558853
2025-03-04 01:57:00,66.96863977757978
2025-03-04 01:58:00,66.96070097812687
2025-03-04 01:59:00,66.9527621818708
2025-03-04 02:00:00,66.9448233996699
2025-03-04 02:01:00,66.93688462614597
2025-03-04 02:02:00,66.92894586135208
2025-03-04 02:03:00,66.92100710539897
2025-03-04 02:04:00,66.91306835832066
2025-03-04 02:05:00,66.90512962013204
2025-03-04 02:06:00,66.89719089094362
2025-03-04 02:07:00,66.88925217078969
2025-03-04 02:08:00,66.88131345968512
2025-03-04 02:09:00,66.87337475775959
2025-03-04 02:10:00,66.86543605965502
2025-03-04 02:11:00,66.85749737613284
2025-03-04 02:12:00,66.84955870193053
2025-03-04 02:13:00,66.84162003708227
2025-03-04 02:14:00,66.83368138167957
2025-03-04 02:15:00,66.82574273568007
2025-03-04 02:16:00,66.8178040991944
2025-03-04 02:17:00,66.8098654723529
2025-03-04 02:18:00,66.80192685507444
2025-03-04 02:19:00,66.79398824752758
2025-03-04 02:20:00,66.78604964970825
2025-03-04 02:21:00,66.77811105635445
2025-03-04 02:22:00,66.77017247816937
2025-03-04 02:23:00,66.76223390991036
2025-03-04 02:24:00,66.75429535159253
2025-03-04 02:25:00,66.74635680328838
2025-03-04 02:26:00,66.73841826507075
2025-03-04 02:27:00,66.73047973699295
2025-03-04 02:28:00,66.72254121907021
2025-03-04 02:29:00,66.71460271139435
2025-03-04 02:30:00,66.7066642140381
2025-03-04 02:31:00,66.69872572701665
2025-03-04 02:32:00,66.69078724508793
2025-03-04 02:33:00,66.68284877891584
2025-03-04 02:34:00,66.6749103232776
2025-03-04 02:35:00,66.6669718782459
2025-03-04 02:36:00,66.65903344381687
2025-03-04 02:37:00,66.65109502006325
2025-03-04 02:38:00,66.64315660703878
2025-03-04 02:39:00,66.63521820485452
2025-03-04 02:40:00,66.62727981350653
2025-03-04 02:41:00,66.61934143308703
2025-03-04 02:42:00,66.61140306359191
2025-03-04 02:43:00,66.60346470519019
2025-03-04 02:44:00,66.59552635246779
2025-03-04 02:45:00,66.58758801627951
2025-03-04 02:46:00,66.57964969123061
2025-03-04 02:47:00,66.57171137741322
2025-03-04 02:48:00,66.56377307497692
2025-03-04 02:49:00,66.55583478386039
2025-03-04 02:50:00,66.54789650415591
2025-03-04 02:51:00,66.5399582359172
2025-03-04 02:52:00,66.53201997927482
2025-03-04 02:53:00,66.52408173418658
2025-03-04 02:54:00,66.51614350072555
2025-03-04 02:55:00,66.50820527367037
2025-03-04 02:56:00,66.50026706370215
2025-03-04 02:57:00,66.49232886554204
2025-03-04 02:58:00,66.48439067928219
2025-03-04 02:59:00,66.47645250489985
2025-03-04 03:00:00,66.46851434260225
2025-03-04 03:01:00,66.46057619230908
2025-03-04 03:02:00,66.45263805411278
2025-03-04 03:03:00,66.44469992806724
2025-03-04 03:04:00,66.43676181426474
2025-03-04 03:05:00,66.42882371272096
2025-03-04 03:06:00,66.42088561819591
2025-03-04 03:07:00,66.4129475414275
2025-03-04 03:08:00,66.40500947707986
2025-03-04 03:09:00,66.39707142522627
2025-03-04 03:10:00,66.38913338597806
2025-03-04 03:11:00,66.38119535937035
2025-03-04 03:12:00,66.37325734539965
2025-03-04 03:13:00,66.3653193441776
2025-03-04 03:14:00,66.35738135575826
2025-03-04 03:15:00,66.34944338023405
2025-03-04 03:16:00,66.3415054176017
2025-03-04 03:17:00,66.3335674626218
2025-03-04 03:18:00,66.32562952597397
2025-03-04 03:19:00,66.3176916024379
2025-03-04 03:20:00,66.30975369206782
2025-03-04 03:21:00,66.30181579489877
2025-03-04 03:22:00,66.29387791100415
2025-03-04 03:23:00,66.28594004038068
2025-03-04 03:24:00,66.27800218323601
2025-03-04 03:25:00,66.27006433949002
2025-03-04 03:26:00,66.26212650919716
2025-03-04 03:27:00,66.2541886925459
2025-03-04 03:28:00,66.24625088945633
2025-03-04 03:29:00,66.2383130947472
2025-03-04 03:30:00,66.23037531911642
2025-03-04 03:31:00,66.22243755724867
2025-03-04 03:32:00,66.21449980923654
2025-03-04 03:33:00,66.20656207521117
2025-03-04 03:34:00,66.19862435509265
2025-03-04 03:35:00,66.19068664901215
2025-03-04 03:36:00,66.18274895700497
2025-03-04 03:37:00,66.17481127922115
2025-03-04 03:38:00,66.16687361561942
2025-03-04 03:39:00,66.15893596629256
2025-03-04 03:40:00,66.15099832594524
2025-03-04 03:41:00,66.1430607053123
2025-03-04 03:42:00,66.13512309915613
2025-03-04 03:43:00,66.12718550751188
2025-03-04 03:44:00,66.11924793041496
2025-03-04 03:45:00,66.11131036795821
2025-03-04 03:46:00,66.10337282021533
2025-03-04 03:47:00,66.09543528718345
2025-03-04 03:48:00,66.08749776899367
2025-03-04 03:49:00,66.07956026564334
2025-03-04 03:50:00,66.07162277724419
2025-03-04 03:51:00,66.06368529852088
2025-03-04 03:52:00,66.05574784013099
2025-03-04 03:53:00,66.04781039689462
2025-03-04 03:54:00,66.03987296878992
2025-03-04 03:55:00,66.0319355559864
2025-03-04 03:56:00,66.02399815840461
2025-03-04 03:57:00,66.016060776176
2025-03-04 03:58:00,66.00812340939356
2025-03-04 03:59:00,66.00018605807375
2025-03-04 04:00:00,65.9922487223094
2025-03-04 04:01:00,65.984311402098
2025-03-04 04:02:00,65.97637409222213
2025-03-04 04:03:00,65.96843680341496
2025-03-04 04:04:00,65.96049953032511
2025-03-04 04:05:00,65.9525622731606
2025-03-04 04:06:00,65.94462503182297
2025-03-04 04:07:00,65.93668780648194
2025-03-04 04:08:00,65.92875059715419
2025-03-04 04:09:00,65.92081340391367
2025-03-04 04:10:00,65.91287622677686
2025-03-04 04:11:00,65.90493906587534
2025-03-04 04:12:00,65.89700192124491
2025-03-04 04:13:00,65.88906479294046
2025-03-04 04:14:00,65.88112767570703
2025-03-04 04:15:00,65.87319058020027
2025-03-04 04:16:00,65.86525350124182
2025-03-04 04:17:00,65.85731643886746
2025-03-04 04:18:00,65.84937939309397
2025-03-04 04:19:00,65.84144236403364
2025-03-04 04:20:00,65.83350535174164
2025-03-04 04:21:00,65.82556835625384
2025-03-04 04:22:00,65.81763137766355
2025-03-04 04:23:00,65.80969441598751
2025-03-04 04:24:00,65.80175747133828
2025-03-04 04:25:00,65.79382053840418
2025-03-04 04:26:00,65.78588362793563
2025-03-04 04:27:00,65.77794673467837
2025-03-04 04:28:00,65.77000985864922
2025-03-04 04:29:00,65.76207299996076
2025-03-04 04:30:00,65.75413615861073
2025-03-04 04:31:00,65.74619933475012
2025-03-04 04:32:00,65.73826252835737
2025-03-04 04:33:00,65.73032573950691
2025-03-04 04:34:00,65.72238896833056
2025-03-04 04:35:00,65.71445221478778
2025-03-04 04:36:00,65.70651547370161
2025-03-04 04:37:00,65.69857875576422
2025-03-04 04:38:00,65.69064205566451
2025-03-04 04:39:00,65.68270537353428
2025-03-04 04:40:00,65.67476870942903
2025-03-04 04:41:00,65.66683206334642
2025-03-04 04:42:00,65.65889543539933
2025-03-04 04:43:00,65.65095882560486
2025-03-04 04:44:00,65.64302223413314
2025-03-04 04:45:00,65.63508566096307
2025-03-04 04:46:00,65.62714910614991
2025-03-04 04:47:00,65.61921256447911
2025-03-04 04:48:00,65.61127604660369
2025-03-04 04:49:00,65.60333954730889
2025-03-04 04:50:00,65.59540306666938
2025-03-04 04:51:00,65.58746660470229
2025-03-04 04:52:00,65.57953016146314
2025-03-04 04:53:00,65.5715937371414
2025-03-04 04:54:00,65.56365733160109
2025-03-04 04:55:00,65.55572094501275
2025-03-04 04:56:00,65.54778457746994
2025-03-04 04:57:00,65.53984822902842
2025-03-04 04:58:00,65.53191189970536
2025-03-04 04:59:00,65.52397558426777
2025-03-04 05:00:00,65.51603929338683
2025-03-04 05:01:00,65.5081030218677
2025-03-04 05:02:00,65.5001667697469
2025-03-04 05:03:00,65.49223053704179
2025-03-04 05:04:00,65.48429432386536
2025-03-04 05:05:00,65.47635813031165
2025-03-04 05:06:00,65.468421956398
2025-03-04 05:07:00,65.46048580218013
2025-03-04 05:08:00,65.45254966773287
2025-03-04 05:09:00,65.444613553112
2025-03-04 05:10:00,65.43667745312335
2025-03-04 05:11:00,65.42874137839891
2025-03-04 05:12:00,65.42080532376377
2025-03-04 05:13:00,65.41286928912066
2025-03-04 05:14:00,65.40493327471658
2025-03-04 05:15:00,65.39699728055005
2025-03-04 05:16:00,65.3890613066194
2025-03-04 05:17:00,65.3811253530954
2025-03-04 05:18:00,65.37318941993811
2025-03-04 05:19:00,65.36525350733746
2025-03-04 05:20:00,65.35731761525358
2025-03-04 05:21:00,65.34938173843571
2025-03-04 05:22:00,65.34144588764877
2025-03-04 05:23:00,65.33351005760385
2025-03-04 05:24:00,65.3255742483759
2025-03-04 05:25:00,65.31763846002086
2025-03-04 05:26:00,65.30970269255641
2025-03-04 05:27:00,65.30176694619172
2025-03-04 05:28:00,65.2938312208297
2025-03-04 05:29:00,65.2858955166411
2025-03-04 05:30:00,65.27795983358627
2025-03-04 05:31:00,65.27002417185524
2025-03-04 05:32:00,65.26208852614052
2025-03-04 05:33:00,65.25415290711051
2025-03-04 05:34:00,65.2462173095725
2025-03-04 05:35:00,65.23828173354428
2025-03-04 05:36:00,65.23034617908199
2025-03-04 05:37:00,65.22241064629918
2025-03-04 05:38:00,65.21447513527121
2025-03-04 05:39:00,65.20653964599666
2025-03-04 05:40:00,65.19860417858915
2025-03-04 05:41:00,65.19066873312418
2025-03-04 05:42:00,65.18273330960035
2025-03-04 05:43:00,65.17479790816958
2025-03-04 05:44:00,65.16686252352523
2025-03-04 05:45:00,65.15892716637288
2025-03-04 05:46:00,65.15099183146319
2025-03-04 05:47:00,65.1430565188908
2025-03-04 05:48:00,65.13512122873108
2025-03-04 05:49:00,65.1271859609446
2025-03-04 05:50:00,65.11925071570258
2025-03-04 05:51:00,65.11131549306134
2025-03-04 05:52:00,65.10338029307714
2025-03-04 05:53:00,65.09544511576816
2025-03-04 05:54:00,65.08750996124817
2025-03-04 05:55:00,65.07957482426858
2025-03-04 05:56:00,65.07163971551492
2025-03-04 05:57:00,65.06370462973865
2025-03-04 05:58:00,65.05576956701523
2025-03-04 05:59:00,65.04783452740122
2025-03-04 06:00:00,65.03989951095308
2025-03-04 06:01:00,65.03196451776536
2025-03-04 06:02:00,65.0240295478948
2025-03-04 06:03:00,65.01609460137877
2025-03-04 06:04:00,65.00815967835015
2025-03-04 06:05:00,65.0002247788274
2025-03-04 06:06:00,64.99228989752429
2025-03-04 06:07:00,64.98435504522105
2025-03-04 06:08:00,64.9764202165934
2025-03-04 06:09:00,64.96848541183172
2025-03-04 06:10:00,64.96055063083963
2025-03-04 06:11:00,64.95261587375026
2025-03-04 06:12:00,64.94468114069691
2025-03-04 06:13:00,64.93674643169784
2025-03-04 06:14:00,64.92881174680974
2025-03-04 06:15:00,64.92087708605106
2025-03-04 06:16:00,64.91294244955512
2025-03-04 06:17:00,64.90500783211286
2025-03-04 06:18:00,64.89707324435072
2025-03-04 06:19:00,64.88913868104058
2025-03-04 06:20:00,64.88120414225824
2025-03-04 06:21:00,64.87326962804153
2025-03-04 06:22:00,64.86533513854279
2025-03-04 06:23:00,64.85740067370405
2025-03-04 06:24:00,64.84946623365869
2025-03-04 06:25:00,64.84153181848272
2025-03-04 06:26:00,64.83359742829025
2025-03-04 06:27:00,64.82566306306175
2025-03-04 06:28:00,64.81772872287321
2025-03-04 06:29:00,64.80979440251659
2025-03-04 06:30:00,64.80186011267439
2025-03-04 06:31:00,64.79392584811941
2025-03-04 06:32:00,64.78599160887039
2025-03-04 06:33:00,64.77805739504157
2025-03-04 06:34:00,64.77012320667092
2025-03-04 06:35:00,64.76218904387272
2025-03-04 06:36:00,64.7542549066849
2025-03-04 06:37:00,64.7463207951262
2025-03-04 06:38:00,64.73838670934933
2025-03-04 06:39:00,64.73045264941133
2025-03-04 06:40:00,64.72251860999013
2025-03-04 06:41:00,64.71458460186285
2025-03-04 06:42:00,64.70665061974572
2025-03-04 06:43:00,64.6987166637341
2025-03-04 06:44:00,64.69078273386593
2025-03-04 06:45:00,64.68284883021758
2025-03-04 06:46:00,64.6749149528652
2025-03-04 06:47:00,64.6669811019043
2025-03-04 06:48:00,64.65904727739218
2025-03-04 06:49:00,64.65111347930932
2025-03-04 06:50:00,64.64317970784693
2025-03-04 06:51:00,64.63524595772196
2025-03-04 06:52:00,64.6273122395767
2025-03-04 06:53:00,64.61937854824279
2025-03-04 06:54:00,64.6114448837584
2025-03-04 06:55:00,64.6035112461617
2025-03-04 06:56:00,64.59557763558651
2025-03-04 06:57:00,64.58764405207091
2025-03-04 06:58:00,64.57971049563425
2025-03-04 06:59:00,64.57177696642921
2025-03-04 07:00:00,64.56384346447516
2025-03-04 07:01:00,64.55590998984849
2025-03-04 07:02:00,64.54797653732433
2025-03-04 07:03:00,64.54004311754386
2025-03-04 07:04:00,64.5321097253588
2025-03-04 07:05:00,64.52417636078812
2025-03-04 07:06:00,64.51624302387035
2025-03-04 07:07:00,64.50830971470124
2025-03-04 07:08:00,64.50037643337627
2025-03-04 07:09:00,64.49244317989586
2025-03-04 07:10:00,64.48450995441308
2025-03-04 07:11:00,64.47657675694717
2025-03-04 07:12:00,64.4686435876322
2025-03-04 07:13:00,64.46071044641103
2025-03-04 07:14:00,64.45277732813601
2025-03-04 07:15:00,64.44484424346649
2025-03-04 07:16:00,64.4369111872357
2025-03-04 07:17:00,64.42897815944387
2025-03-04 07:18:00,64.42104516012954
2025-03-04 07:19:00,64.41311218942694
2025-03-04 07:20:00,64.40517924741286
2025-03-04 07:21:00,64.39724633408746
2025-03-04 07:22:00,64.38931344956602
2025-03-04 07:23:00,64.38138059392526
2025-03-04 07:24:00,64.3734477672613
2025-03-04 07:25:00,64.36551496423586
2025-03-04 07:26:00,64.35758219567954
2025-03-04 07:27:00,64.34964945623504
2025-03-04 07:28:00,64.3417167460176
2025-03-04 07:29:00,64.33378406514231
2025-03-04 07:30:00,64.32585141355231
2025-03-04 07:31:00,64.31791879147742
2025-03-04 07:32:00,64.30998619884188
2025-03-04 07:33:00,64.30205363581825
2025-03-04 07:34:00,64.2941211024644
2025-03-04 07:35:00,64.28618859879995
2025-03-04 07:36:00,64.27825611962132
2025-03-04 07:37:00,64.27032367564344
2025-03-04 07:38:00,64.26239126158615
2025-03-04 07:39:00,64.25445887752686
2025-03-04 07:40:00,64.24652652354214
2025-03-04 07:41:00,64.23859419967135
2025-03-04 07:42:00,64.2306619061253
2025-03-04 07:43:00,64.22272964278983
2025-03-04 07:44:00,64.21479740979973
2025-03-04 07:45:00,64.20686520728935
2025-03-04 07:46:00,64.19893303529783
2025-03-04 07:47:00,64.1910008884884
2025-03-04 07:48:00,64.18306877770874
2025-03-04 07:49:00,64.17513669764135
2025-03-04 07:50:00,64.16720464832528
2025-03-04 07:51:00,64.15927262991417
2025-03-04 07:52:00,64.15134064244721
2025-03-04 07:53:00,64.14340868592524
2025-03-04 07:54:00,64.13547676052112
2025-03-04 07:55:00,64.12754486631225
2025-03-04 07:56:00,64.11961300326129
2025-03-04 07:57:00,64.11168117150297
2025-03-04 07:58:00,64.10374937111466
2025-03-04 07:59:00,64.0958175968944
2025-03-04 08:00:00,64.08788585944022
2025-03-04 08:01:00,64.07995415360747
2025-03-04 08:02:00,64.07202247941625
2025-03-04 08:03:00,64.06409083692496
2025-03-04 08:04:00,64.05615922628746
2025-03-04 08:05:00,64.04822764748587
2025-03-04 08:06:00,64.04029610063571
2025-03-04 08:07:00,64.03236458575739
2025-03-04 08:08:00,64.02443310304301
2025-03-04 08:09:00,64.01650165241723
2025-03-04 08:10:00,64.00857022871709
2025-03-04 08:11:00,64.00063884269258
2025-03-04 08:12:00,63.992707489008595
2025-03-04 08:13:00,63.98477616776202
2025-03-04 08:14:00,63.97684487906848
2025-03-04 08:15:00,63.96891362296762
2025-03-04 08:16:00,63.96098239949883
2025-03-04 08:17:00,63.95305120879718
2025-03-04 08:18:00,63.94512005092125
2025-03-04 08:19:00,63.937188925891384
2025-03-04 08:20:00,63.92925783386189
2025-03-04 08:21:00,63.92132676955573
2025-03-04 08:22:00,63.913395743607275
2025-03-04 08:23:00,63.90546475091155
2025-03-04 08:24:00,63.89753379139355
2025-03-04 08:25:00,63.88960286524552
2025-03-04 08:26:00,63.8816719724883
2025-03-04 08:27:00,63.87374111321871
2025-03-04 08:28:00,63.86581028745721
2025-03-04 08:29:00,63.85787949532016
2025-03-04 08:30:00,63.84994873688512
2025-03-04 08:31:00,63.84201801224941
2025-03-04 08:32:00,63.834087316060376
2025-03-04 08:33:00,63.826156659142256
2025-03-04 08:34:00,63.8182260361808
2025-03-04 08:35:00,63.810295447311354
2025-03-04 08:36:00,63.802364892592635
2025-03-04 08:37:00,63.794434372007316
2025-03-04 08:38:00,63.78650388572889
2025-03-04 08:39:00,63.778573433797135
2025-03-04 08:40:00,63.77064301634765
2025-03-04 08:41:00,63.76271263332452
2025-03-04 08:42:00,63.754782284882424
2025-03-04 08:43:00,63.746851971137474
2025-03-04 08:44:00,63.73892168675741
2025-03-04 08:45:00,63.730991442469715
2025-03-04 08:46:00,63.72306123309461
2025-03-04 08:47:00,63.715131058653
2025-03-04 08:48:00,63.70720091918496
2025-03-04 08:49:00,63.69927081486408
2025-03-04 08:50:00,63.691340745653974
2025-03-04 08:51:00,63.683410711728555
2025-03-04 08:52:00,63.67548071308949
2025-03-04 08:53:00,63.66755074987243
2025-03-04 08:54:00,63.659620822079276
2025-03-04 08:55:00,63.65169092451198
2025-03-04 08:56:00,63.643761067878046
2025-03-04 08:57:00,63.635831246941116
2025-03-04 08:58:00,63.62790146176059
2025-03-04 08:59:00,63.61997171235747
2025-03-04 09:00:00,63.612041998905575
2025-03-04 09:01:00,63.60411232146427
2025-03-04 09:02:00,63.59618268009299
2025-03-04 09:03:00,63.5882530747746
2025-03-04 09:04:00,63.580323505663756
2025-03-04 09:05:00,63.57239397287733
2025-03-04 09:06:00,63.56446447114173
2025-03-04 09:07:00,63.55653501112505
2025-03-04 09:08:00,63.548605587649135
2025-03-04 09:09:00,63.54067620069712
2025-03-04 09:10:00,63.53274685042389
2025-03-04 09:11:00,63.524817536889
2025-03-04 09:12:00,63.51688826017079
2025-03-04 09:13:00,63.5089590202908
2025-03-04 09:14:00,63.50102981738483
2025-03-04 09:15:00,63.49310065155073
2025-03-04 09:16:00,63.48517152277159
2025-03-04 09:17:00,63.47724242586993
2025-03-04 09:18:00,63.46931337157045
2025-03-04 09:19:00,63.46138435454296
2025-03-04 09:20:00,63.45345537494239
2025-03-04 09:21:00,63.44552643286674
2025-03-04 09:22:00,63.437597528280094
2025-03-04 09:23:00,63.42966866135673
2025-03-04 09:24:00,63.421739832137234
2025-03-04 09:25:00,63.413811040719494
2025-03-04 09:26:00,63.405882287144195
2025-03-04 09:27:00,63.39795357149004
2025-03-04 09:28:00,63.390024893912425
2025-03-04 09:29:00,63.38209624900563
2025-03-04 09:30:00,63.374167647645784
2025-03-04 09:31:00,63.36623908450351
2025-03-04 09:32:00,63.358310559638554
2025-03-04 09:33:00,63.35038207320652
2025-03-04 09:34:00,63.34245362522894
2025-03-04 09:35:00,63.33452521578473
2025-03-04 09:36:00,63.32659684497203
2025-03-04 09:37:00,63.3186685128316
2025-03-04 09:38:00,63.31074021942335
2025-03-04 09:39:00,63.30281196496006
2025-03-04 09:40:00,63.29488374403676
2025-03-04 09:41:00,63.28695556741408
2025-03-04 09:42:00,63.279027429858964
2025-03-04 09:43:00,63.27109933150771
2025-03-04 09:44:00,63.26317127234407
2025-03-04 09:45:00,63.255243252466286
2025-03-04 09:46:00,63.24731527195328
2025-03-04 09:47:00,63.23938733096094
2025-03-04 09:48:00,63.2314594294154
2025-03-04 09:49:00,63.22353156752973
2025-03-04 09:50:00,63.21560374532581
2025-03-04 09:51:00,63.20767595757136
2025-03-04 09:52:00,63.19974821491134
2025-03-04 09:53:00,63.191820512228034
2025-03-04 09:54:00,63.18389284950547
2025-03-04 09:55:00,63.17596522684167
2025-03-04 09:56:00,63.16803764435443
2025-03-04 09:57:00,63.16011010202752
2025-03-04 09:58:00,63.15218260003582
2025-03-04 09:59:00,63.14425513842042
2025-03-04 10:00:00,63.13632771724173
2025-03-04 10:01:00,63.12840033657909
2025-03-04 10:02:00,63.12047299122016
2025-03-04 10:03:00,63.11254569180886
2025-03-04 10:04:00,63.104618433228254
2025-03-04 10:05:00,63.09669121542412
2025-03-04 10:06:00,63.08876403853345
2025-03-04 10:07:00,63.08083690265468
2025-03-04 10:08:00,63.07290980784817
2025-03-04 10:09:00,63.06498275415542
2025-03-04 10:10:00,63.05705574171319
2025-03-04 10:11:00,63.04912877054377
2025-03-04 10:12:00,63.04120184074597
2025-03-04 10:13:00,63.03327495241821
2025-03-04 10:14:00,63.02534810027303
2025-03-04 10:15:00,63.01742129506754
2025-03-04 10:16:00,63.009494531551994
2025-03-04 10:17:00,63.001567809787105
2025-03-04 10:18:00,62.99364112985258
2025-03-04 10:19:00,62.985714491866204
2025-03-04 10:20:00,62.9777878958124
2025-03-04 10:21:00,62.96986134184718
2025-03-04 10:22:00,62.96193483006933
2025-03-04 10:23:00,62.9540083604634
2025-03-04 10:24:00,62.94608193322347
2025-03-04 10:25:00,62.93815554300539
2025-03-04 10:26:00,62.93022920056545
2025-03-04 10:27:00,62.92230290065467
2025-03-04 10:28:00,62.91437664339124
2025-03-04 10:29:00,62.90645042877867
2025-03-04 10:30:00,62.89852425695395
2025-03-04 10:31:00,62.89059812797802
2025-03-04 10:32:00,62.882672041930974
2025-03-04 10:33:00,62.8747459988733
2025-03-04 10:34:00,62.86681999892359
2025-03-04 10:35:00,62.858894042104154
2025-03-04 10:36:00,62.85096812322464
2025-03-04 10:37:00,62.843042253001656
2025-03-04 10:38:00,62.83511642613029
2025-03-04 10:39:00,62.82719064274748
2025-03-04 10:40:00,62.819264902876334
2025-03-04 10:41:00,62.81133920669217
2025-03-04 10:42:00,62.80341355419894
2025-03-04 10:43:00,62.79548794547659
2025-03-04 10:44:00,62.7875623806054
2025-03-04 10:45:00,62.77963685970367
2025-03-04 10:46:00,62.771711382851464
2025-03-04 10:47:00,62.76378594474454
2025-03-04 10:48:00,62.7558605561559
2025-03-04 10:49:00,62.747935211762055
2025-03-04 10:50:00,62.740009911776895
2025-03-04 10:51:00,62.73208465616604
2025-03-04 10:52:00,62.7241594450672
2025-03-04 10:53:00,62.71623427850332
2025-03-04 10:54:00,62.70830915665012
2025-03-04 10:55:00,62.700384079473515
2025-03-04 10:56:00,62.692459047130036
2025-03-04 10:57:00,62.68453405966217
2025-03-04 10:58:00,62.67660911716901
2025-03-04 10:59:00,62.66868421434742
2025-03-04 11:00:00,62.66075936204538
2025-03-04 11:01:00,62.65283455492138
2025-03-04 11:02:00,62.64490979305565
2025-03-04 11:03:00,62.63698507658625
2025-03-04 11:04:00,62.62906040551711
2025-03-04 11:05:00,62.621135779986034
2025-03-04 11:06:00,62.61321120003543
2025-03-04 11:07:00,62.60528666578392
2025-03-04 11:08:00,62.59736217731205
2025-03-04 11:09:00,62.5894377346242
2025-03-04 11:10:00,62.58151333257043
2025-03-04 11:11:00,62.573588981806736
2025-03-04 11:12:00,62.5656646771071
2025-03-04 11:13:00,62.55774041859025
2025-03-04 11:14:00,62.54981620629859
2025-03-04 11:15:00,62.541892040312874
2025-03-04 11:16:00,62.5339679207329
2025-03-04 11:17:00,62.526043847582066
2025-03-04 11:18:00,62.51811982101759
2025-03-04 11:19:00,62.51019584104375
2025-03-04 11:20:00,62.502271907836814
2025-03-04 11:21:00,62.49434801605683
2025-03-04 11:22:00,62.48642417649249
2025-03-04 11:23:00,62.47850038386106
2025-03-04 11:24:00,62.47057663826261
2025-03-04 11:25:00,62.462652939739684
2025-03-04 11:26:00,62.454729288468656
2025-03-04 11:27:00,62.44680568441589
2025-03-04 11:28:00,62.43888212771954
2025-03-04 11:29:00,62.43095861847974
2025-03-04 11:30:00,62.42303515670092
2025-03-04 11:31:00,62.41511174254053
2025-03-04 11:32:00,62.407188370735724
2025-03-04 11:33:00,62.399265051959695
2025-03-04 11:34:00,62.391341781044986
2025-03-04 11:35:00,62.38341855803445
2025-03-04 11:36:00,62.375495383028394
2025-03-04 11:37:00,62.36757225605062
2025-03-04 11:38:00,62.35964917723929
2025-03-04 11:39:00,62.3517261466375
2025-03-04 11:40:00,62.34380316438359
2025-03-04 11:41:00,62.33588023050147
2025-03-04 11:42:00,62.32795734511039
2025-03-04 11:43:00,62.32003450821537
2025-03-04 11:44:00,62.312111714688115
2025-03-04 11:45:00,62.304188975181304
2025-03-04 11:46:00,62.29626628445233
2025-03-04 11:47:00,62.28834364256325
2025-03-04 11:48:00,62.28042104967166
2025-03-04 11:49:00,62.27249850580185
2025-03-04 11:50:00,62.264576011034734
2025-03-04 11:51:00,62.256653565471034
2025-03-04 11:52:00,62.24873116919202
2025-03-04 11:53:00,62.24080882225986
2025-03-04 11:54:00,62.232886524756076
2025-03-04 11:55:00,62.22496427147693
2025-03-04 11:56:00,62.21704207307407
2025-03-04 11:57:00,62.209119924400994
2025-03-04 11:58:00,62.20119782548192
2025-03-04 11:59:00,62.193275776341146
2025-03-04 12:00:00,62.18535377717458
2025-03-04 12:01:00,62.17743182806366
2025-03-04 12:02:00,62.16950992893746
2025-03-04 12:03:00,62.16158808001097
2025-03-04 12:04:00,62.15366628134663
2025-03-04 12:05:00,62.145744532987905
2025-03-04 12:06:00,62.137822829712945
2025-03-04 12:07:00,62.129901182305815
2025-03-04 12:08:00,62.12197958539182
2025-03-04 12:09:00,62.11405803916722
2025-03-04 12:10:00,62.106136543694575
2025-03-04 12:11:00,62.098215099017466
2025-03-04 12:12:00,62.0902937052365
2025-03-04 12:13:00,62.08237236241456
2025-03-04 12:14:00,62.074451070671415
2025-03-04 12:15:00,62.06652983008881
2025-03-04 12:16:00,62.058608640672304
2025-03-04 12:17:00,62.050687497296224
2025-03-04 12:18:00,62.0427664106099
2025-03-04 12:19:00,62.03484537535417
2025-03-04 12:20:00,62.02692439168722
2025-03-04 12:21:00,62.0190034596336
2025-03-04 12:22:00,62.011082579332424
2025-03-04 12:23:00,62.00316175077045
2025-03-04 12:24:00,61.995240974105656
2025-03-04 12:25:00,61.987320249362824
2025-03-04 12:26:00,61.97939957668123
2025-03-04 12:27:00,61.97147895614284
2025-03-04 12:28:00,61.96355838777232
2025-03-04 12:29:00,61.95563786640683
2025-03-04 12:30:00,61.94771740267558
2025-03-04 12:31:00,61.93979699145369
2025-03-04 12:32:00,61.931876632689836
2025-03-04 12:33:00,61.92395632659954
2025-03-04 12:34:00,61.9160360731696
2025-03-04 12:35:00,61.908115872501284
2025-03-04 12:36:00,61.90019572471465
2025-03-04 12:37:00,61.892275629873055
2025-03-04 12:38:00,61.88435558803944
2025-03-04 12:39:00,61.876435599353385
2025-03-04 12:40:00,61.86851565848102
2025-03-04 12:41:00,61.86059577620316
2025-03-04 12:42:00,61.8526759473004
2025-03-04 12:43:00,61.84475617183587
2025-03-04 12:44:00,61.83683644983493
2025-03-04 12:45:00,61.82891678143676
2025-03-04 12:46:00,61.8209971667811
2025-03-04 12:47:00,61.81307760585501
2025-03-04 12:48:00,61.80515809877893
2025-03-04 12:49:00,61.79723864561619
2025-03-04 12:50:00,61.78931924646817
2025-03-04 12:51:00,61.781399896097646
2025-03-04 12:52:00,61.77348060524572
2025-03-04 12:53:00,61.76556136859884
2025-03-04 12:54:00,61.757642186296536
2025-03-04 12:55:00,61.74972305847858
2025-03-04 12:56:00,61.74180398513205
2025-03-04 12:57:00,61.73388496637785
2025-03-04 12:58:00,61.72596600226027
2025-03-04 12:59:00,61.71804709291915
2025-03-04 13:00:00,61.71012823841793
2025-03-04 13:01:00,61.702209438858276
2025-03-04 13:02:00,61.69429068896577
2025-03-04 13:03:00,61.686371999461144
2025-03-04 13:04:00,61.678453365184126
2025-03-04 13:05:00,61.67053478612239
2025-03-04 13:06:00,61.6626162623583
2025-03-04 13:07:00,61.65469779405106
2025-03-04 13:08:00,61.646779381226125
2025-03-04 13:09:00,61.638861023985456
2025-03-04 13:10:00,61.630942722430774
2025-03-04 13:11:00,61.6230244766258
2025-03-04 13:12:00,61.61510628665354
2025-03-04 13:13:00,61.60718815257756
2025-03-04 13:14:00,61.599270069200536
2025-03-04 13:15:00,61.5913520472041
2025-03-04 13:16:00,61.5834340813718
2025-03-04 13:17:00,61.5755161718436
2025-03-04 13:18:00,61.56759831858814
2025-03-04 13:19:00,61.559680521764705
2025-03-04 13:20:00,61.55176278145615
2025-03-04 13:21:00,61.54384509772653
2025-03-04 13:22:00,61.53592747065878
2025-03-04 13:23:00,61.52800990033589
2025-03-04 13:24:00,61.520092386879156
2025-03-04 13:25:00,61.512174924977614
2025-03-04 13:26:00,61.50425752536889
2025-03-04 13:27:00,61.496340182932705
2025-03-04 13:28:00,61.48842289758072
2025-03-04 13:29:00,61.48050566956744
2025-03-04 13:30:00,61.472588498842796
2025-03-04 13:31:00,61.46467138552795
2025-03-04 13:32:00,61.4567543296872
2025-03-04 13:33:00,61.4488373314419
2025-03-04 13:34:00,61.44092039095126
2025-03-04 13:35:00,61.4330035081464
2025-03-04 13:36:00,61.42508667788872
2025-03-04 13:37:00,61.41716991083842
2025-03-04 13:38:00,61.409253201818935
2025-03-04 13:39:00,61.4013365508756
2025-03-04 13:40:00,61.39341995812967
2025-03-04 13:41:00,61.38550342358855
2025-03-04 13:42:00,61.377586947430714
2025-03-04 13:43:00,61.36967052970162
2025-03-04 13:44:00,61.3617541704656
2025-03-04 13:45:00,61.35383786984406
2025-03-04 13:46:00,61.34592162790163
2025-03-04 13:47:00,61.3380054394055
2025-03-04 13:48:00,61.330089315052746
2025-03-04 13:49:00,61.32217324962949
2025-03-04 13:50:00,61.31425724325747
2025-03-04 13:51:00,61.30634129592508
2025-03-04 13:52:00,61.29842540779198
2025-03-04 13:53:00,61.290509578961036
2025-03-04 13:54:00,61.28259380945845
2025-03-04 13:55:00,61.27467809942519
2025-03-04 13:56:00,61.26676244888779
2025-03-04 13:57:00,61.2588468579299
2025-03-04 13:58:00,61.250931326692395
2025-03-04 13:59:00,61.243015849924376
2025-03-04 14:00:00,61.23510043834074
2025-03-04 14:01:00,61.2271850866526
2025-03-04 14:02:00,61.21926979505777
2025-03-04 14:03:00,61.211354563526086
2025-03-04 14:04:00,61.20343939217932
2025-03-04 14:05:00,61.19552428117752
2025-03-04 14:06:00,61.18760923049027
2025-03-04 14:07:00,61.17969424025856
2025-03-04 14:08:00,61.17177931058541
2025-03-04 14:09:00,61.163864441535665
2025-03-04 14:10:00,61.15594962785942
2025-03-04 14:11:00,61.14803488032751
2025-03-04 14:12:00,61.140120193651796
2025-03-04 14:13:00,61.1322055678972
2025-03-04 14:14:00,61.12429100320509
2025-03-04 14:15:00,61.11637649969741
2025-03-04 14:16:00,61.108462057344106
2025-03-04 14:17:00,61.10054767634338
2025-03-04 14:18:00,61.092633356665246
2025-03-04 14:19:00,61.08471909850783
2025-03-04 14:20:00,61.07680490189832
2025-03-04 14:21:00,61.06889076162588
2025-03-04 14:22:00,61.06097668834565
2025-03-04 14:23:00,61.05306267692295
2025-03-04 14:24:00,61.04514872740394
2025-03-04 14:25:00,61.037234839834824
2025-03-04 14:26:00,61.02932101433779
2025-03-04 14:27:00,61.02140725099724
2025-03-04 14:28:00,61.01349354989759
2025-03-04 14:29:00,61.005579911122865
2025-03-04 14:30:00,60.99766633475752
2025-03-04 14:31:00,60.98975282088618
2025-03-04 14:32:00,60.98183936429844
2025-03-04 14:33:00,60.97392597562957
2025-03-04 14:34:00,60.966012649764934
2025-03-04 14:35:00,60.95809938673169
2025-03-04 14:36:00,60.95018618659515
2025-03-04 14:37:00,60.94227304951613
2025-03-04 14:38:00,60.93435997550294
2025-03-04 14:39:00,60.92644696462109
2025-03-04 14:40:00,60.91853401701206
2025-03-04 14:41:00,60.91062113281768
2025-03-04 14:42:00,60.90270831202739
2025-03-04 14:43:00,60.89479555474465
2025-03-04 14:44:00,60.88688285576066
2025-03-04 14:45:00,60.87897022580436
2025-03-04 14:46:00,60.87105765960939
2025-03-04 14:47:00,60.86314515729892
2025-03-04 14:48:00,60.85523271890031
2025-03-04 14:49:00,60.84732034453651
2025-03-04 14:50:00,60.83940803431102
2025-03-04 14:51:00,60.8314957883088
2025-03-04 14:52:00,60.823583606576534
2025-03-04 14:53:00,60.81567148923709
2025-03-04 14:54:00,60.80775943635632
2025-03-04 14:55:00,60.79984744270695
2025-03-04 14:56:00,60.791935519016874
2025-03-04 14:57:00,60.78402366004006
2025-03-04 14:58:00,60.77611186589931
2025-03-04 14:59:00,60.76820013662258
2025-03-04 15:00:00,60.76028847237083
2025-03-04 15:01:00,60.752376873114926
2025-03-04 15:02:00,60.74446533905393
2025-03-04 15:03:00,60.73655387027303
2025-03-04 15:04:00,60.72864246676184
2025-03-04 15:05:00,60.72073112868179
2025-03-04 15:06:00,60.71281985080667
2025-03-04 15:07:00,60.70490864378673
2025-03-04 15:08:00,60.6969975024531
2025-03-04 15:09:00,60.68908642692898
2025-03-04 15:10:00,60.68117541720424
2025-03-04 15:11:00,60.67326447340221
2025-03-04 15:12:00,60.66535359560798
2025-03-04 15:13:00,60.65744278398303
2025-03-04 15:14:00,60.64953203849815
2025-03-04 15:15:00,60.64162135929591
2025-03-04 15:16:00,60.63371074646149
2025-03-04 15:17:00,60.625800194750816
2025-03-04 15:18:00,60.61788971490792
2025-03-04 15:19:00,60.60997930170795
2025-03-04 15:20:00,60.60206895517899
2025-03-04 15:21:00,60.59415867546352
2025-03-04 15:22:00,60.58624846262788
2025-03-04 15:23:00,60.57833831677651
2025-03-04 15:24:00,60.570428237957
2025-03-04 15:25:00,60.562518226292525
2025-03-04 15:26:00,60.554608281868695
2025-03-04 15:27:00,60.54669840475209
2025-03-04 15:28:00,60.53878859500901
2025-03-04 15:29:00,60.53087884749161
2025-03-04 15:30:00,60.522969172866624
2025-03-04 15:31:00,60.51505956590995
2025-03-04 15:32:00,60.50715002666914
2025-03-04 15:33:00,60.49924055526791
2025-03-04 15:34:00,60.49133115179189
2025-03-04 15:35:00,60.483421816364654
2025-03-04 15:36:00,60.47551254901501
2025-03-04 15:37:00,60.467603349866565
2025-03-04 15:38:00,60.45969421896697
2025-03-04 15:39:00,60.45178515644017
2025-03-04 15:40:00,60.44387615702486
2025-03-04 15:41:00,60.43596723153878
2025-03-04 15:42:00,60.42805837458765
2025-03-04 15:43:00,60.420149586390494
2025-03-04 15:44:00,60.41224086701416
2025-03-04 15:45:00,60.404332216468234
2025-03-04 15:46:00,60.39642363489575
2025-03-04 15:47:00,60.38851512238263
2025-03-04 15:48:00,60.38060667905302
2025-03-04 15:49:00,60.372698304935426
2025-03-04 15:50:00,60.36479000013517
2025-03-04 15:51:00,60.35688175944902
2025-03-04 15:52:00,60.348973593560366
2025-03-04 15:53:00,60.34106549724689
2025-03-04 15:54:00,60.33315747063268
2025-03-04 15:55:00,60.32524951374692
2025-03-04 15:56:00,60.3173416266947
2025-03-04 15:57:00,60.309433809619065
2025-03-04 15:58:00,60.30152606253016
2025-03-04 15:59:00,60.29361838555225
2025-03-04 16:00:00,60.2857107787904
2025-03-04 16:01:00,60.27780324233086
2025-03-04 16:02:00,60.2698957708955
2025-03-04 16:03:00,60.261988375242304
2025-03-04 16:04:00,60.254081050150155
2025-03-04 16:05:00,60.24617379562926
2025-03-04 16:06:00,60.23826661188009
2025-03-04 16:07:00,60.230359498988875
2025-03-04 16:08:00,60.22245245690893
2025-03-04 16:09:00,60.214545485859645
2025-03-04 16:10:00,60.20663858592749
2025-03-04 16:11:00,60.19873175708475
2025-03-04 16:12:00,60.19082499951296
2025-03-04 16:13:00,60.182918313279515
2025-03-04 16:14:00,60.175011693145336
2025-03-04 16:15:00,60.167105149867155
2025-03-04 16:16:00,60.159198678167925
2025-03-04 16:17:00,60.151292278191036
2025-03-04 16:18:00,60.14338594994716
2025-03-04 16:19:00,60.135479693579754
2025-03-04 16:20:00,60.127573509194576
2025-03-04 16:21:00,60.119667396840114
2025-03-04 16:22:00,60.11176135660301
2025-03-04 16:23:00,60.10385538860818
2025-03-04 16:24:00,60.095949492904026
2025-03-04 16:25:00,60.08804366425255
2025-03-04 16:26:00,60.0801379134473
2025-03-04 16:27:00,60.072232235192914
2025-03-04 16:28:00,60.06432662959527
2025-03-04 16:29:00,60.05642109674123
2025-03-04 16:30:00,60.048515636717504
2025-03-04 16:31:00,60.040610249611106
2025-03-04 16:32:00,60.03270493556559
2025-03-04 16:33:00,60.02479969459213
2025-03-04 16:34:00,60.01689452679649
2025-03-04 16:35:00,60.008989432284686
2025-03-04 16:36:00,60.00108440585754
2025-03-04 16:37:00,59.99317945817425
2025-03-04 16:38:00,59.985274584073494
2025-03-04 16:39:00,59.977369783528495
2025-03-04 16:40:00,59.96946505672125
2025-03-04 16:41:00,59.961560403738865
2025-03-04 16:42:00,59.95365582468719
2025-03-04 16:43:00,59.945751319596454
2025-03-04 16:44:00,59.93784688855387
2025-03-04 16:45:00,59.929942531703475
2025-03-04 16:46:00,59.92203824911347
2025-03-04 16:47:00,59.91413403554762
2025-03-04 16:48:00,59.906229901721055
2025-03-04 16:49:00,59.89832584239723
2025-03-04 16:50:00,59.890421857701874
2025-03-04 16:51:00,59.882517947721894
2025-03-04 16:52:00,59.87461411244978
2025-03-04 16:53:00,59.866710352105756
2025-03-04 16:54:00,59.85880666670114
2025-03-04 16:55:00,59.85090305641836
2025-03-04 16:56:00,59.84299952121178
2025-03-04 16:57:00,59.83509606122571
2025-03-04 16:58:00,59.82719267658566
2025-03-04 16:59:00,59.819289362056566
2025-03-04 17:00:00,59.811386128313984
2025-03-04 17:01:00,59.80348297016073
2025-03-04 17:02:00,59.795579887665426
2025-03-04 17:03:00,59.7876768809535
2025-03-04 17:04:00,59.779773950093755
2025-03-04 17:05:00,59.77187109519245
2025-03-04 17:06:00,59.7639683162802
2025-03-04 17:07:00,59.756065613501875
2025-03-04 17:08:00,59.7481629869639
2025-03-04 17:09:00,59.74026043669704
2025-03-04 17:10:00,59.732357957524286
2025-03-04 17:11:00,59.724455560138736
2025-03-04 17:12:00,59.71655323926838
2025-03-04 17:13:00,59.70865099511499
2025-03-04 17:14:00,59.70074882769032
2025-03-04 17:15:00,59.69284673708218
2025-03-04 17:16:00,59.68494472337841
2025-03-04 17:17:00,59.67704278674279
2025-03-04 17:18:00,59.669140927187215
2025-03-04 17:19:00,59.66123914481855
2025-03-04 17:20:00,59.65333743974365
2025-03-04 17:21:00,59.64543580674872
2025-03-04 17:22:00,59.63753425644937
2025-03-04 17:23:00,59.62963278376469
2025-03-04 17:24:00,59.621731388725735
2025-03-04 17:25:00,59.61383007136348
2025-03-04 17:26:00,59.60592883186085
2025-03-04 17:27:00,59.59802767024902
2025-03-04 17:28:00,59.59012658661611
2025-03-04 17:29:00,59.582225581107124
2025-03-04 17:30:00,59.57432465377221
2025-03-04 17:31:00,59.566423804680554
2025-03-04 17:32:00,59.55852302865713
2025-03-04 17:33:00,59.5506223363546
2025-03-04 17:34:00,59.54272172261683
2025-03-04 17:35:00,59.53482118749413
2025-03-04 17:36:00,59.52692073109375
2025-03-04 17:37:00,59.51902035348491
2025-03-04 17:38:00,59.51112005477509
2025-03-04 17:39:00,59.50321983507139
2025-03-04 17:40:00,59.495319694443324
2025-03-04 17:41:00,59.487419632960176
2025-03-04 17:42:00,59.47951965069142
2025-03-04 17:43:00,59.471619747820355
2025-03-04 17:44:00,59.463719919059216
2025-03-04 17:45:00,59.45582017515413
2025-03-04 17:46:00,59.44792051085514
2025-03-04 17:47:00,59.44002092623186
2025-03-04 17:48:00,59.43212142141077
2025-03-04 17:49:00,59.4242219964804
2025-03-04 17:50:00,59.416322651548214
2025-03-04 17:51:00,59.40842338664605
2025-03-04 17:52:00,59.40052420191939
2025-03-04 17:53:00,59.39262509739984
2025-03-04 17:54:00,59.38472607325217
2025-03-04 17:55:00,59.376827124208525
2025-03-04 17:56:00,59.36892826099458
2025-03-04 17:57:00,59.36102947838068
2025-03-04 17:58:00,59.35313077651243
2025-03-04 17:59:00,59.34523215532667
2025-03-04 18:00:00,59.337333615083196
2025-03-04 18:01:00,59.32943515579488
2025-03-04 18:02:00,59.321536777569385
2025-03-04 18:03:00,59.31363848047677
2025-03-04 18:04:00,59.30574026462489
2025-03-04 18:05:00,59.29784213012156
2025-03-04 18:06:00,59.289944071700184
2025-03-04 18:07:00,59.28204610012308
2025-03-04 18:08:00,59.27414821014231
2025-03-04 18:09:00,59.26625040180921
2025-03-04 18:10:00,59.258352675269585
2025-03-04 18:11:00,59.2504550306505
2025-03-04 18:12:00,59.242557467946156
2025-03-04 18:13:00,59.234659987283536
2025-03-04 18:14:00,59.2267625887897
2025-03-04 18:15:00,59.218865272553884
2025-03-04 18:16:00,59.21096803858927
2025-03-04 18:17:00,59.2030708817441
2025-03-04 18:18:00,59.19517381274139
2025-03-04 18:19:00,59.18727682631568
2025-03-04 18:20:00,59.17937992253686
2025-03-04 18:21:00,59.17148310157039
2025-03-04 18:22:00,59.16358636346753
2025-03-04 18:23:00,59.155689708336624
2025-03-04 18:24:00,59.147793136248055
2025-03-04 18:25:00,59.13989664727216
2025-03-04 18:26:00,59.132000241536346
2025-03-04 18:27:00,59.12410391914892
2025-03-04 18:28:00,59.11620768014246
2025-03-04 18:29:00,59.10831151936641
2025-03-04 18:30:00,59.10041544744739
2025-03-04 18:31:00,59.09251945923461
2025-03-04 18:32:00,59.08462355481773
2025-03-04 18:33:00,59.07672773424842
2025-03-04 18:34:00,59.068831997635186
2025-03-04 18:35:00,59.06093634502952
2025-03-04 18:36:00,59.05304077661607
2025-03-04 18:37:00,59.04514529244658
2025-03-04 18:38:00,59.03724989257271
2025-03-04 18:39:00,59.02935457708419
2025-03-04 18:40:00,59.02145934085031
2025-03-04 18:41:00,59.01356419447759
2025-03-04 18:42:00,59.00566913279731
2025-03-04 18:43:00,58.997774155918265
2025-03-04 18:44:00,58.989879263873334
2025-03-04 18:45:00,58.98198445677148
2025-03-04 18:46:00,58.97408973477832
2025-03-04 18:47:00,58.96619509786987
2025-03-04 18:48:00,58.95830054624999
2025-03-04 18:49:00,58.95040607989459
2025-03-04 18:50:00,58.94251169900764
2025-03-04 18:51:00,58.93461739828875
2025-03-04 18:52:00,58.92672318849475
2025-03-04 18:53:00,58.91882906438218
2025-03-04 18:54:00,58.91093502602216
2025-03-04 18:55:00,58.90304107356167
2025-03-04 18:56:00,58.89514720703394
2025-03-04 18:57:00,58.88725342660482
2025-03-04 18:58:00,58.87935973232659
2025-03-04 18:59:00,58.871466124270505
2025-03-04 19:00:00,58.86357260250767
2025-03-04 19:01:00,58.855679167204315
2025-03-04 19:02:00,58.84778581311795
2025-03-04 19:03:00,58.839892550909425
2025-03-04 19:04:00,58.83199937537399
2025-03-04 19:05:00,58.82410628669703
2025-03-04 19:06:00,58.816213284836124
2025-03-04 19:07:00,58.808320369957244
2025-03-04 19:08:00,58.800427542150956
2025-03-04 19:09:00,58.79253480152671
2025-03-04 19:10:00,58.78464214809881
2025-03-04 19:11:00,58.77674958199589
2025-03-04 19:12:00,58.76885710336522
2025-03-04 19:13:00,58.760964712259295
2025-03-04 19:14:00,58.75307240343705
2025-03-04 19:15:00,58.745180187614565
2025-03-04 19:16:00,58.73728805958834
2025-03-04 19:17:00,58.72939601944921
2025-03-04 19:18:00,58.721504067306626
2025-03-04 19:19:00,58.71361220321345
2025-03-04 19:20:00,58.70572042729812
2025-03-04 19:21:00,58.69782873963239
2025-03-04 19:22:00,58.6899371403449
2025-03-04 19:23:00,58.68204562941277
2025-03-04 19:24:00,58.67415420707812
2025-03-04 19:25:00,58.6662628680632
2025-03-04 19:26:00,58.65837162302566
2025-03-04 19:27:00,58.650480466801426
2025-03-04 19:28:00,58.642589399500196
2025-03-04 19:29:00,58.634698421174875
2025-03-04 19:30:00,58.6268075319165
2025-03-04 19:31:00,58.618916731872716
2025-03-04 19:32:00,58.61102602105875
2025-03-04 19:33:00,58.603135399565495
2025-03-04 19:34:00,58.595244867578835
2025-03-04 19:35:00,58.58735442515179
2025-03-04 19:36:00,58.57946406702645
2025-03-04 19:37:00,58.57157380391615
2025-03-04 19:38:00,58.56368363065761
2025-03-04 19:39:00,58.55579354728515
2025-03-04 19:40:00,58.54790355392787
2025-03-04 19:41:00,58.540013650657784
2025-03-04 19:42:00,58.53212383754733
2025-03-04 19:43:00,58.52423411474453
2025-03-04 19:44:00,58.51634448232162
2025-03-04 19:45:00,58.50845494033195
2025-03-04 19:46:00,58.50056548892378
2025-03-04 19:47:00,58.49267612289711
2025-03-04 19:48:00,58.48478685284996
2025-03-04 19:49:00,58.47689767363933
2025-03-04 19:50:00,58.46900858541339
2025-03-04 19:51:00,58.46111958814994
2025-03-04 19:52:00,58.45323068199713
2025-03-04 19:53:00,58.44534186708449
2025-03-04 19:54:00,58.437453143427504
2025-03-04 19:55:00,58.429564511174625
2025-03-04 19:56:00,58.421675970417425
2025-03-04 19:57:00,58.41378752124734
2025-03-04 19:58:00,58.40589916368022
2025-03-04 19:59:00,58.398010892631135
2025-03-04 20:00:00,58.390122718715475
2025-03-04 20:01:00,58.38223463671554
2025-03-04 20:02:00,58.37434664676094
2025-03-04 20:03:00,58.36645874896228
2025-03-04 20:04:00,58.358570943354636
2025-03-04 20:05:00,58.35068323008633
2025-03-04 20:06:00,58.34279560919233
2025-03-04 20:07:00,58.334908080821506
2025-03-04 20:08:00,58.327020645046524
2025-03-04 20:09:00,58.3191333019025
2025-03-04 20:10:00,58.311246046305456
2025-03-04 20:11:00,58.30335888881266
2025-03-04 20:12:00,58.295471824378026
2025-03-04 20:13:00,58.28758485294188
2025-03-04 20:14:00,58.27969797463436
2025-03-04 20:15:00,58.271811189566094
2025-03-04 20:16:00,58.263924497904995
2025-03-04 20:17:00,58.25603789959162
2025-03-04 20:18:00,58.24815139481267
2025-03-04 20:19:00,58.240264983679246
2025-03-04 20:20:00,58.232378666207566
2025-03-04 20:21:00,58.22449243727711
2025-03-04 20:22:00,58.21660630753837
2025-03-04 20:23:00,58.20872027175683
2025-03-04 20:24:00,58.20083433002492
2025-03-04 20:25:00,58.19294848252945
2025-03-04 20:26:00,58.185062729230125
2025-03-04 20:27:00,58.177177070332995
2025-03-04 20:28:00,58.16929150587333
2025-03-04 20:29:00,58.1614060359816
2025-03-04 20:30:00,58.15352066069316
2025-03-04 20:31:00,58.14563538008156
2025-03-04 20:32:00,58.13775018910299
2025-03-04 20:33:00,58.12986509829284
2025-03-04 20:34:00,58.12198010245583
2025-03-04 20:35:00,58.114095201760236
2025-03-04 20:36:00,58.10621039624167
2025-03-04 20:37:00,58.09832568603059
2025-03-04 20:38:00,58.0904410712006
2025-03-04 20:39:00,58.08255655180631
2025-03-04 20:40:00,58.07467212797846
2025-03-04 20:41:00,58.06678779984752
2025-03-04 20:42:00,58.058903567487164
2025-03-04 20:43:00,58.05101943095215
2025-03-04 20:44:00,58.04313538502943
2025-03-04 20:45:00,58.035251440480394
2025-03-04 20:46:00,58.02736759203481
2025-03-04 20:47:00,58.01948383978582
2025-03-04 20:48:00,58.01160018390176
2025-03-04 20:49:00,58.003716624399885
2025-03-04 20:50:00,57.99583316139192
2025-03-04 20:51:00,57.98794979502748
2025-03-04 20:52:00,57.98006652526708
2025-03-04 20:53:00,57.9721833523551
2025-03-04 20:54:00,57.964300276271025
2025-03-04 20:55:00,57.9564172919162
2025-03-04 20:56:00,57.94853440988041
2025-03-04 20:57:00,57.9406516250081
2025-03-04 20:58:00,57.93276893737375
2025-03-04 20:59:00,57.92488634708916
2025-03-04 21:00:00,57.917003854266525
2025-03-04 21:01:00,57.90912145892326
2025-03-04 21:02:00,57.90123916122809
2025-03-04 21:03:00,57.89335696125546
2025-03-04 21:04:00,57.885474859098636
2025-03-04 21:05:00,57.87759285483179
2025-03-04 21:06:00,57.86971094330094
2025-03-04 21:07:00,57.86182913513201
2025-03-04 21:08:00,57.85394742511414
2025-03-04 21:09:00,57.84606581339739
2025-03-04 21:10:00,57.83818430009427
2025-03-04 21:11:00,57.83030288522216
2025-03-04 21:12:00,57.822421568912574
2025-03-04 21:13:00,57.81454035123996
2025-03-04 21:14:00,57.806659232316804
2025-03-04 21:15:00,57.798778212293364
2025-03-04 21:16:00,57.7908972911496
2025-03-04 21:17:00,57.783016463770466
2025-03-04 21:18:00,57.77513574076144
2025-03-04 21:19:00,57.767255117045366
2025-03-04 21:20:00,57.759374592602306
2025-03-04 21:21:00,57.75149416754487
2025-03-04 21:22:00,57.743613842004514
2025-03-04 21:23:00,57.73573361605605
2025-03-04 21:24:00,57.72785348979331
2025-03-04 21:25:00,57.71997346332884
2025-03-04 21:26:00,57.7120935367377
2025-03-04 21:27:00,57.704213710075734
2025-03-04 21:28:00,57.69633398351244
2025-03-04 21:29:00,57.68845435183955
2025-03-04 21:30:00,57.68057482567987
2025-03-04 21:31:00,57.67269539984369
2025-03-04 21:32:00,57.66481607450097
2025-03-04 21:33:00,57.65693684963199
2025-03-04 21:34:00,57.64905772542533
2025-03-04 21:35:00,57.64117870193713
2025-03-04 21:36:00,57.63329977928045
2025-03-04 21:37:00,57.62542095751154
2025-03-04 21:38:00,57.6175422367245
2025-03-04 21:39:00,57.6096636170891
2025-03-04 21:40:00,57.601785093322434
2025-03-04 21:41:00,57.59390667615951
2025-03-04 21:42:00,57.586028360373966
2025-03-04 21:43:00,57.5781501460412
2025-03-04 21:44:00,57.57027203333109
2025-03-04 21:45:00,57.56239402222451
2025-03-04 21:46:00,57.55451611291025
2025-03-04 21:47:00,57.546638305445036
2025-03-04 21:48:00,57.538760599904
2025-03-04 21:49:00,57.53088299645754
2025-03-04 21:50:00,57.523005495086274
2025-03-04 21:51:00,57.51512809071672
2025-03-04 21:52:00,57.507250793930865
2025-03-04 21:53:00,57.49937359957947
2025-03-04 21:54:00,57.49149650771922
2025-03-04 21:55:00,57.48361951848238
2025-03-04 21:56:00,57.47574263196355
2025-03-04 21:57:00,57.467865848200745
2025-03-04 21:58:00,57.45998916738303
2025-03-04 21:59:00,57.45211258951048
2025-03-04 22:00:00,57.44423611473457
2025-03-04 22:01:00,57.43635974313108
2025-03-04 22:02:00,57.42848346955189
2025-03-04 22:03:00,57.42060730455865
2025-03-04 22:04:00,57.412731243097824
2025-03-04 22:05:00,57.40485528515064
2025-03-04 22:06:00,57.396979430830925
2025-03-04 22:07:00,57.389103680309226
2025-03-04 22:08:00,57.381228033585764
2025-03-04 22:09:00,57.37335249079347
2025-03-04 22:10:00,57.36547705208389
2025-03-04 22:11:00,57.35760171743848
2025-03-04 22:12:00,57.34972648704683
2025-03-04 22:13:00,57.34185136092851
2025-03-04 22:14:00,57.33397633399319
2025-03-04 22:15:00,57.3261014168011
2025-03-04 22:16:00,57.31822660420513
2025-03-04 22:17:00,57.31035189633838
2025-03-04 22:18:00,57.30247729323927
2025-03-04 22:19:00,57.294602795021994
2025-03-04 22:20:00,57.286728401781616
2025-03-04 22:21:00,57.27885411355676
2025-03-04 22:22:00,57.27097993057499
2025-03-04 22:23:00,57.26310585283701
2025-03-04 22:24:00,57.2552318804761
2025-03-04 22:25:00,57.24735800821413
2025-03-04 22:26:00,57.23948424685551
2025-03-04 22:27:00,57.23161059110329
2025-03-04 22:28:00,57.223737041109764
2025-03-04 22:29:00,57.215863596913366
2025-03-04 22:30:00,57.20799025864763
2025-03-04 22:31:00,57.20011702642686
2025-03-04 22:32:00,57.19224390030888
2025-03-04 22:33:00,57.18437088044591
2025-03-04 22:34:00,57.17649796683905
2025-03-04 22:35:00,57.16862515964058
2025-03-04 22:36:00,57.16075245366821
2025-03-04 22:37:00,57.152879859573645
2025-03-04 22:38:00,57.14500737215565
2025-03-04 22:39:00,57.13713499152873
2025-03-04 22:40:00,57.1292627177699
2025-03-04 22:41:00,57.12139055099381
2025-03-04 22:42:00,57.11351849127719
2025-03-04 22:43:00,57.105646538753994
2025-03-04 22:44:00,57.09777469346312
2025-03-04 22:45:00,57.08990295551956
2025-03-04 22:46:00,57.082031325056775
2025-03-04 22:47:00,57.07415979683725
2025-03-04 22:48:00,57.06628838154872
2025-03-04 22:49:00,57.05841707397233
2025-03-04 22:50:00,57.05054587426091
2025-03-04 22:51:00,57.04267478245358
2025-03-04 22:52:00,57.034803798684415
2025-03-04 22:53:00,57.02693292303065
2025-03-04 22:54:00,57.01906215556949
2025-03-04 22:55:00,57.01119149639689
2025-03-04 22:56:00,57.00332094570388
2025-03-04 22:57:00,56.995450503435166
2025-03-04 22:58:00,56.98758016978175
2025-03-04 22:59:00,56.97970993958247
2025-03-04 23:00:00,56.97183982341054
2025-03-04 23:01:00,56.963969816104886
2025-03-04 23:02:00,56.95609991781857
2025-03-04 23:03:00,56.94823012855347
2025-03-04 23:04:00,56.94036044848161
2025-03-04 23:05:00,56.93249087769947
2025-03-04 23:06:00,56.92462141622795
2025-03-04 23:07:00,56.91675206425787
2025-03-04 23:08:00,56.90888282181026
2025-03-04 23:09:00,56.901013689019585
2025-03-04 23:10:00,56.893144660669364
2025-03-04 23:11:00,56.885275747463155
2025-03-04 23:12:00,56.87740694418483
2025-03-04 23:13:00,56.869538250911944
2025-03-04 23:14:00,56.86166966777911
2025-03-04 23:15:00,56.85380119488293
2025-03-04 23:16:00,56.845932832282486
2025-03-04 23:17:00,56.83806458011215
2025-03-04 23:18:00,56.830196438431145
2025-03-04 23:19:00,56.82232840733622
2025-03-04 23:20:00,56.81446048696191
2025-03-04 23:21:00,56.806592672149925
2025-03-04 23:22:00,56.798724973413485
2025-03-04 23:23:00,56.790857385707305
2025-03-04 23:24:00,56.782989909128496
2025-03-04 23:25:00,56.775122543679416
2025-03-04 23:26:00,56.76725528953287
2025-03-04 23:27:00,56.75938814672919
2025-03-04 23:28:00,56.75152111536537
2025-03-04 23:29:00,56.74365419561404
2025-03-04 23:30:00,56.73578738751578
2025-03-04 23:31:00,56.72792069116775
2025-03-04 23:32:00,56.720054101355956
2025-03-04 23:33:00,56.71218762881888
2025-03-04 23:34:00,56.704321268323625
2025-03-04 23:35:00,56.69645501992984
2025-03-04 23:36:00,56.68858888379133
2025-03-04 23:37:00,56.68072286000537
2025-03-04 23:38:00,56.672856948594024
2025-03-04 23:39:00,56.66499114974893
2025-03-04 23:40:00,56.65712546349204
2025-03-04 23:41:00,56.64925988997745
2025-03-04 23:42:00,56.641394429245814
2025-03-04 23:43:00,56.63352908141381
2025-03-04 23:44:00,56.62566384132528
2025-03-04 23:45:00,56.61779871964154
2025-03-04 23:46:00,56.60993371116886
2025-03-04 23:47:00,56.60206881591044
2025-03-04 23:48:00,56.594204034096016
2025-03-04 23:49:00,56.58633936571015
2025-03-04 23:50:00,56.578474810982506
2025-03-04 23:51:00,56.57061036989767
2025-03-04 23:52:00,56.562746042553286
2025-03-04 23:53:00,56.55488182912285
2025-03-04 23:54:00,56.54701772966633
2025-03-04 23:55:00,56.539153738934395
2025-03-04 23:56:00,56.53128986770042
2025-03-04 23:57:00,56.523426110677214
2025-03-04 23:58:00,56.51556246801942
2025-03-04 23:59:00,56.507698939825055
2025-03-05 00:00:00,56.499835526192065
2025-03-05 00:01:00,56.49197222714292
2025-03-05 00:02:00,56.484109042888996
2025-03-05 00:03:00,56.47624597345285
2025-03-05 00:04:00,56.46838301891366
2025-03-05 00:05:00,56.460520179407325
2025-03-05 00:06:00,56.452657449761645
2025-03-05 00:07:00,56.44479484065342
2025-03-05 00:08:00,56.436932346815915
2025-03-05 00:09:00,56.429069968404136
2025-03-05 00:10:00,56.421207705478594
2025-03-05 00:11:00,56.413345558175244
2025-03-05 00:12:00,56.40548352657363
2025-03-05 00:13:00,56.397621610772035
2025-03-05 00:14:00,56.38975981088779
2025-03-05 00:15:00,56.381898126981596
2025-03-05 00:16:00,56.37403655915182
2025-03-05 00:17:00,56.36617510224629
2025-03-05 00:18:00,56.35831376688378
2025-03-05 00:19:00,56.35045254789331
2025-03-05 00:20:00,56.34259144539229
2025-03-05 00:21:00,56.33473045947911
2025-03-05 00:22:00,56.32686959021489
2025-03-05 00:23:00,56.31900883773597
2025-03-05 00:24:00,56.311148202103254
2025-03-05 00:25:00,56.30328768345307
2025-03-05 00:26:00,56.29542728179002
2025-03-05 00:27:00,56.28756699734489
2025-03-05 00:28:00,56.27970683015979
2025-03-05 00:29:00,56.27184677500852
2025-03-05 00:30:00,56.26398684258359
2025-03-05 00:31:00,56.25612702773418
2025-03-05 00:32:00,56.248267330483664
2025-03-05 00:33:00,56.24040775098772
2025-03-05 00:34:00,56.23254828930757
2025-03-05 00:35:00,56.224688945579814
2025-03-05 00:36:00,56.21682971982805
2025-03-05 00:37:00,56.20897061224572
2025-03-05 00:38:00,56.20111162287536
2025-03-05 00:39:00,56.193252751816104
2025-03-05 00:40:00,56.185393993899375
2025-03-05 00:41:00,56.17753535975968
2025-03-05 00:42:00,56.169676844228555
2025-03-05 00:43:00,56.16181844738642
2025-03-05 00:44:00,56.15396016940787
2025-03-05 00:45:00,56.14610201024141
2025-03-05 00:46:00,56.13824397013721
2025-03-05 00:47:00,56.130386049100316
2025-03-05 00:48:00,56.122528247248965
2025-03-05 00:49:00,56.114670564701534
2025-03-05 00:50:00,56.10681300151965
2025-03-05 00:51:00,56.09895555255496
2025-03-05 00:52:00,56.09109822844041
2025-03-05 00:53:00,56.08324102402767
2025-03-05 00:54:00,56.07538393934075
2025-03-05 00:55:00,56.06752697455485
2025-03-05 00:56:00,56.059670129712984
2025-03-05 00:57:00,56.051813404952355
2025-03-05 00:58:00,56.04395680037281
2025-03-05 00:59:00,56.036100316017404
2025-03-05 01:00:00,56.02824395204247
2025-03-05 01:01:00,56.020387708510064
2025-03-05 01:02:00,56.01253158023558
2025-03-05 01:03:00,56.00467557794434
2025-03-05 01:04:00,55.99681969631961
2025-03-05 01:05:00,55.98896393559359
2025-03-05 01:06:00,55.98110829580914
2025-03-05 01:07:00,55.9732527770478
2025-03-05 01:08:00,55.96539737940915
2025-03-05 01:09:00,55.95754210301245
2025-03-05 01:10:00,55.949686948014026
2025-03-05 01:11:00,55.94183191434441
2025-03-05 01:12:00,55.93397700223552
2025-03-05 01:13:00,55.926122211768835
2025-03-05 01:14:00,55.918267537704395
2025-03-05 01:15:00,55.91041299078481
2025-03-05 01:16:00,55.90255856577002
2025-03-05 01:17:00,55.89470426274169
2025-03-05 01:18:00,55.88685008183769
2025-03-05 01:19:00,55.8789960231395
2025-03-05 01:20:00,55.871142086747426
2025-03-05 01:21:00,55.86328827276187
2025-03-05 01:22:00,55.855434581264426
2025-03-05 01:23:00,55.847581012374164
2025-03-05 01:24:00,55.839727566172975
2025-03-05 01:25:00,55.83187423753531
2025-03-05 01:26:00,55.82402103703235
2025-03-05 01:27:00,55.81616795952013
2025-03-05 01:28:00,55.80831500507994
2025-03-05 01:29:00,55.800462173850455
2025-03-05 01:30:00,55.79260946587541
2025-03-05 01:31:00,55.78475688133131
2025-03-05 01:32:00,55.77690442022426
2025-03-05 01:33:00,55.76905208271169
2025-03-05 01:34:00,55.761199868819034
2025-03-05 01:35:00,55.75334777877891
2025-03-05 01:36:00,55.745495807297544
2025-03-05 01:37:00,55.73764396502007
2025-03-05 01:38:00,55.72979224687887
2025-03-05 01:39:00,55.721940652861846
2025-03-05 01:40:00,55.7140891830888
2025-03-05 01:41:00,55.70623783773584
2025-03-05 01:42:00,55.69838661679131
2025-03-05 01:43:00,55.690535520374645
2025-03-05 01:44:00,55.68268454868155
2025-03-05 01:45:00,55.67483370168101
2025-03-05 01:46:00,55.666982979568324
2025-03-05 01:47:00,55.65913237714543
2025-03-05 01:48:00,55.65128190499927
2025-03-05 01:49:00,55.64343155796913
2025-03-05 01:50:00,55.63558133623201
2025-03-05 01:51:00,55.62773123981335
2025-03-05 01:52:00,55.61988126885246
2025-03-05 01:53:00,55.61203142341287
2025-03-05 01:54:00,55.6041817036149
2025-03-05 01:55:00,55.59633210954103
2025-03-05 01:56:00,55.58848264127393
2025-03-05 01:57:00,55.58063329897155
2025-03-05 01:58:00,55.57278408267895
2025-03-05 01:59:00,55.56493498723685
2025-03-05 02:00:00,55.557086023306105
2025-03-05 02:01:00,55.549237185633125
2025-03-05 02:02:00,55.54138847443268
2025-03-05 02:03:00,55.533539889712465
2025-03-05 02:04:00,55.5256914316867
2025-03-05 02:05:00,55.51784310032566
2025-03-05 02:06:00,55.50999489573109
2025-03-05 02:07:00,55.50214681809867
2025-03-05 02:08:00,55.49429886747383
2025-03-05 02:09:00,55.48645104393971
2025-03-05 02:10:00,55.47860334235736
2025-03-05 02:11:00,55.47075577332908
2025-03-05 02:12:00,55.46290833169705
2025-03-05 02:13:00,55.45506101760112
2025-03-05 02:14:00,55.44721383108661
2025-03-05 02:15:00,55.43936677223675
2025-03-05 02:16:00,55.43151984119136
2025-03-05 02:17:00,55.423673038090186
2025-03-05 02:18:00,55.41582636294105
2025-03-05 02:19:00,55.40797981586502
2025-03-05 02:20:00,55.40013339702085
2025-03-05 02:21:00,55.39228710115802
2025-03-05 02:22:00,55.38444093899015
2025-03-05 02:23:00,55.376594905285394
2025-03-05 02:24:00,55.36874900014624
2025-03-05 02:25:00,55.36090322369389
2025-03-05 02:26:00,55.35305757603056
2025-03-05 02:27:00,55.345212057258756
2025-03-05 02:28:00,55.337366667462156
2025-03-05 02:29:00,55.32952140668672
2025-03-05 02:30:00,55.32167627516653
2025-03-05 02:31:00,55.31383127289145
2025-03-05 02:32:00,55.3059863947064
2025-03-05 02:33:00,55.29814165126672
2025-03-05 02:34:00,55.29029703737994
2025-03-05 02:35:00,55.282452553186275
2025-03-05 02:36:00,55.27460819875076
2025-03-05 02:37:00,55.266763974157165
2025-03-05 02:38:00,55.258919879546085
2025-03-05 02:39:00,55.25107591502027
2025-03-05 02:40:00,55.24323208066378
2025-03-05 02:41:00,55.23538837650402
2025-03-05 02:42:00,55.22754480277576
2025-03-05 02:43:00,55.21970135943126
2025-03-05 02:44:00,55.21185804142993
2025-03-05 02:45:00,55.20401485935031
2025-03-05 02:46:00,55.19617180801983
2025-03-05 02:47:00,55.188328887503936
2025-03-05 02:48:00,55.18048609799996
2025-03-05 02:49:00,55.17264343949781
2025-03-05 02:50:00,55.164800912157276
2025-03-05 02:51:00,55.15695851608153
2025-03-05 02:52:00,55.149116251354926
2025-03-05 02:53:00,55.14127411806194
2025-03-05 02:54:00,55.13343211630579
2025-03-05 02:55:00,55.12559024097179
2025-03-05 02:56:00,55.117748502618134
2025-03-05 02:57:00,55.10990689609244
2025-03-05 02:58:00,55.10206542153579
2025-03-05 02:59:00,55.09422407901409
2025-03-05 03:00:00,55.086382868630686
2025-03-05 03:01:00,55.07854179047029
2025-03-05 03:02:00,55.07070084467391
2025-03-05 03:03:00,55.06286003130779
2025-03-05 03:04:00,55.05501935043774
2025-03-05 03:05:00,55.047178802261264
2025-03-05 03:06:00,55.039338381533724
2025-03-05 03:07:00,55.03149809894316
2025-03-05 03:08:00,55.023657949206765
2025-03-05 03:09:00,55.015817932522566
2025-03-05 03:10:00,55.0079780489943
2025-03-05 03:11:00,55.00013829872576
2025-03-05 03:12:00,54.992298681745524
2025-03-05 03:13:00,54.98445919817633
2025-03-05 03:14:00,54.97661984819742
2025-03-05 03:15:00,54.9687806317998
2025-03-05 03:16:00,54.96094154914391
2025-03-05 03:17:00,54.95310259506135
2025-03-05 03:18:00,54.945263780144614
2025-03-05 03:19:00,54.93742509926286
2025-03-05 03:20:00,54.92958655252043
2025-03-05 03:21:00,54.921748140002286
2025-03-05 03:22:00,54.91390986177526
2025-03-05 03:23:00,54.906071717962334
2025-03-05 03:24:00,54.89823370874302
2025-03-05 03:25:00,54.890395834089894
2025-03-05 03:26:00,54.88255809418249
2025-03-05 03:27:00,54.874720489068615
2025-03-05 03:28:00,54.86688301890926
2025-03-05 03:29:00,54.8590456785001
2025-03-05 03:30:00,54.85120847843137
2025-03-05 03:31:00,54.84337141363038
2025-03-05 03:32:00,54.83553448412651
2025-03-05 03:33:00,54.827697690061896
2025-03-05 03:34:00,54.81986103148457
2025-03-05 03:35:00,54.81202450851806
2025-03-05 03:36:00,54.804188121285776
2025-03-05 03:37:00,54.79635186989242
2025-03-05 03:38:00,54.78851575440511
2025-03-05 03:39:00,54.78067977490964
2025-03-05 03:40:00,54.772843926278505
2025-03-05 03:41:00,54.765008219100274
2025-03-05 03:42:00,54.75717264832243
2025-03-05 03:43:00,54.74933721386179
2025-03-05 03:44:00,54.74150191595489
2025-03-05 03:45:00,54.733666754631486
2025-03-05 03:46:00,54.72583173009058
2025-03-05 03:47:00,54.71799684232437
2025-03-05 03:48:00,54.71016209145665
2025-03-05 03:49:00,54.70232747761128
2025-03-05 03:50:00,54.694493000874715
2025-03-05 03:51:00,54.6866586561017
2025-03-05 03:52:00,54.678824453898024
2025-03-05 03:53:00,54.67099038913725
2025-03-05 03:54:00,54.66315646183088
2025-03-05 03:55:00,54.655322672178
2025-03-05 03:56:00,54.64748902019004
2025-03-05 03:57:00,54.6396555060473
2025-03-05 03:58:00,54.63182212983662
2025-03-05 03:59:00,54.62398889164453
2025-03-05 04:00:00,54.61615579152016
2025-03-05 04:01:00,54.60832282960635
2025-03-05 04:02:00,54.600490000778436
2025-03-05 04:03:00,54.59265731562144
2025-03-05 04:04:00,54.584824768973014
2025-03-05 04:05:00,54.576992360920045
2025-03-05 04:06:00,54.569160091586774
2025-03-05 04:07:00,54.56132796104136
2025-03-05 04:08:00,54.55349596944605
2025-03-05 04:09:00,54.54566411685003
2025-03-05 04:10:00,54.53783240337787
2025-03-05 04:11:00,54.53000082907908
2025-03-05 04:12:00,54.522169394115956
2025-03-05 04:13:00,54.51433809857541
2025-03-05 04:14:00,54.506506937315415
2025-03-05 04:15:00,54.49867592088183
2025-03-05 04:16:00,54.49084504413225
2025-03-05 04:17:00,54.48301430724811
2025-03-05 04:18:00,54.475183710279
2025-03-05 04:19:00,54.467353253349586
2025-03-05 04:20:00,54.45952293647242
2025-03-05 04:21:00,54.45169275986614
2025-03-05 04:22:00,54.44386272352421
2025-03-05 04:23:00,54.43603282760935
2025-03-05 04:24:00,54.42820307222776
2025-03-05 04:25:00,54.420373452201204
2025-03-05 04:26:00,54.412543978148626
2025-03-05 04:27:00,54.404714644948456
2025-03-05 04:28:00,54.396885452575276
2025-03-05 04:29:00,54.38905640128601
2025-03-05 04:30:00,54.38122749107433
2025-03-05 04:31:00,54.373398722140635
2025-03-05 04:32:00,54.36557009449756
2025-03-05 04:33:00,54.35774160825163
2025-03-05 04:34:00,54.34991326358465
2025-03-05 04:35:00,54.34208506049048
2025-03-05 04:36:00,54.33425699386762
2025-03-05 04:37:00,54.32642907431444
2025-03-05 04:38:00,54.31860129671056
2025-03-05 04:39:00,54.31077366110647
2025-03-05 04:40:00,54.30294616766538
2025-03-05 04:41:00,54.29511881638114
2025-03-05 04:42:00,54.287291607454875
2025-03-05 04:43:00,54.2794645409558
2025-03-05 04:44:00,54.27163761699075
2025-03-05 04:45:00,54.26381083564807
2025-03-05 04:46:00,54.25598419699717
2025-03-05 04:47:00,54.248157695975465
2025-03-05 04:48:00,54.24033134312324
2025-03-05 04:49:00,54.232505133284185
2025-03-05 04:50:00,54.224679066584095
2025-03-05 04:51:00,54.216853143111216
2025-03-05 04:52:00,54.20902736297315
2025-03-05 04:53:00,54.20120172627696
2025-03-05 04:54:00,54.19337623309223
2025-03-05 04:55:00,54.18555088354528
2025-03-05 04:56:00,54.17772567776227
2025-03-05 04:57:00,54.16990061579409
2025-03-05 04:58:00,54.162075697748385
2025-03-05 04:59:00,54.15425091850746
2025-03-05 05:00:00,54.1464262886853
2025-03-05 05:01:00,54.13860180305167
2025-03-05 05:02:00,54.13077746180809
2025-03-05 05:03:00,54.122953264949444
2025-03-05 05:04:00,54.11512921263969
2025-03-05 05:05:00,54.107305305024184
2025-03-05 05:06:00,54.09948154213534
2025-03-05 05:07:00,54.09165792408108
2025-03-05 05:08:00,54.08383445093159
2025-03-05 05:09:00,54.07601112292609
2025-03-05 05:10:00,54.068187934723376
2025-03-05 05:11:00,54.06036489708559
2025-03-05 05:12:00,54.05254200476536
2025-03-05 05:13:00,54.044719257907914
2025-03-05 05:14:00,54.036896656584176
2025-03-05 05:15:00,54.02907420093943
2025-03-05 05:16:00,54.021251891081825
2025-03-05 05:17:00,54.01342972704412
2025-03-05 05:18:00,54.0056077089349
2025-03-05 05:19:00,53.99778583691842
2025-03-05 05:20:00,53.98996411104655
2025-03-05 05:21:00,53.98214252620485
2025-03-05 05:22:00,53.97432109296598
2025-03-05 05:23:00,53.96649980617781
2025-03-05 05:24:00,53.958678665967504
2025-03-05 05:25:00,53.950857672405995
2025-03-05 05:26:00,53.94303682565781
2025-03-05 05:27:00,53.93521612575653
2025-03-05 05:28:00,53.927395572829376
2025-03-05 05:29:00,53.919575166947304
2025-03-05 05:30:00,53.911754908256405
2025-03-05 05:31:00,53.90393479682783
2025-03-05 05:32:00,53.89611482756723
2025-03-05 05:33:00,53.88829501102676
2025-03-05 05:34:00,53.88047534205584
2025-03-05 05:35:00,53.87265582074447
2025-03-05 05:36:00,53.86483644722001
2025-03-05 05:37:00,53.857017221572825
2025-03-05 05:38:00,53.8491981439491
2025-03-05 05:39:00,53.84137921438266
2025-03-05 05:40:00,53.83356043300142
2025-03-05 05:41:00,53.82574179993284
2025-03-05 05:42:00,53.817923315248514
2025-03-05 05:43:00,53.810104979038705
2025-03-05 05:44:00,53.802286786192006
2025-03-05 05:45:00,53.794468747277264
2025-03-05 05:46:00,53.78665085714572
2025-03-05 05:47:00,53.778833115962655
2025-03-05 05:48:00,53.77101552374354
2025-03-05 05:49:00,53.76319808063515
2025-03-05 05:50:00,53.755380786728
2025-03-05 05:51:00,53.747563642150325
2025-03-05 05:52:00,53.73974664695503
2025-03-05 05:53:00,53.73192980128894
2025-03-05 05:54:00,53.72411310520546
2025-03-05 05:55:00,53.71629655363219
2025-03-05 05:56:00,53.708480157098535
2025-03-05 05:57:00,53.700663910457116
2025-03-05 05:58:00,53.69284781385519
2025-03-05 05:59:00,53.68503186738343
2025-03-05 06:00:00,53.677216071170264
2025-03-05 06:01:00,53.669400425194176
2025-03-05 06:02:00,53.6615849296774
2025-03-05 06:03:00,53.65376958471099
2025-03-05 06:04:00,53.64595439038593
2025-03-05 06:05:00,53.63813934679321
2025-03-05 06:06:00,53.6303244487496
2025-03-05 06:07:00,53.622509706895286
2025-03-05 06:08:00,53.614695116103185
2025-03-05 06:09:00,53.606880676483144
2025-03-05 06:10:00,53.59906638801421
2025-03-05 06:11:00,53.59125225093734
2025-03-05 06:12:00,53.58343826530653
2025-03-05 06:13:00,53.57562443126961
2025-03-05 06:14:00,53.56781074882391
2025-03-05 06:15:00,53.55999721815474
2025-03-05 06:16:00,53.55218383935375
2025-03-05 06:17:00,53.544370607220166
2025-03-05 06:18:00,53.5365575324113
2025-03-05 06:19:00,53.52874460978262
2025-03-05 06:20:00,53.52093183940707
2025-03-05 06:21:00,53.51311922139525
2025-03-05 06:22:00,53.50530675587612
2025-03-05 06:23:00,53.497494442885305
2025-03-05 06:24:00,53.48968228260836
2025-03-05 06:25:00,53.48187027508081
2025-03-05 06:26:00,53.47405842046953
2025-03-05 06:27:00,53.46624671877279
2025-03-05 06:28:00,53.45843517021366
2025-03-05 06:29:00,53.45062376957444
2025-03-05 06:30:00,53.44281252745403
2025-03-05 06:31:00,53.43500143872859
2025-03-05 06:32:00,53.427190503508946
2025-03-05 06:33:00,53.419379721868474
2025-03-05 06:34:00,53.41156909393676
2025-03-05 06:35:00,53.40375861982489
2025-03-05 06:36:00,53.39594829958736
2025-03-05 06:37:00,53.388138133354204
2025-03-05 06:38:00,53.380328121217545
2025-03-05 06:39:00,53.37251826334498
2025-03-05 06:40:00,53.364708554482576
2025-03-05 06:41:00,53.35689900534013
2025-03-05 06:42:00,53.34908961066392
2025-03-05 06:43:00,53.34128037062146
2025-03-05 06:44:00,53.33347128526776
2025-03-05 06:45:00,53.325662354807925
2025-03-05 06:46:00,53.317853579222046
2025-03-05 06:47:00,53.31004495864033
2025-03-05 06:48:00,53.30223649326788
2025-03-05 06:49:00,53.294428183122584
2025-03-05 06:50:00,53.286620028259584
2025-03-05 06:51:00,53.27881202363299
2025-03-05 06:52:00,53.27100417980066
2025-03-05 06:53:00,53.26319649158548
2025-03-05 06:54:00,53.25538895915537
2025-03-05 06:55:00,53.24758158254693
2025-03-05 06:56:00,53.23977436190951
2025-03-05 06:57:00,53.23196729733609
2025-03-05 06:58:00,53.224160388919806
2025-03-05 06:59:00,53.21635363677246
2025-03-05 07:00:00,53.20854704094988
2025-03-05 07:01:00,53.20074060165753
2025-03-05 07:02:00,53.192934313701116
2025-03-05 07:03:00,53.18512818763675
2025-03-05 07:04:00,53.17732221830746
2025-03-05 07:05:00,53.16951640591914
2025-03-05 07:06:00,53.16171075049014
2025-03-05 07:07:00,53.15390525220759
2025-03-05 07:08:00,53.146099911033836
2025-03-05 07:09:00,53.1382947271749
2025-03-05 07:10:00,53.13048970074276
2025-03-05 07:11:00,53.12268483179384
2025-03-05 07:12:00,53.11488012045907
2025-03-05 07:13:00,53.10707556681337
2025-03-05 07:14:00,53.099271165739324
2025-03-05 07:15:00,53.09146692782794
2025-03-05 07:16:00,53.08366284796199
2025-03-05 07:17:00,53.075858926159995
2025-03-05 07:18:00,53.068055162591136
2025-03-05 07:19:00,53.06025155736773
2025-03-05 07:20:00,53.05244811058376
2025-03-05 07:21:00,53.04464482231452
2025-03-05 07:22:00,53.03684169269156
2025-03-05 07:23:00,53.02903872182753
2025-03-05 07:24:00,53.02123590977905
2025-03-05 07:25:00,53.013433251411556
2025-03-05 07:26:00,53.00563075737055
2025-03-05 07:27:00,52.9978284224651
2025-03-05 07:28:00,52.99002624682683
2025-03-05 07:29:00,52.98222423055022
2025-03-05 07:30:00,52.97442237371081
2025-03-05 07:31:00,52.96662067647769
2025-03-05 07:32:00,52.95881913888928
2025-03-05 07:33:00,52.95101776111485
2025-03-05 07:34:00,52.94321654317393
2025-03-05 07:35:00,52.93541548517998
2025-03-05 07:36:00,52.927614582130694
2025-03-05 07:37:00,52.919813844426514
2025-03-05 07:38:00,52.912013267046504
2025-03-05 07:39:00,52.904212850048104
2025-03-05 07:40:00,52.89641259356321
2025-03-05 07:41:00,52.88861249766808
2025-03-05 07:42:00,52.88081256249488
2025-03-05 07:43:00,52.87301278813834
2025-03-05 07:44:00,52.8652131746749
2025-03-05 07:45:00,52.85741372221788
2025-03-05 07:46:00,52.849614430918514
2025-03-05 07:47:00,52.841815295570406
2025-03-05 07:48:00,52.83401632685291
2025-03-05 07:49:00,52.82621751950328
2025-03-05 07:50:00,52.8184188736915
2025-03-05 07:51:00,52.8106203895129
2025-03-05 07:52:00,52.80282206713723
2025-03-05 07:53:00,52.79502390656649
2025-03-05 07:54:00,52.78722590795191
2025-03-05 07:55:00,52.77942807138882
2025-03-05 07:56:00,52.77163039699132
2025-03-05 07:57:00,52.76383288485481
2025-03-05 07:58:00,52.7560355350935
2025-03-05 07:59:00,52.74823834257752
2025-03-05 08:00:00,52.74044131785292
2025-03-05 08:01:00,52.7326444558463
2025-03-05 08:02:00,52.72484775655945
2025-03-05 08:03:00,52.71705122021909
2025-03-05 08:04:00,52.709254846827434
2025-03-05 08:05:00,52.701458636573584
2025-03-05 08:06:00,52.693662589497244
2025-03-05 08:07:00,52.685866705694245
2025-03-05 08:08:00,52.678070985354
2025-03-05 08:09:00,52.67027542851603
2025-03-05 08:10:00,52.6624800300712
2025-03-05 08:11:00,52.65468480052614
2025-03-05 08:12:00,52.64688973484615
2025-03-05 08:13:00,52.639094833090006
2025-03-05 08:14:00,52.63130009539124
2025-03-05 08:15:00,52.6235055218084
2025-03-05 08:16:00,52.615711112437715
2025-03-05 08:17:00,52.6079168674689
2025-03-05 08:18:00,52.60012278692346
2025-03-05 08:19:00,52.592328870934985
2025-03-05 08:20:00,52.58453511961861
2025-03-05 08:21:00,52.57674152781021
2025-03-05 08:22:00,52.56894810612719
2025-03-05 08:23:00,52.561154849405305
2025-03-05 08:24:00,52.55336175777868
2025-03-05 08:25:00,52.54556883132496
2025-03-05 08:26:00,52.537776070140815
2025-03-05 08:27:00,52.52998347437898
2025-03-05 08:28:00,52.52219104407995
2025-03-05 08:29:00,52.51439877941527
2025-03-05 08:30:00,52.506606680481575
2025-03-05 08:31:00,52.498814747301
2025-03-05 08:32:00,52.49102297478594
2025-03-05 08:33:00,52.483231373588815
2025-03-05 08:34:00,52.47543993847291
2025-03-05 08:35:00,52.467648669590986
2025-03-05 08:36:00,52.45985756705872
2025-03-05 08:37:00,52.452066630935875
2025-03-05 08:38:00,52.44427586139417
2025-03-05 08:39:00,52.43648525845611
2025-03-05 08:40:00,52.42869482231207
2025-03-05 08:41:00,52.420904553003325
2025-03-05 08:42:00,52.413114450664345
2025-03-05 08:43:00,52.405324515411294
2025-03-05 08:44:00,52.39753474206489
2025-03-05 08:45:00,52.38974514123828
2025-03-05 08:46:00,52.381955707826734
2025-03-05 08:47:00,52.37416644185325
2025-03-05 08:48:00,52.36637734347119
2025-03-05 08:49:00,52.358588412815635
2025-03-05 08:50:00,52.35079964992795
2025-03-05 08:51:00,52.34301105499903
2025-03-05 08:52:00,52.33522262805206
2025-03-05 08:53:00,52.32743436924067
2025-03-05 08:54:00,52.31964627860658
2025-03-05 08:55:00,52.31185835112156
2025-03-05 08:56:00,52.30407059726615
2025-03-05 08:57:00,52.296283011956106
2025-03-05 08:58:00,52.2884955952707
2025-03-05 08:59:00,52.28070834736403
2025-03-05 09:00:00,52.27292126825912
2025-03-05 09:01:00,52.265134358166186
2025-03-05 09:02:00,52.257347617164704
2025-03-05 09:03:00,52.24956104525927
2025-03-05 09:04:00,52.24177464266008
2025-03-05 09:05:00,52.233988409409356
2025-03-05 09:06:00,52.22620234048072
2025-03-05 09:07:00,52.21841644631509
2025-03-05 09:08:00,52.21063072186745
2025-03-05 09:09:00,52.202845167198845
2025-03-05 09:10:00,52.19505978246358
2025-03-05 09:11:00,52.18727456774145
2025-03-05 09:12:00,52.17948952313115
2025-03-05 09:13:00,52.17170464873098
2025-03-05 09:14:00,52.16391994463952
2025-03-05 09:15:00,52.15613541103016
2025-03-05 09:16:00,52.14835104794553
2025-03-05 09:17:00,52.14056685028619
2025-03-05 09:18:00,52.13278282856586
2025-03-05 09:19:00,52.12499897770379
2025-03-05 09:20:00,52.1172152978548
2025-03-05 09:21:00,52.10943178902449
2025-03-05 09:22:00,52.101648451367694
2025-03-05 09:23:00,52.09386528500194
2025-03-05 09:24:00,52.08608229006383
2025-03-05 09:25:00,52.07829946655877
2025-03-05 09:26:00,52.07051681464205
2025-03-05 09:27:00,52.062734334450035
2025-03-05 09:28:00,52.054952026081985
2025-03-05 09:29:00,52.04716988440274
2025-03-05 09:30:00,52.039387919924145
2025-03-05 09:31:00,52.0316061276045
2025-03-05 09:32:00,52.02382450748718
2025-03-05 09:33:00,52.016043059727515
2025-03-05 09:34:00,52.00826178442504
2025-03-05 09:35:00,52.00048068162307
2025-03-05 09:36:00,51.99269975149577
2025-03-05 09:37:00,51.98491899418017
2025-03-05 09:38:00,51.9771384096824
2025-03-05 09:39:00,51.969357998139486
2025-03-05 09:40:00,51.96157775451157
2025-03-05 09:41:00,51.95379768925219
2025-03-05 09:42:00,51.94601779726541
2025-03-05 09:43:00,51.93823807872599
2025-03-05 09:44:00,51.930458533621426
2025-03-05 09:45:00,51.92267916216372
2025-03-05 09:46:00,51.91489996445279
2025-03-05 09:47:00,51.90712094051411
2025-03-05 09:48:00,51.89934209052215
2025-03-05 09:49:00,51.89156341455851
2025-03-05 09:50:00,51.88378491274178
2025-03-05 09:51:00,51.87600657995927
2025-03-05 09:52:00,51.86822842671859
2025-03-05 09:53:00,51.86045044798143
2025-03-05 09:54:00,51.85267264377333
2025-03-05 09:55:00,51.84489501425086
2025-03-05 09:56:00,51.83711755951435
2025-03-05 09:57:00,51.82934027962669
2025-03-05 09:58:00,51.82156317476305
2025-03-05 09:59:00,51.81378624500546
2025-03-05 10:00:00,51.806009490472874
2025-03-05 10:01:00,51.798232911172796
2025-03-05 10:02:00,51.790456502124584
2025-03-05 10:03:00,51.782680273815274
2025-03-05 10:04:00,51.774904221133625
2025-03-05 10:05:00,51.76712834416185
2025-03-05 10:06:00,51.7593526430567
2025-03-05 10:07:00,51.75157711788162
2025-03-05 10:08:00,51.74380176879361
2025-03-05 10:09:00,51.73602659583758
2025-03-05 10:10:00,51.72825159918916
2025-03-05 10:11:00,51.720476778893364
2025-03-05 10:12:00,51.71270213506982
2025-03-05 10:13:00,51.70492766785717
2025-03-05 10:14:00,51.697153372127495
2025-03-05 10:15:00,51.689379258421475
2025-03-05 10:16:00,51.68160532161115
2025-03-05 10:17:00,51.6738315617979
2025-03-05 10:18:00,51.66605797912015
2025-03-05 10:19:00,51.65828457371696
2025-03-05 10:20:00,51.650511345614895
2025-03-05 10:21:00,51.64273829497135
2025-03-05 10:22:00,51.6349654218694
2025-03-05 10:23:00,51.627192726447696
2025-03-05 10:24:00,51.61942020875196
2025-03-05 10:25:00,51.611647863786644
2025-03-05 10:26:00,51.60387570192253
2025-03-05 10:27:00,51.5961037182013
2025-03-05 10:28:00,51.58833191266897
2025-03-05 10:29:00,51.58056028540849
2025-03-05 10:30:00,51.57278883661503
2025-03-05 10:31:00,51.56501756627872
2025-03-05 10:32:00,51.557246474631874
2025-03-05 10:33:00,51.549475561608844
2025-03-05 10:34:00,51.5417048275167
2025-03-05 10:35:00,51.53393427234565
2025-03-05 10:36:00,51.52616389102736
2025-03-05 10:37:00,51.518393694061096
2025-03-05 10:38:00,51.51062367635969
2025-03-05 10:39:00,51.502853838025516
2025-03-05 10:40:00,51.49508417919821
2025-03-05 10:41:00,51.48731469998005
2025-03-05 10:42:00,51.47954540039889
2025-03-05 10:43:00,51.471776280631815
2025-03-05 10:44:00,51.4640073408186
2025-03-05 10:45:00,51.45623858098701
2025-03-05 10:46:00,51.44847000127712
2025-03-05 10:47:00,51.440701596640885
2025-03-05 10:48:00,51.43293337753834
2025-03-05 10:49:00,51.42516533882821
2025-03-05 10:50:00,51.41739748072502
2025-03-05 10:51:00,51.40962980329436
2025-03-05 10:52:00,51.40186230662045
2025-03-05 10:53:00,51.39409499084352
2025-03-05 10:54:00,51.38632785601057
2025-03-05 10:55:00,51.37856090228037
2025-03-05 10:56:00,51.37079412977482
2025-03-05 10:57:00,51.363027538596896
2025-03-05 10:58:00,51.355261128831046
2025-03-05 10:59:00,51.34749489533806
2025-03-05 11:00:00,51.3397288487621
2025-03-05 11:01:00,51.33196298388932
2025-03-05 11:02:00,51.324197300860185
2025-03-05 11:03:00,51.316431799796774
2025-03-05 11:04:00,51.308666480802515
2025-03-05 11:05:00,51.300901343962124
2025-03-05 11:06:00,51.29313638939788
2025-03-05 11:07:00,51.28537161728782
2025-03-05 11:08:00,51.27760702760495
2025-03-05 11:09:00,51.2698426205648
2025-03-05 11:10:00,51.26207839104854
2025-03-05 11:11:00,51.25431434949328
2025-03-05 11:12:00,51.246550490929145
2025-03-05 11:13:00,51.238786815422614
2025-03-05 11:14:00,51.23102332300321
2025-03-05 11:15:00,51.223260013867936
2025-03-05 11:16:00,51.21549688810204
2025-03-05 11:17:00,51.20773394579092
2025-03-05 11:18:00,51.199971187075846
2025-03-05 11:19:00,51.192208612060995
2025-03-05 11:20:00,51.184446220813335
2025-03-05 11:21:00,51.17668400827139
2025-03-05 11:22:00,51.168921984963575
2025-03-05 11:23:00,51.1611601457914
2025-03-05 11:24:00,51.153398490784596
2025-03-05 11:25:00,51.145637020159484
2025-03-05 11:26:00,51.137875733983066
2025-03-05 11:27:00,51.130114632378444
2025-03-05 11:28:00,51.12235371543162
2025-03-05 11:29:00,51.11459298324707
2025-03-05 11:30:00,51.10683243594786
2025-03-05 11:31:00,51.099072073620256
2025-03-05 11:32:00,51.09131189122353
2025-03-05 11:33:00,51.083551899190354
2025-03-05 11:34:00,51.07579209251746
2025-03-05 11:35:00,51.06803247127248
2025-03-05 11:36:00,51.06027303554148
2025-03-05 11:37:00,51.05251378544816
2025-03-05 11:38:00,51.04475472111594
2025-03-05 11:39:00,51.036995842668695
2025-03-05 11:40:00,51.02923715013686
2025-03-05 11:41:00,51.021478643700114
2025-03-05 11:42:00,51.013720323482175
2025-03-05 11:43:00,51.00596218951369
2025-03-05 11:44:00,50.998204236793455
2025-03-05 11:45:00,50.99044647577035
2025-03-05 11:46:00,50.98268890136861
2025-03-05 11:47:00,50.97493151371228
2025-03-05 11:48:00,50.96717431286944
2025-03-05 11:49:00,50.959417299001466
2025-03-05 11:50:00,50.95166047217678
2025-03-05 11:51:00,50.94390383255669
2025-03-05 11:52:00,50.936147380153656
2025-03-05 11:53:00,50.92839111516672
2025-03-05 11:54:00,50.92063503766412
2025-03-05 11:55:00,50.912879142609114
2025-03-05 11:56:00,50.90512344041162
2025-03-05 11:57:00,50.8973679260904
2025-03-05 11:58:00,50.889612599676894
2025-03-05 11:59:00,50.8818574612773
2025-03-05 12:00:00,50.874102511090584
2025-03-05 12:01:00,50.86634774912961
2025-03-05 12:02:00,50.858593175519296
2025-03-05 12:03:00,50.85083879040292
2025-03-05 12:04:00,50.843084593924004
2025-03-05 12:05:00,50.83533058609552
2025-03-05 12:06:00,50.82757676184539
2025-03-05 12:07:00,50.8198231317861
2025-03-05 12:08:00,50.812069690715035
2025-03-05 12:09:00,50.804316438794444
2025-03-05 12:10:00,50.79656337611225
2025-03-05 12:11:00,50.78881050277501
2025-03-05 12:12:00,50.781057818907776
2025-03-05 12:13:00,50.77330532461729
2025-03-05 12:14:00,50.76555302001034
2025-03-05 12:15:00,50.757800905230596
2025-03-05 12:16:00,50.7500489803293
2025-03-05 12:17:00,50.74229724027303
2025-03-05 12:18:00,50.73454569548626
2025-03-05 12:19:00,50.72679434097273
2025-03-05 12:20:00,50.71904317680241
2025-03-05 12:21:00,50.711292203082245
2025-03-05 12:22:00,50.7035414199006
2025-03-05 12:23:00,50.69579082742058
2025-03-05 12:24:00,50.688040425730605
2025-03-05 12:25:00,50.680290214919324
2025-03-05 12:26:00,50.67254019511262
2025-03-05 12:27:00,50.664790366417826
2025-03-05 12:28:00,50.657040728960794
2025-03-05 12:29:00,50.64929127763596
2025-03-05 12:30:00,50.641542022939845
2025-03-05 12:31:00,50.63379295982254
2025-03-05 12:32:00,50.62604408835426
2025-03-05 12:33:00,50.61829540867996
2025-03-05 12:34:00,50.61054692087
2025-03-05 12:35:00,50.60279862506933
2025-03-05 12:36:00,50.59505052136725
2025-03-05 12:37:00,50.58730260988986
2025-03-05 12:38:00,50.57955489074521
2025-03-05 12:39:00,50.57180736400385
2025-03-05 12:40:00,50.56406002463656
2025-03-05 12:41:00,50.55631288315611
2025-03-05 12:42:00,50.548565934421646
2025-03-05 12:43:00,50.54081917854122
2025-03-05 12:44:00,50.53307261566004
2025-03-05 12:45:00,50.52532624592378
2025-03-05 12:46:00,50.517580069365984
2025-03-05 12:47:00,50.50983408609508
2025-03-05 12:48:00,50.502088296293785
2025-03-05 12:49:00,50.49434270003319
2025-03-05 12:50:00,50.48659729744049
2025-03-05 12:51:00,50.47885208341371
2025-03-05 12:52:00,50.47110706844507
2025-03-05 12:53:00,50.46336224745115
2025-03-05 12:54:00,50.45561762055928
2025-03-05 12:55:00,50.447873187896676
2025-03-05 12:56:00,50.44012894951635
2025-03-05 12:57:00,50.43238490560148
2025-03-05 12:58:00,50.424641056242166
2025-03-05 12:59:00,50.41689740147305
2025-03-05 13:00:00,50.4091539414959
2025-03-05 13:01:00,50.40141067640122
2025-03-05 13:02:00,50.39366760112616
2025-03-05 13:03:00,50.385924726067785
2025-03-05 13:04:00,50.37818204629342
2025-03-05 13:05:00,50.370439561782085
2025-03-05 13:06:00,50.362697272717334
2025-03-05 13:07:00,50.35495517922713
2025-03-05 13:08:00,50.3472132813278
2025-03-05 13:09:00,50.33947157925886
2025-03-05 13:10:00,50.331730072980974
2025-03-05 13:11:00,50.323988762770874
2025-03-05 13:12:00,50.316247648571014
2025-03-05 13:13:00,50.30850673063947
2025-03-05 13:14:00,50.30076600384118
2025-03-05 13:15:00,50.29302547864534
2025-03-05 13:16:00,50.28528514997252
2025-03-05 13:17:00,50.27754501800681
2025-03-05 13:18:00,50.26980508276512
2025-03-05 13:19:00,50.2620653444318
2025-03-05 13:20:00,50.25432580304232
2025-03-05 13:21:00,50.2465864587811
2025-03-05 13:22:00,50.238847311720875
2025-03-05 13:23:00,50.23110836199027
2025-03-05 13:24:00,50.22336960971816
2025-03-05 13:25:00,50.21563104975283
2025-03-05 13:26:00,50.20789269267247
2025-03-05 13:27:00,50.20015453334411
2025-03-05 13:28:00,50.19241657195227
2025-03-05 13:29:00,50.18467880847737
2025-03-05 13:30:00,50.176941243122776
2025-03-05 13:31:00,50.16920387603599
2025-03-05 13:32:00,50.16146670723484
2025-03-05 13:33:00,50.153729736903955
2025-03-05 13:34:00,50.14599296509852
2025-03-05 13:35:00,50.13825639194765
2025-03-05 13:36:00,50.13052001246886
2025-03-05 13:37:00,50.1227838369781
2025-03-05 13:38:00,50.115047860492865
2025-03-05 13:39:00,50.1073120831427
2025-03-05 13:40:00,50.09957650505702
2025-03-05 13:41:00,50.09184112627263
2025-03-05 13:42:00,50.08410594691894
2025-03-05 13:43:00,50.07637096718145
2025-03-05 13:44:00,50.06863618709706
2025-03-05 13:45:00,50.060901606758456
2025-03-05 13:46:00,50.05316722636956
2025-03-05 13:47:00,50.04543304078282
2025-03-05 13:48:00,50.03769906051623
2025-03-05 13:49:00,50.0299652805149
2025-03-05 13:50:00,50.02223170083468
2025-03-05 13:51:00,50.01449832156825
2025-03-05 13:52:00,50.006765142957434
2025-03-05 13:53:00,49.99903216496524
2025-03-05 13:54:00,49.991299387833195
2025-03-05 13:55:00,49.98356681158025
2025-03-05 13:56:00,49.97583443635521
2025-03-05 13:57:00,49.968102262270016
2025-03-05 13:58:00,49.96037028945508
2025-03-05 13:59:00,49.95263851276483
2025-03-05 14:00:00,49.94490694278898
2025-03-05 14:01:00,49.937175574382344
2025-03-05 14:02:00,49.92944440769387
2025-03-05 14:03:00,49.92171344279855
2025-03-05 14:04:00,49.91398267979012
2025-03-05 14:05:00,49.90625211891065
2025-03-05 14:06:00,49.89852176012398
2025-03-05 14:07:00,49.89079160361666
2025-03-05 14:08:00,49.883061649463976
2025-03-05 14:09:00,49.87533189787111
2025-03-05 14:10:00,49.867602343639
2025-03-05 14:11:00,49.85987299735506
2025-03-05 14:12:00,49.85214385383873
2025-03-05 14:13:00,49.8444149132954
2025-03-05 14:14:00,49.83668617581925
2025-03-05 14:15:00,49.82895764154157
2025-03-05 14:16:00,49.821229310501046
2025-03-05 14:17:00,49.81350118286598
2025-03-05 14:18:00,49.80577325876796
2025-03-05 14:19:00,49.79804553826434
2025-03-05 14:20:00,49.79031802152378
2025-03-05 14:21:00,49.782590703441706
2025-03-05 14:22:00,49.7748635945108
2025-03-05 14:23:00,49.76713668960818
2025-03-05 14:24:00,49.75940998895821
2025-03-05 14:25:00,49.75168349258148
2025-03-05 14:26:00,49.74395720064691
2025-03-05 14:27:00,49.736231113249495
2025-03-05 14:28:00,49.72850523046535
2025-03-05 14:29:00,49.72077955246386
2025-03-05 14:30:00,49.71305407932128
2025-03-05 14:31:00,49.70532881118839
2025-03-05 14:32:00,49.697603742925544
2025-03-05 14:33:00,49.68987888511606
2025-03-05 14:34:00,49.68215423260157
2025-03-05 14:35:00,49.674429785533256
2025-03-05 14:36:00,49.666705544024644
2025-03-05 14:37:00,49.658981508208505
2025-03-05 14:38:00,49.65125767814312
2025-03-05 14:39:00,49.643534053997925
2025-03-05 14:40:00,49.6358106358316
2025-03-05 14:41:00,49.628087423850914
2025-03-05 14:42:00,49.62036441804026
2025-03-05 14:43:00,49.612641618606474
2025-03-05 14:44:00,49.604919020486555
2025-03-05 14:45:00,49.59719663411267
2025-03-05 14:46:00,49.58947445444031
2025-03-05 14:47:00,49.58175248158378
2025-03-05 14:48:00,49.57403071563911
2025-03-05 14:49:00,49.56630915672091
2025-03-05 14:50:00,49.55858780501776
2025-03-05 14:51:00,49.55086666049631
2025-03-05 14:52:00,49.543145723419265
2025-03-05 14:53:00,49.5354249938275
2025-03-05 14:54:00,49.52770447183571
2025-03-05 14:55:00,49.519984152401285
2025-03-05 14:56:00,49.51226404599141
2025-03-05 14:57:00,49.504544147526346
2025-03-05 14:58:00,49.49682445712111
2025-03-05 14:59:00,49.48910497494653
2025-03-05 15:00:00,49.48138570102478
2025-03-05 15:01:00,49.473666635526975
2025-03-05 15:02:00,49.465947778568186
2025-03-05 15:03:00,49.4582291302453
2025-03-05 15:04:00,49.45051069069227
2025-03-05 15:05:00,49.44279245998733
2025-03-05 15:06:00,49.43507443308996
2025-03-05 15:07:00,49.42735662050197
2025-03-05 15:08:00,49.41963901712719
2025-03-05 15:09:00,49.41192162309984
2025-03-05 15:10:00,49.4042044384986
2025-03-05 15:11:00,49.396487463439186
2025-03-05 15:12:00,49.3887706980929
2025-03-05 15:13:00,49.38105414253851
2025-03-05 15:14:00,49.373337796873614
2025-03-05 15:15:00,49.365621661251055
2025-03-05 15:16:00,49.35790573573142
2025-03-05 15:17:00,49.35019001533163
2025-03-05 15:18:00,49.34247451049575
2025-03-05 15:19:00,49.33475921607396
2025-03-05 15:20:00,49.327044132275276
2025-03-05 15:21:00,49.31932925921594
2025-03-05 15:22:00,49.311614596993714
2025-03-05 15:23:00,49.30390014572507
2025-03-05 15:24:00,49.29618590548942
2025-03-05 15:25:00,49.28847187644034
2025-03-05 15:26:00,49.28075805867585
2025-03-05 15:27:00,49.27304445233106
2025-03-05 15:28:00,49.265331057504184
2025-03-05 15:29:00,49.257617869159
2025-03-05 15:30:00,49.24990489771833
2025-03-05 15:31:00,49.242192138164505
2025-03-05 15:32:00,49.23447959057726
2025-03-05 15:33:00,49.22676725511075
2025-03-05 15:34:00,49.21905513188188
2025-03-05 15:35:00,49.21134322097076
2025-03-05 15:36:00,49.20363152249441
2025-03-05 15:37:00,49.19592003660713
2025-03-05 15:38:00,49.18820876340765
2025-03-05 15:39:00,49.18049770297609
2025-03-05 15:40:00,49.17278685029695
2025-03-05 15:41:00,49.165076215846454
2025-03-05 15:42:00,49.15736579453446
2025-03-05 15:43:00,49.14965558644181
2025-03-05 15:44:00,49.141945591778565
2025-03-05 15:45:00,49.13423581062522
2025-03-05 15:46:00,49.12652624304407
2025-03-05 15:47:00,49.1188168891897
2025-03-05 15:48:00,49.11110774921705
2025-03-05 15:49:00,49.10339882315144
2025-03-05 15:50:00,49.09569011118483
2025-03-05 15:51:00,49.08798160826654
2025-03-05 15:52:00,49.08027332479628
2025-03-05 15:53:00,49.07256525577908
2025-03-05 15:54:00,49.064857401314434
2025-03-05 15:55:00,49.05714976148364
2025-03-05 15:56:00,49.04944233640481
2025-03-05 15:57:00,49.04173512628893
2025-03-05 15:58:00,49.03402813114318
2025-03-05 15:59:00,49.0263213511046
2025-03-05 16:00:00,49.01861478631004
2025-03-05 16:01:00,49.01090843691524
2025-03-05 16:02:00,49.003202297778884
2025-03-05 16:03:00,48.995496379465145
2025-03-05 16:04:00,48.98779067683292
2025-03-05 16:05:00,48.980085190019494
2025-03-05 16:06:00,48.97237991918074
2025-03-05 16:07:00,48.964674864398454
2025-03-05 16:08:00,48.95697002575439
2025-03-05 16:09:00,48.949265403404745
2025-03-05 16:10:00,48.941560997524036
2025-03-05 16:11:00,48.93385680813889
2025-03-05 16:12:00,48.926152835405276
2025-03-05 16:13:00,48.918449079424164
2025-03-05 16:14:00,48.91074553518614
2025-03-05 16:15:00,48.90304221310464
2025-03-05 16:16:00,48.895339108170454
2025-03-05 16:17:00,48.88763622039212
2025-03-05 16:18:00,48.87993354999995
2025-03-05 16:19:00,48.87223109713216
2025-03-05 16:20:00,48.86452886179735
2025-03-05 16:21:00,48.85682684417053
2025-03-05 16:22:00,48.84912504435304
2025-03-05 16:23:00,48.8414234624832
2025-03-05 16:24:00,48.83372209868075
2025-03-05 16:25:00,48.82602094788327
2025-03-05 16:26:00,48.81832002057559
2025-03-05 16:27:00,48.81061931163975
2025-03-05 16:28:00,48.80291882123277
2025-03-05 16:29:00,48.79521854951172
2025-03-05 16:30:00,48.78751849648602
2025-03-05 16:31:00,48.77981866238671
2025-03-05 16:32:00,48.772119047297174
2025-03-05 16:33:00,48.76441965128213
2025-03-05 16:34:00,48.75672047453622
2025-03-05 16:35:00,48.7490215171057
2025-03-05 16:36:00,48.74132277404134
2025-03-05 16:37:00,48.73362425569616
2025-03-05 16:38:00,48.72592595708377
2025-03-05 16:39:00,48.71822787826932
2025-03-05 16:40:00,48.71053001941069
2025-03-05 16:41:00,48.702832380591644
2025-03-05 16:42:00,48.69513496200696
2025-03-05 16:43:00,48.687437763685246
2025-03-05 16:44:00,48.67974078576597
2025-03-05 16:45:00,48.672044028444056
2025-03-05 16:46:00,48.66434749172981
2025-03-05 16:47:00,48.65665117062047
2025-03-05 16:48:00,48.648955075577646
2025-03-05 16:49:00,48.64125920156144
2025-03-05 16:50:00,48.63356354863812
2025-03-05 16:51:00,48.625868117002675
2025-03-05 16:52:00,48.61817290672131
2025-03-05 16:53:00,48.61047791793396
2025-03-05 16:54:00,48.60278315072546
2025-03-05 16:55:00,48.59508860527251
2025-03-05 16:56:00,48.587394281623105
2025-03-05 16:57:00,48.579700179973045
2025-03-05 16:58:00,48.57200630038856
2025-03-05 16:59:00,48.56431263779535
2025-03-05 17:00:00,48.55661920274479
2025-03-05 17:01:00,48.5489259901442
2025-03-05 17:02:00,48.54123300004159
2025-03-05 17:03:00,48.53354023263316
2025-03-05 17:04:00,48.52584768804096
2025-03-05 17:05:00,48.518155366368646
2025-03-05 17:06:00,48.51046326768329
2025-03-05 17:07:00,48.50277139212564
2025-03-05 17:08:00,48.49507973992898
2025-03-05 17:09:00,48.48738831106804
2025-03-05 17:10:00,48.47969710061828
2025-03-05 17:11:00,48.47200611887031
2025-03-05 17:12:00,48.464315360936496
2025-03-05 17:13:00,48.456624826847396
2025-03-05 17:14:00,48.44893451678097
2025-03-05 17:15:00,48.44124443074941
2025-03-05 17:16:00,48.43355456898638
2025-03-05 17:17:00,48.42586493159634
2025-03-05 17:18:00,48.41817551862843
2025-03-05 17:19:00,48.410486330279596
2025-03-05 17:20:00,48.402797366617484
2025-03-05 17:21:00,48.39510862264617
2025-03-05 17:22:00,48.38742010876451
2025-03-05 17:23:00,48.379731819957755
2025-03-05 17:24:00,48.37204375634939
2025-03-05 17:25:00,48.36435591797057
2025-03-05 17:26:00,48.35666830511083
2025-03-05 17:27:00,48.34898091776471
2025-03-05 17:28:00,48.341293756073945
2025-03-05 17:29:00,48.333606820180954
2025-03-05 17:30:00,48.32592011020934
2025-03-05 17:31:00,48.31823362626441
2025-03-05 17:32:00,48.310547363315635
2025-03-05 17:33:00,48.30286133175907
2025-03-05 17:34:00,48.295175526600964
2025-03-05 17:35:00,48.28748994796543
2025-03-05 17:36:00,48.2798045959764
2025-03-05 17:37:00,48.27211947068434
2025-03-05 17:38:00,48.264434572305674
2025-03-05 17:39:00,48.256749900946296
2025-03-05 17:40:00,48.24906545663823
2025-03-05 17:41:00,48.241381239579695
2025-03-05 17:42:00,48.23369724987665
2025-03-05 17:43:00,48.226013487672176
2025-03-05 17:44:00,48.218329947901026
2025-03-05 17:45:00,48.21064664101207
2025-03-05 17:46:00,48.20296356188484
2025-03-05 17:47:00,48.195280710791785
2025-03-05 17:48:00,48.18759808772835
2025-03-05 17:49:00,48.17991569293038
2025-03-05 17:50:00,48.17223352639365
2025-03-05 17:51:00,48.164551588298266
2025-03-05 17:52:00,48.15686987880643
2025-03-05 17:53:00,48.1491883979879
2025-03-05 17:54:00,48.14150714593083
2025-03-05 17:55:00,48.133826117720005
2025-03-05 17:56:00,48.126145323672766
2025-03-05 17:57:00,48.11846475876308
2025-03-05 17:58:00,48.1107844232085
2025-03-05 17:59:00,48.10310431700561
2025-03-05 18:00:00,48.09542444039044
2025-03-05 18:01:00,48.08774479339649
2025-03-05 18:02:00,48.08006537622323
2025-03-05 18:03:00,48.07238618888569
2025-03-05 18:04:00,48.06470723160204
2025-03-05 18:05:00,48.0570285044426
2025-03-05 18:06:00,48.04935000242062
2025-03-05 18:07:00,48.04167173590633
2025-03-05 18:08:00,48.03399369994966
2025-03-05 18:09:00,48.02631589456614
2025-03-05 18:10:00,48.018638319974144
2025-03-05 18:11:00,48.010960976244554
2025-03-05 18:12:00,48.00328386350365
2025-03-05 18:13:00,47.99560698185954
2025-03-05 18:14:00,47.98793033147534
2025-03-05 18:15:00,47.98025391244077
2025-03-05 18:16:00,47.97257772493766
2025-03-05 18:17:00,47.96490176385227
2025-03-05 18:18:00,47.957226039626256
2025-03-05 18:19:00,47.94955054725635
2025-03-05 18:20:00,47.94187528690654
2025-03-05 18:21:00,47.93420025861112
2025-03-05 18:22:00,47.92652546253412
2025-03-05 18:23:00,47.91885089880247
2025-03-05 18:24:00,47.91117656754334
2025-03-05 18:25:00,47.90350246886531
2025-03-05 18:26:00,47.8958286028956
2025-03-05 18:27:00,47.88815496970613
2025-03-05 18:28:00,47.88048156953484
2025-03-05 18:29:00,47.87280839728897
2025-03-05 18:30:00,47.8651354633704
2025-03-05 18:31:00,47.85746276274187
2025-03-05 18:32:00,47.84979029558599
2025-03-05 18:33:00,47.8421180620305
2025-03-05 18:34:00,47.834446062147755
2025-03-05 18:35:00,47.826774296028724
2025-03-05 18:36:00,47.81910276387486
2025-03-05 18:37:00,47.811431465832435
2025-03-05 18:38:00,47.80376040190059
2025-03-05 18:39:00,47.796089572299316
2025-03-05 18:40:00,47.78841897197511
2025-03-05 18:41:00,47.780748611364146
2025-03-05 18:42:00,47.77307848543141
2025-03-05 18:43:00,47.76540859430499
2025-03-05 18:44:00,47.757738938039616
2025-03-05 18:45:00,47.75006951689275
2025-03-05 18:46:00,47.74240033090059
2025-03-05 18:47:00,47.73473138015479
2025-03-05 18:48:00,47.72706266487615
2025-03-05 18:49:00,47.719394185064274
2025-03-05 18:50:00,47.711725941013746
2025-03-05 18:51:00,47.70405792756268
2025-03-05 18:52:00,47.696390155163314
2025-03-05 18:53:00,47.68872261878285
2025-03-05 18:54:00,47.68105531860551
2025-03-05 18:55:00,47.67338825464969
2025-03-05 18:56:00,47.6657214271736
2025-03-05 18:57:00,47.658054836158946
2025-03-05 18:58:00,47.65038848182689
2025-03-05 18:59:00,47.64272236428864
2025-03-05 19:00:00,47.6350564836549
2025-03-05 19:01:00,47.62739084001833
2025-03-05 19:02:00,47.61972542840373
2025-03-05 19:03:00,47.61206025920525
2025-03-05 19:04:00,47.60439532739267
2025-03-05 19:05:00,47.59673063313245
2025-03-05 19:06:00,47.58906617649893
2025-03-05 19:07:00,47.58140195765888
2025-03-05 19:08:00,47.57373797670523
2025-03-05 19:09:00,47.56607423380488
2025-03-05 19:10:00,47.558410729014106
2025-03-05 19:11:00,47.550747462481404
2025-03-05 19:12:00,47.54308443437366
2025-03-05 19:13:00,47.53542164478442
2025-03-05 19:14:00,47.52775908868557
2025-03-05 19:15:00,47.520096776524056
2025-03-05 19:16:00,47.51243470321676
2025-03-05 19:17:00,47.50477286896758
2025-03-05 19:18:00,47.49711127383355
2025-03-05 19:19:00,47.489449917982135
2025-03-05 19:20:00,47.481788801525546
2025-03-05 19:21:00,47.474127924594264
2025-03-05 19:22:00,47.46646728730096
2025-03-05 19:23:00,47.4588068897948
2025-03-05 19:24:00,47.45114673218829
2025-03-05 19:25:00,47.44348680943737
2025-03-05 19:26:00,47.435827131968175
2025-03-05 19:27:00,47.428167694810085
2025-03-05 19:28:00,47.42050849800231
2025-03-05 19:29:00,47.41284954174982
2025-03-05 19:30:00,47.4051908261102
2025-03-05 19:31:00,47.3975323513069
2025-03-05 19:32:00,47.38987411736089
2025-03-05 19:33:00,47.382216124422165
2025-03-05 19:34:00,47.374558372659074
2025-03-05 19:35:00,47.36690086218479
2025-03-05 19:36:00,47.359243587976245
2025-03-05 19:37:00,47.351586560419854
2025-03-05 19:38:00,47.34392977447412
2025-03-05 19:39:00,47.33627323036284
2025-03-05 19:40:00,47.32861692816287
2025-03-05 19:41:00,47.32096086798776
2025-03-05 19:42:00,47.31330504995131
2025-03-05 19:43:00,47.30564947420409
2025-03-05 19:44:00,47.297994140859885
2025-03-05 19:45:00,47.290339050087766
2025-03-05 19:46:00,47.28268420196501
2025-03-05 19:47:00,47.275029591470876
2025-03-05 19:48:00,47.267375229044326
2025-03-05 19:49:00,47.25972110968301
2025-03-05 19:50:00,47.25206723344613
2025-03-05 19:51:00,47.244413600558055
2025-03-05 19:52:00,47.23676021105998
2025-03-05 19:53:00,47.22910706512121
2025-03-05 19:54:00,47.2214541628381
2025-03-05 19:55:00,47.213801504380264
2025-03-05 19:56:00,47.20614908980717
2025-03-05 19:57:00,47.19849691934402
2025-03-05 19:58:00,47.19084499305035
2025-03-05 19:59:00,47.1831933059265
2025-03-05 20:00:00,47.17554186837172
2025-03-05 20:01:00,47.16789067536795
2025-03-05 20:02:00,47.16023972704879
2025-03-05 20:03:00,47.15258902360277
2025-03-05 20:04:00,47.14493856505313
2025-03-05 20:05:00,47.137288351588836
2025-03-05 20:06:00,47.129638383343526
2025-03-05 20:07:00,47.121988660414175
2025-03-05 20:08:00,47.11433918291616
2025-03-05 20:09:00,47.106689950983714
2025-03-05 20:10:00,47.09904095969278
2025-03-05 20:11:00,47.09139221934831
2025-03-05 20:12:00,47.08374372495318
2025-03-05 20:13:00,47.07609547664127
2025-03-05 20:14:00,47.06844747458386
2025-03-05 20:15:00,47.06079971886005
2025-03-05 20:16:00,47.05315220960427
2025-03-05 20:17:00,47.04550494695092
2025-03-05 20:18:00,47.03785793101616
2025-03-05 20:19:00,47.030211161953154
2025-03-05 20:20:00,47.02256463987795
2025-03-05 20:21:00,47.014918359795765
2025-03-05 20:22:00,47.007272332082444
2025-03-05 20:23:00,46.99962655174318
2025-03-05 20:24:00,46.991981018894336
2025-03-05 20:25:00,46.98433573368957
2025-03-05 20:26:00,46.976690696208564
2025-03-05 20:27:00,46.96904590664179
2025-03-05 20:28:00,46.96140136505093
2025-03-05 20:29:00,46.95375707164482
2025-03-05 20:30:00,46.94611302648521
2025-03-05 20:31:00,46.93846922972592
2025-03-05 20:32:00,46.93082567637468
2025-03-05 20:33:00,46.923182376804604
2025-03-05 20:34:00,46.91553932602325
2025-03-05 20:35:00,46.90789652414785
2025-03-05 20:36:00,46.900253971295925
2025-03-05 20:37:00,46.89261166763999
2025-03-05 20:38:00,46.88496961329777
2025-03-05 20:39:00,46.87732780836824
2025-03-05 20:40:00,46.8696862529509
2025-03-05 20:41:00,46.86204494727371
2025-03-05 20:42:00,46.854403891399464
2025-03-05 20:43:00,46.8467630854458
2025-03-05 20:44:00,46.83912252447842
2025-03-05 20:45:00,46.83148221883054
2025-03-05 20:46:00,46.82384216349441
2025-03-05 20:47:00,46.81620235864316
2025-03-05 20:48:00,46.8085628044132
2025-03-05 20:49:00,46.80092350083136
2025-03-05 20:50:00,46.79328444814437
2025-03-05 20:51:00,46.78564564641568
2025-03-05 20:52:00,46.778007095818936
2025-03-05 20:53:00,46.77036879645428
2025-03-05 20:54:00,46.76273074845888
2025-03-05 20:55:00,46.755092946827006
2025-03-05 20:56:00,46.74745540196311
2025-03-05 20:57:00,46.73981810884323
2025-03-05 20:58:00,46.732181067622896
2025-03-05 20:59:00,46.72454427842132
2025-03-05 21:00:00,46.716907741394294
2025-03-05 21:01:00,46.709271456624144
2025-03-05 21:02:00,46.701635424211915
2025-03-05 21:03:00,46.69399964436858
2025-03-05 21:04:00,46.686364117250314
2025-03-05 21:05:00,46.67872884288461
2025-03-05 21:06:00,46.67109381634213
2025-03-05 21:07:00,46.663459047987594
2025-03-05 21:08:00,46.65582453279962
2025-03-05 21:09:00,46.64819027095297
2025-03-05 21:10:00,46.64055626254928
2025-03-05 21:11:00,46.63292250772663
2025-03-05 21:12:00,46.62528900662322
2025-03-05 21:13:00,46.61765575937778
2025-03-05 21:14:00,46.61002276609172
2025-03-05 21:15:00,46.602390026885296
2025-03-05 21:16:00,46.59475754193392
2025-03-05 21:17:00,46.58712530629198
2025-03-05 21:18:00,46.57949333019335
2025-03-05 21:19:00,46.57186160872919
2025-03-05 21:20:00,46.5642301420568
2025-03-05 21:21:00,46.55659893027832
2025-03-05 21:22:00,46.548967973496076
2025-03-05 21:23:00,46.54133727188601
2025-03-05 21:24:00,46.5337068255688
2025-03-05 21:25:00,46.52607663466536
2025-03-05 21:26:00,46.51844669931504
2025-03-05 21:27:00,46.51081701963892
2025-03-05 21:28:00,46.50318759577636
2025-03-05 21:29:00,46.49555842274795
2025-03-05 21:30:00,46.487929510894666
2025-03-05 21:31:00,46.4803008552738
2025-03-05 21:32:00,46.472672455951795
2025-03-05 21:33:00,46.4650443131417
2025-03-05 21:34:00,46.45741642689166
2025-03-05 21:35:00,46.449788797415124
2025-03-05 21:36:00,46.44216142481541
2025-03-05 21:37:00,46.43453430917761
2025-03-05 21:38:00,46.426907450678534
2025-03-05 21:39:00,46.41928084947675
2025-03-05 21:40:00,46.411654500540536
2025-03-05 21:41:00,46.40402841424468
2025-03-05 21:42:00,46.396402585575736
2025-03-05 21:43:00,46.38877701472906
2025-03-05 21:44:00,46.38115170180878
2025-03-05 21:45:00,46.37352664693728
2025-03-05 21:46:00,46.36590185029172
2025-03-05 21:47:00,46.35827731190327
2025-03-05 21:48:00,46.350653032022684
2025-03-05 21:49:00,46.34302901069919
2025-03-05 21:50:00,46.33540524812896
2025-03-05 21:51:00,46.32778173930101
2025-03-05 21:52:00,46.320158494550874
2025-03-05 21:53:00,46.312535508904276
2025-03-05 21:54:00,46.30491278253913
2025-03-05 21:55:00,46.29729031556029
2025-03-05 21:56:00,46.28966810809086
2025-03-05 21:57:00,46.28204616027244
2025-03-05 21:58:00,46.2744244722467
2025-03-05 21:59:00,46.26680304415524
2025-03-05 22:00:00,46.25918187606686
2025-03-05 22:01:00,46.2515609682329
2025-03-05 22:02:00,46.24394031555371
2025-03-05 22:03:00,46.236319928453604
2025-03-05 22:04:00,46.22869980194258
2025-03-05 22:05:00,46.221079936162795
2025-03-05 22:06:00,46.213460331201595
2025-03-05 22:07:00,46.205840987311035
2025-03-05 22:08:00,46.19822190445035
2025-03-05 22:09:00,46.19060308285367
2025-03-05 22:10:00,46.182984522663546
2025-03-05 22:11:00,46.175366224040715
2025-03-05 22:12:00,46.16774818703641
2025-03-05 22:13:00,46.160130411793325
2025-03-05 22:14:00,46.15251289343439
2025-03-05 22:15:00,46.14489564219751
2025-03-05 22:16:00,46.13727865316897
2025-03-05 22:17:00,46.129661926491615
2025-03-05 22:18:00,46.1220454622174
2025-03-05 22:19:00,46.11442926058058
2025-03-05 22:20:00,46.10681332168822
2025-03-05 22:21:00,46.09919764562848
2025-03-05 22:22:00,46.091582232599855
2025-03-05 22:23:00,46.083967082672515
2025-03-05 22:24:00,46.07635219604511
2025-03-05 22:25:00,46.068737567732924
2025-03-05 22:26:00,46.06112320804481
2025-03-05 22:27:00,46.05350911201445
2025-03-05 22:28:00,46.045895279822396
2025-03-05 22:29:00,46.0382817115575
2025-03-05 22:30:00,46.03066840740074
2025-03-05 22:31:00,46.02305536744099
2025-03-05 22:32:00,46.01544259184084
2025-03-05 22:33:00,46.007830080708
2025-03-05 22:34:00,46.000217834205046
2025-03-05 22:35:00,45.99260585243971
2025-03-05 22:36:00,45.984994130503544
2025-03-05 22:37:00,45.97738267868393
2025-03-05 22:38:00,45.96977149201738
2025-03-05 22:39:00,45.962160570685164
2025-03-05 22:40:00,45.954549914740696
2025-03-05 22:41:00,45.946939524365234
2025-03-05 22:42:00,45.93932939972219
2025-03-05 22:43:00,45.931719540956465
2025-03-05 22:44:00,45.924109948103435
2025-03-05 22:45:00,45.91650062141796
2025-03-05 22:46:00,45.90889156095399
2025-03-05 22:47:00,45.901282761750466
2025-03-05 22:48:00,45.893674234220306
2025-03-05 22:49:00,45.88606597334756
2025-03-05 22:50:00,45.87845797925972
2025-03-05 22:51:00,45.87085025206586
2025-03-05 22:52:00,45.86324279196627
2025-03-05 22:53:00,45.85563559910693
2025-03-05 22:54:00,45.848028673542295
2025-03-05 22:55:00,45.840422015472996
2025-03-05 22:56:00,45.83281562500846
2025-03-05 22:57:00,45.82520950233157
2025-03-05 22:58:00,45.817603647496874
2025-03-05 22:59:00,45.80999805563784
2025-03-05 23:00:00,45.80239273698141
2025-03-05 23:01:00,45.79478768666106
2025-03-05 23:02:00,45.78718290476832
2025-03-05 23:03:00,45.77957839144977
2025-03-05 23:04:00,45.77197414685205
2025-03-05 23:05:00,45.76437017108539
2025-03-05 23:06:00,45.7567664643147
2025-03-05 23:07:00,45.74916302665033
2025-03-05 23:08:00,45.74155985827579
2025-03-05 23:09:00,45.733956959283326
2025-03-05 23:10:00,45.72635432471735
2025-03-05 23:11:00,45.71875196493043
2025-03-05 23:12:00,45.711149874948596
2025-03-05 23:13:00,45.70354805488275
2025-03-05 23:14:00,45.69594650497176
2025-03-05 23:15:00,45.68834522527169
2025-03-05 23:16:00,45.68074421587509
2025-03-05 23:17:00,45.67314347702116
2025-03-05 23:18:00,45.665543008839244
2025-03-05 23:19:00,45.65794281134943
2025-03-05 23:20:00,45.65034288482723
2025-03-05 23:21:00,45.64274322424715
2025-03-05 23:22:00,45.63514383995833
2025-03-05 23:23:00,45.62754472697178
2025-03-05 23:24:00,45.61994588552673
2025-03-05 23:25:00,45.61234731560745
2025-03-05 23:26:00,45.60474901747167
2025-03-05 23:27:00,45.59715099123112
2025-03-05 23:28:00,45.58955323696157
2025-03-05 23:29:00,45.581955754866115
2025-03-05 23:30:00,45.57435854507536
2025-03-05 23:31:00,45.566761607774396
2025-03-05 23:32:00,45.55916493788571
2025-03-05 23:33:00,45.551568545846735
2025-03-05 23:34:00,45.543972426616534
2025-03-05 23:35:00,45.53637658043543
2025-03-05 23:36:00,45.52878100736118
2025-03-05 23:37:00,45.521185707561365
2025-03-05 23:38:00,45.51359068118511
2025-03-05 23:39:00,45.50599592830896
2025-03-05 23:40:00,45.49840144919172
2025-03-05 23:41:00,45.490807243891666
2025-03-05 23:42:00,45.483213312503686
2025-03-05 23:43:00,45.475619655268815
2025-03-05 23:44:00,45.46802626722197
2025-03-05 23:45:00,45.46043315859658
2025-03-05 23:46:00,45.45284032453742
2025-03-05 23:47:00,45.4452477651395
2025-03-05 23:48:00,45.43765548055294
2025-03-05 23:49:00,45.430063470873236
2025-03-05 23:50:00,45.42247173630544
2025-03-05 23:51:00,45.414880276981435
2025-03-05 23:52:00,45.407289093033505
2025-03-05 23:53:00,45.39969818461212
2025-03-05 23:54:00,45.39210755175837
2025-03-05 23:55:00,45.38451718969243
2025-03-05 23:56:00,45.37692710859032
2025-03-05 23:57:00,45.36933730358103
2025-03-05 23:58:00,45.36174777476071
2025-03-05 23:59:00,45.354158522335055
2025-03-06 00:00:00,45.346569546363924
2025-03-06 00:01:00,45.33898084703483
2025-03-06 00:02:00,45.33139242449911
2025-03-06 00:03:00,45.323804278871506
2025-03-06 00:04:00,45.316216410285215
2025-03-06 00:05:00,45.308628818873416
2025-03-06 00:06:00,45.301041499767734
2025-03-06 00:07:00,45.29345446319625
2025-03-06 00:08:00,45.28586770427238
2025-03-06 00:09:00,45.278281223093096
2025-03-06 00:10:00,45.2706950198285
2025-03-06 00:11:00,45.263109094575945
2025-03-06 00:12:00,45.25552344756039
2025-03-06 00:13:00,45.24793807884266
2025-03-06 00:14:00,45.24035298855681
2025-03-06 00:15:00,45.232768176964484
2025-03-06 00:16:00,45.22518364405392
2025-03-06 00:17:00,45.21759938501425
2025-03-06 00:18:00,45.210015410070476
2025-03-06 00:19:00,45.202431714302676
2025-03-06 00:20:00,45.19484829782677
2025-03-06 00:21:00,45.18726516086859
2025-03-06 00:22:00,45.17968230348976
2025-03-06 00:23:00,45.17209972586144
2025-03-06 00:24:00,45.16451742813663
2025-03-06 00:25:00,45.156935410450316
2025-03-06 00:26:00,45.149353672882555
2025-03-06 00:27:00,45.14177221567792
2025-03-06 00:28:00,45.13419103893497
2025-03-06 00:29:00,45.12661013768184
2025-03-06 00:30:00,45.119029522268264
2025-03-06 00:31:00,45.1114491877949
2025-03-06 00:32:00,45.10386913428813
2025-03-06 00:33:00,45.09628936197465
2025-03-06 00:34:00,45.08870987100805
2025-03-06 00:35:00,45.081130661451425
2025-03-06 00:36:00,45.07355173353142
2025-03-06 00:37:00,45.065973087347444
2025-03-06 00:38:00,45.058394723072226
2025-03-06 00:39:00,45.05081664080489
2025-03-06 00:40:00,45.04323883564963
2025-03-06 00:41:00,45.035661317861894
2025-03-06 00:42:00,45.028084082581884
2025-03-06 00:43:00,45.02050712987317
2025-03-06 00:44:00,45.01293045996322
2025-03-06 00:45:00,45.00535407293409
2025-03-06 00:46:00,44.99777796890398
2025-03-06 00:47:00,44.990202148118904
2025-03-06 00:48:00,44.98262661058828
2025-03-06 00:49:00,44.9750513565582
2025-03-06 00:50:00,44.967476386147354
2025-03-06 00:51:00,44.959901694426165
2025-03-06 00:52:00,44.95232729168346
2025-03-06 00:53:00,44.944753172989586
2025-03-06 00:54:00,44.9371793384819
2025-03-06 00:55:00,44.92960578833412
2025-03-06 00:56:00,44.92203252261107
2025-03-06 00:57:00,44.91445954155921
2025-03-06 00:58:00,44.90688684528
2025-03-06 00:59:00,44.89931443389292
2025-03-06 01:00:00,44.89174230757216
2025-03-06 01:01:00,44.88417046645555
2025-03-06 01:02:00,44.8765989056165
2025-03-06 01:03:00,44.869027635358904
2025-03-06 01:04:00,44.86145665075611
2025-03-06 01:05:00,44.853885951873565
2025-03-06 01:06:00,44.846315538958834
2025-03-06 01:07:00,44.838745412131956
2025-03-06 01:08:00,44.83117557151319
2025-03-06 01:09:00,44.82360601727785
2025-03-06 01:10:00,44.81603674952788
2025-03-06 01:11:00,44.80846776845667
2025-03-06 01:12:00,44.80089907413036
2025-03-06 01:13:00,44.79333066683335
2025-03-06 01:14:00,44.7857625414965
2025-03-06 01:15:00,44.778194708529846
2025-03-06 01:16:00,44.7706271629188
2025-03-06 01:17:00,44.76305990483905
2025-03-06 01:18:00,44.75549293442993
2025-03-06 01:19:00,44.74792625188545
2025-03-06 01:20:00,44.740359857272274
2025-03-06 01:21:00,44.73279375078467
2025-03-06 01:22:00,44.72522793258054
2025-03-06 01:23:00,44.717662402745056
2025-03-06 01:24:00,44.71009716150898
2025-03-06 01:25:00,44.702532203897185
2025-03-06 01:26:00,44.694967540189275
2025-03-06 01:27:00,44.687403165482856
2025-03-06 01:28:00,44.67983907993613
2025-03-06 01:29:00,44.672275283671304
2025-03-06 01:30:00,44.664711776810556
2025-03-06 01:31:00,44.657148559567176
2025-03-06 01:32:00,44.64958563208179
2025-03-06 01:33:00,44.64202299442201
2025-03-06 01:34:00,44.63446064681982
2025-03-06 01:35:00,44.62689858936141
2025-03-06 01:36:00,44.619336817165255
2025-03-06 01:37:00,44.61177534052627
2025-03-06 01:38:00,44.60421415452687
2025-03-06 01:39:00,44.59665325921709
2025-03-06 01:40:00,44.5890926548293
2025-03-06 01:41:00,44.58153234157743
2025-03-06 01:42:00,44.57397231945746
2025-03-06 01:43:00,44.5664125887201
2025-03-06 01:44:00,44.55885314945242
2025-03-06 01:45:00,44.55129400190503
2025-03-06 01:46:00,44.543735146110905
2025-03-06 01:47:00,44.536176577191526
2025-03-06 01:48:00,44.52861830542035
2025-03-06 01:49:00,44.52106032593729
2025-03-06 01:50:00,44.5135026388118
2025-03-06 01:51:00,44.50594524424069
2025-03-06 01:52:00,44.49838814236597
2025-03-06 01:53:00,44.490831333330405
2025-03-06 01:54:00,44.48327481723994
2025-03-06 01:55:00,44.47571859432811
2025-03-06 01:56:00,44.46816266466487
2025-03-06 01:57:00,44.46060702846565
2025-03-06 01:58:00,44.45305168583704
2025-03-06 01:59:00,44.445496631849345
2025-03-06 02:00:00,44.437941876845436
2025-03-06 02:01:00,44.43038741585933
2025-03-06 02:02:00,44.42283324907059
2025-03-06 02:03:00,44.415279376567945
2025-03-06 02:04:00,44.40772579856763
2025-03-06 02:05:00,44.40017251517671
2025-03-06 02:06:00,44.39261952659309
2025-03-06 02:07:00,44.38506683290605
2025-03-06 02:08:00,44.377514434295705
2025-03-06 02:09:00,44.36996233092395
2025-03-06 02:10:00,44.36241051788238
2025-03-06 02:11:00,44.35485900538374
2025-03-06 02:12:00,44.34730778859199
2025-03-06 02:13:00,44.33975686763335
2025-03-06 02:14:00,44.33220624263395
2025-03-06 02:15:00,44.32465591377429
2025-03-06 02:16:00,44.31710588118094
2025-03-06 02:17:00,44.30955614501637
2025-03-06 02:18:00,44.302006705425384
2025-03-06 02:19:00,44.2944575625708
2025-03-06 02:20:00,44.286908716615564
2025-03-06 02:21:00,44.27936016256355
2025-03-06 02:22:00,44.27181191082409
2025-03-06 02:23:00,44.26426395638273
2025-03-06 02:24:00,44.25671629943908
2025-03-06 02:25:00,44.249168940102145
2025-03-06 02:26:00,44.24162187858999
2025-03-06 02:27:00,44.2340751149754
2025-03-06 02:28:00,44.22652864945836
2025-03-06 02:29:00,44.21898248220274
2025-03-06 02:30:00,44.21143661329976
2025-03-06 02:31:00,44.20389104296785
2025-03-06 02:32:00,44.196345766286385
2025-03-06 02:33:00,44.188800793480155
2025-03-06 02:34:00,44.18125611964675
2025-03-06 02:35:00,44.173711745023134
2025-03-06 02:36:00,44.166167669646605
2025-03-06 02:37:00,44.15862389373613
2025-03-06 02:38:00,44.15108041743827
2025-03-06 02:39:00,44.143537240935764
2025-03-06 02:40:00,44.1359943642665
2025-03-06 02:41:00,44.12845178770421
2025-03-06 02:42:00,44.120909511341104
2025-03-06 02:43:00,44.113367535324336
2025-03-06 02:44:00,44.10582585480916
2025-03-06 02:45:00,44.09828448003506
2025-03-06 02:46:00,44.090743406030526
2025-03-06 02:47:00,44.08320263301516
2025-03-06 02:48:00,44.07566216115469
2025-03-06 02:49:00,44.068121990578284
2025-03-06 02:50:00,44.060582121415614
2025-03-06 02:51:00,44.053042553850396
2025-03-06 02:52:00,44.04550328804868
2025-03-06 02:53:00,44.037964324103804
2025-03-06 02:54:00,44.03042566221819
2025-03-06 02:55:00,44.022887297513826
2025-03-06 02:56:00,44.0153492401728
2025-03-06 02:57:00,44.007811485353656
2025-03-06 02:58:00,44.000274033204434
2025-03-06 02:59:00,43.99273688385555
2025-03-06 03:00:00,43.98520003752798
2025-03-06 03:01:00,43.977663494279824
2025-03-06 03:02:00,43.9701272542959
2025-03-06 03:03:00,43.96259131776113
2025-03-06 03:04:00,43.95505568482459
2025-03-06 03:05:00,43.94752035565324
2025-03-06 03:06:00,43.93998532524547
2025-03-06 03:07:00,43.93245060399776
2025-03-06 03:08:00,43.92491618692638
2025-03-06 03:09:00,43.917382074253375
2025-03-06 03:10:00,43.90984826607378
2025-03-06 03:11:00,43.90231476253705
2025-03-06 03:12:00,43.894781563847154
2025-03-06 03:13:00,43.887248670135705
2025-03-06 03:14:00,43.879716081534575
2025-03-06 03:15:00,43.872183798247704
2025-03-06 03:16:00,43.864651820371016
2025-03-06 03:17:00,43.85712014306904
2025-03-06 03:18:00,43.849588776571686
2025-03-06 03:19:00,43.84205771593515
2025-03-06 03:20:00,43.8345269614183
2025-03-06 03:21:00,43.826996513099296
2025-03-06 03:22:00,43.8194663711647
2025-03-06 03:23:00,43.81193653574727
2025-03-06 03:24:00,43.80440700703389
2025-03-06 03:25:00,43.79687778513922
2025-03-06 03:26:00,43.78934887023229
2025-03-06 03:27:00,43.78182026253675
2025-03-06 03:28:00,43.774291962076724
2025-03-06 03:29:00,43.766763964074734
2025-03-06 03:30:00,43.75923627875737
2025-03-06 03:31:00,43.751708901183974
2025-03-06 03:32:00,43.74418183154221
2025-03-06 03:33:00,43.736655070020035
2025-03-06 03:34:00,43.729128616751
2025-03-06 03:35:00,43.72160247183263
2025-03-06 03:36:00,43.714076635525295
2025-03-06 03:37:00,43.70655110792692
2025-03-06 03:38:00,43.69902588920753
2025-03-06 03:39:00,43.69150097950132
2025-03-06 03:40:00,43.68397637392506
2025-03-06 03:41:00,43.67645208279279
2025-03-06 03:42:00,43.668928101148914
2025-03-06 03:43:00,43.66140442916407
2025-03-06 03:44:00,43.6538810669549
2025-03-06 03:45:00,43.646358014746326
2025-03-06 03:46:00,43.63883527269145
2025-03-06 03:47:00,43.63131284092495
2025-03-06 03:48:00,43.6237907195999
2025-03-06 03:49:00,43.61626890886962
2025-03-06 03:50:00,43.60874740888731
2025-03-06 03:51:00,43.601226214827136
2025-03-06 03:52:00,43.59370533689146
2025-03-06 03:53:00,43.58618477014588
2025-03-06 03:54:00,43.57866451479848
2025-03-06 03:55:00,43.571144571075195
2025-03-06 03:56:00,43.56362493902153
2025-03-06 03:57:00,43.556105618845486
2025-03-06 03:58:00,43.548586610664984
2025-03-06 03:59:00,43.54106791474267
2025-03-06 04:00:00,43.53354953110626
2025-03-06 04:01:00,43.52603146001847
2025-03-06 04:02:00,43.518513696530334
2025-03-06 04:03:00,43.510996250913024
2025-03-06 04:04:00,43.50347911828981
2025-03-06 04:05:00,43.49596229881564
2025-03-06 04:06:00,43.48844579260884
2025-03-06 04:07:00,43.48092959991485
2025-03-06 04:08:00,43.47341372081639
2025-03-06 04:09:00,43.465898155486656
2025-03-06 04:10:00,43.458382904117016
2025-03-06 04:11:00,43.4508679668085
2025-03-06 04:12:00,43.44335334380701
2025-03-06 04:13:00,43.435839035195464
2025-03-06 04:14:00,43.42832503617328
2025-03-06 04:15:00,43.420811356881536
2025-03-06 04:16:00,43.413297992501185
2025-03-06 04:17:00,43.405784943134044
2025-03-06 04:18:00,43.39827220909854
2025-03-06 04:19:00,43.39075979037034
2025-03-06 04:20:00,43.3832476871959
2025-03-06 04:21:00,43.37573589971329
2025-03-06 04:22:00,43.36822442811525
2025-03-06 04:23:00,43.36071327252183
2025-03-06 04:24:00,43.35320243309
2025-03-06 04:25:00,43.34569190500385
2025-03-06 04:26:00,43.338181698437424
2025-03-06 04:27:00,43.33067180859318
2025-03-06 04:28:00,43.32316223551969
2025-03-06 04:29:00,43.31565297946436
2025-03-06 04:30:00,43.30814404054809
2025-03-06 04:31:00,43.30063541894655
2025-03-06 04:32:00,43.29312711483478
2025-03-06 04:33:00,43.28561912829849
2025-03-06 04:34:00,43.278111459621336
2025-03-06 04:35:00,43.27060410887089
2025-03-06 04:36:00,43.263097071216706
2025-03-06 04:37:00,43.25559035688345
2025-03-06 04:38:00,43.24808396098676
2025-03-06 04:39:00,43.24057788368465
2025-03-06 04:40:00,43.23307212522547
2025-03-06 04:41:00,43.22556668562326
2025-03-06 04:42:00,43.218061565126455
2025-03-06 04:43:00,43.21055676387573
2025-03-06 04:44:00,43.20305228210177
2025-03-06 04:45:00,43.19554811987309
2025-03-06 04:46:00,43.18804427736643
2025-03-06 04:47:00,43.18054074973655
2025-03-06 04:48:00,43.17303754724131
2025-03-06 04:49:00,43.16553466501737
2025-03-06 04:50:00,43.158032103133614
2025-03-06 04:51:00,43.15052986178553
2025-03-06 04:52:00,43.143027941150606
2025-03-06 04:53:00,43.13552634149647
2025-03-06 04:54:00,43.128025062820434
2025-03-06 04:55:00,43.120524105372525
2025-03-06 04:56:00,43.11302346931232
2025-03-06 04:57:00,43.10552315479987
2025-03-06 04:58:00,43.09802316195912
2025-03-06 04:59:00,43.09052348598452
2025-03-06 05:00:00,43.083024137058025
2025-03-06 05:01:00,43.07552511031993
2025-03-06 05:02:00,43.068026405984924
2025-03-06 05:03:00,43.06052802414118
2025-03-06 05:04:00,43.053029964985505
2025-03-06 05:05:00,43.04553222869668
2025-03-06 05:06:00,43.03803481543564
2025-03-06 05:07:00,43.03053772532691
2025-03-06 05:08:00,43.02304095858597
2025-03-06 05:09:00,43.0155445153559
2025-03-06 05:10:00,43.008048390780175
2025-03-06 05:11:00,43.00055259507375
2025-03-06 05:12:00,42.99305712338021
2025-03-06 05:13:00,42.98556197584299
2025-03-06 05:14:00,42.97806715266
2025-03-06 05:15:00,42.97057265399292
2025-03-06 05:16:00,42.96307847994947
2025-03-06 05:17:00,42.95558463078184
2025-03-06 05:18:00,42.94809110659794
2025-03-06 05:19:00,42.94059790756013
2025-03-06 05:20:00,42.933105033920626
2025-03-06 05:21:00,42.92561248071824
2025-03-06 05:22:00,42.918120258164755
2025-03-06 05:23:00,42.91062836147887
2025-03-06 05:24:00,42.903136790787606
2025-03-06 05:25:00,42.89564554627163
2025-03-06 05:26:00,42.888154628075824
2025-03-06 05:27:00,42.88066403638119
2025-03-06 05:28:00,42.873173771332915
2025-03-06 05:29:00,42.86568383313014
2025-03-06 05:30:00,42.85819422190021
2025-03-06 05:31:00,42.85070493784262
2025-03-06 05:32:00,42.843215976107814
2025-03-06 05:33:00,42.83572734688583
2025-03-06 05:34:00,42.8282390453269
2025-03-06 05:35:00,42.820751071595126
2025-03-06 05:36:00,42.813263425872535
2025-03-06 05:37:00,42.80577610830492
2025-03-06 05:38:00,42.79828911907463
2025-03-06 05:39:00,42.7908024583458
2025-03-06 05:40:00,42.783316126264964
2025-03-06 05:41:00,42.775830123050454
2025-03-06 05:42:00,42.76834444883092
2025-03-06 05:43:00,42.76085910378912
2025-03-06 05:44:00,42.75337408306118
2025-03-06 05:45:00,42.745889396851396
2025-03-06 05:46:00,42.73840504035007
2025-03-06 05:47:00,42.73092101368619
2025-03-06 05:48:00,42.72343731704309
2025-03-06 05:49:00,42.71595395053198
2025-03-06 05:50:00,42.70847091439038
2025-03-06 05:51:00,42.70098820880179
2025-03-06 05:52:00,42.693505833859874
2025-03-06 05:53:00,42.686023789820354
2025-03-06 05:54:00,42.67854207679515
2025-03-06 05:55:00,42.671060689923856
2025-03-06 05:56:00,42.6635796394794
2025-03-06 05:57:00,42.65609892052952
2025-03-06 05:58:00,42.64861853329428
2025-03-06 05:59:00,42.64113847792233
2025-03-06 06:00:00,42.63365875461602
2025-03-06 06:01:00,42.626179363541844
2025-03-06 06:02:00,42.61870030477682
2025-03-06 06:03:00,42.61122157863158
2025-03-06 06:04:00,42.603743185183106
2025-03-06 06:05:00,42.59626512463422
2025-03-06 06:06:00,42.58878739212828
2025-03-06 06:07:00,42.58130999784483
2025-03-06 06:08:00,42.57383293699884
2025-03-06 06:09:00,42.5663562097398
2025-03-06 06:10:00,42.558879816217285
2025-03-06 06:11:00,42.5514037565631
2025-03-06 06:12:00,42.54392803105277
2025-03-06 06:13:00,42.53645263978253
2025-03-06 06:14:00,42.52897758292006
2025-03-06 06:15:00,42.5215028606876
2025-03-06 06:16:00,42.51402847319949
2025-03-06 06:17:00,42.50655441563812
2025-03-06 06:18:00,42.49908069821569
2025-03-06 06:19:00,42.49160731609684
2025-03-06 06:20:00,42.48413426939624
2025-03-06 06:21:00,42.47666155835461
2025-03-06 06:22:00,42.46918918310473
2025-03-06 06:23:00,42.46171714379769
2025-03-06 06:24:00,42.45424544067451
2025-03-06 06:25:00,42.44677407385045
2025-03-06 06:26:00,42.439303043494796
2025-03-06 06:27:00,42.43183234983102
2025-03-06 06:28:00,42.424361992974575
2025-03-06 06:29:00,42.41689196811182
2025-03-06 06:30:00,42.409422285451235
2025-03-06 06:31:00,42.40195294014321
2025-03-06 06:32:00,42.394483932339675
2025-03-06 06:33:00,42.38701526222892
2025-03-06 06:34:00,42.379546930034664
2025-03-06 06:35:00,42.37207893583777
2025-03-06 06:36:00,42.3646112798622
2025-03-06 06:37:00,42.35714396224275
2025-03-06 06:38:00,42.349676983239696
2025-03-06 06:39:00,42.34221034293415
2025-03-06 06:40:00,42.33474403653381
2025-03-06 06:41:00,42.32727807422585
2025-03-06 06:42:00,42.31981245119992
2025-03-06 06:43:00,42.3123471675555
2025-03-06 06:44:00,42.30488222357158
2025-03-06 06:45:00,42.29741761931183
2025-03-06 06:46:00,42.289953355037504
2025-03-06 06:47:00,42.282489430866484
2025-03-06 06:48:00,42.275025846988335
2025-03-06 06:49:00,42.267562603610884
2025-03-06 06:50:00,42.260099700870015
2025-03-06 06:51:00,42.25263713397745
2025-03-06 06:52:00,42.24517491300868
2025-03-06 06:53:00,42.23771303326496
2025-03-06 06:54:00,42.23025149488278
2025-03-06 06:55:00,42.222790298034724
2025-03-06 06:56:00,42.215329442839426
2025-03-06 06:57:00,42.2078689295235
2025-03-06 06:58:00,42.20040875826005
2025-03-06 06:59:00,42.19294892923957
2025-03-06 07:00:00,42.185489442581584
2025-03-06 07:01:00,42.17803029854894
2025-03-06 07:02:00,42.17057149223106
2025-03-06 07:03:00,42.16311303387945
2025-03-06 07:04:00,42.155654918583664
2025-03-06 07:05:00,42.14819714658915
2025-03-06 07:06:00,42.14073971801593
2025-03-06 07:07:00,42.133282633145186
2025-03-06 07:08:00,42.125825892043466
2025-03-06 07:09:00,42.11836949492064
2025-03-06 07:10:00,42.110913441969046
2025-03-06 07:11:00,42.10345773336278
2025-03-06 07:12:00,42.09600236924037
2025-03-06 07:13:00,42.08854734981244
2025-03-06 07:14:00,42.08109267029777
2025-03-06 07:15:00,42.073638340782665
2025-03-06 07:16:00,42.06618435650433
2025-03-06 07:17:00,42.05873071763741
2025-03-06 07:18:00,42.051277424321306
2025-03-06 07:19:00,42.04382447680302
2025-03-06 07:20:00,42.03637187520399
2025-03-06 07:21:00,42.02891961969974
2025-03-06 07:22:00,42.02146771046563
2025-03-06 07:23:00,42.01401614773133
2025-03-06 07:24:00,42.00656493161887
2025-03-06 07:25:00,41.99911405733267
2025-03-06 07:26:00,41.991663535045454
2025-03-06 07:27:00,41.98421335992599
2025-03-06 07:28:00,41.97676353220425
2025-03-06 07:29:00,41.96931405200282
2025-03-06 07:30:00,41.96186491949821
2025-03-06 07:31:00,41.95441613486701
2025-03-06 07:32:00,41.946967698375474
2025-03-06 07:33:00,41.93951961007504
2025-03-06 07:34:00,41.93207187025012
2025-03-06 07:35:00,41.924624478970294
2025-03-06 07:36:00,41.91717743153335
2025-03-06 07:37:00,41.909730738072504
2025-03-06 07:38:00,41.90228439372451
2025-03-06 07:39:00,41.894838398720424
2025-03-06 07:40:00,41.8873927532022
2025-03-06 07:41:00,41.879947457383224
2025-03-06 07:42:00,41.87250251144154
2025-03-06 07:43:00,41.86505791555504
2025-03-06 07:44:00,41.85761366986604
2025-03-06 07:45:00,41.85016977457053
2025-03-06 07:46:00,41.84272622990077
2025-03-06 07:47:00,41.835283031014704
2025-03-06 07:48:00,41.827840188042266
2025-03-06 07:49:00,41.820397696213114
2025-03-06 07:50:00,41.8129555556524
2025-03-06 07:51:00,41.80551376664642
2025-03-06 07:52:00,41.798072329249
2025-03-06 07:53:00,41.79063124376447
2025-03-06 07:54:00,41.7831905102825
2025-03-06 07:55:00,41.77575012900058
2025-03-06 07:56:00,41.76831010015176
2025-03-06 07:57:00,41.76087042384396
2025-03-06 07:58:00,41.753431100328655
2025-03-06 07:59:00,41.74599212471456
2025-03-06 08:00:00,41.73855350725241
2025-03-06 08:01:00,41.73111524312254
2025-03-06 08:02:00,41.72367733243351
2025-03-06 08:03:00,41.71623977543738
2025-03-06 08:04:00,41.70880257231446
2025-03-06 08:05:00,41.701365723191614
2025-03-06 08:06:00,41.6939292283032
2025-03-06 08:07:00,41.68649308775841
2025-03-06 08:08:00,41.67905730186333
2025-03-06 08:09:00,41.6716218707097
2025-03-06 08:10:00,41.66418678953505
2025-03-06 08:11:00,41.65675206844352
2025-03-06 08:12:00,41.64931770269078
2025-03-06 08:13:00,41.64188369238671
2025-03-06 08:14:00,41.63445003785608
2025-03-06 08:15:00,41.627016739137545
2025-03-06 08:16:00,41.61958379643072
2025-03-06 08:17:00,41.612151210024905
2025-03-06 08:18:00,41.60471897997705
2025-03-06 08:19:00,41.59728710657665
2025-03-06 08:20:00,41.58985558993442
2025-03-06 08:21:00,41.582424425291904
2025-03-06 08:22:00,41.57499362273174
2025-03-06 08:23:00,41.5675631775847
2025-03-06 08:24:00,41.56013308990845
2025-03-06 08:25:00,41.55270335993967
2025-03-06 08:26:00,41.545273987861385
2025-03-06 08:27:00,41.53784497389234
2025-03-06 08:28:00,41.53041631812654
2025-03-06 08:29:00,41.522988020836756
2025-03-06 08:30:00,41.51556008217076
2025-03-06 08:31:00,41.50813250233009
2025-03-06 08:32:00,41.500705276506146
2025-03-06 08:33:00,41.49327841483198
2025-03-06 08:34:00,41.48585191255255
2025-03-06 08:35:00,41.47842576983409
2025-03-06 08:36:00,41.470999986861045
2025-03-06 08:37:00,41.46357456378177
2025-03-06 08:38:00,41.45614950081676
2025-03-06 08:39:00,41.448724798203955
2025-03-06 08:40:00,41.441300456021125
2025-03-06 08:41:00,41.433876474560186
2025-03-06 08:42:00,41.426452853934514
2025-03-06 08:43:00,41.41902959436516
2025-03-06 08:44:00,41.41160669103003
2025-03-06 08:45:00,41.40418415409336
2025-03-06 08:46:00,41.39676197878686
2025-03-06 08:47:00,41.389340165260215
2025-03-06 08:48:00,41.38191871369918
2025-03-06 08:49:00,41.37449762436104
2025-03-06 08:50:00,41.36707689734247
2025-03-06 08:51:00,41.359656532847275
2025-03-06 08:52:00,41.35223653111533
2025-03-06 08:53:00,41.344816892297196
2025-03-06 08:54:00,41.3373976165614
2025-03-06 08:55:00,41.329978699196964
2025-03-06 08:56:00,41.32256015025734
2025-03-06 08:57:00,41.315141964977975
2025-03-06 08:58:00,41.30772414358149
2025-03-06 08:59:00,41.3003066862014
2025-03-06 09:00:00,41.292889593078264
2025-03-06 09:01:00,41.285472864381845
2025-03-06 09:02:00,41.278056500316985
2025-03-06 09:03:00,41.27064050101804
2025-03-06 09:04:00,41.263224866708136
2025-03-06 09:05:00,41.25580959759296
2025-03-06 09:06:00,41.248394688876104
2025-03-06 09:07:00,41.24098015069672
2025-03-06 09:08:00,41.233565978276125
2025-03-06 09:09:00,41.22615217178479
2025-03-06 09:10:00,41.218738731393245
2025-03-06 09:11:00,41.211325657361456
2025-03-06 09:12:00,41.20391294982443
2025-03-06 09:13:00,41.19650060893548
2025-03-06 09:14:00,41.18908863499018
2025-03-06 09:15:00,41.181677028106506
2025-03-06 09:16:00,41.17426578850919
2025-03-06 09:17:00,41.16685491136998
2025-03-06 09:18:00,41.159444406859976
2025-03-06 09:19:00,41.15203427018669
2025-03-06 09:20:00,41.1446245015219
2025-03-06 09:21:00,41.13721510112662
2025-03-06 09:22:00,41.12980606913739
2025-03-06 09:23:00,41.122397405726275
2025-03-06 09:24:00,41.11498911113712
2025-03-06 09:25:00,41.10758118550648
2025-03-06 09:26:00,41.100173629060464
2025-03-06 09:27:00,41.09276644198962
2025-03-06 09:28:00,41.085359624502445
2025-03-06 09:29:00,41.077953171757194
2025-03-06 09:30:00,41.07054709397433
2025-03-06 09:31:00,41.063141386276506
2025-03-06 09:32:00,41.05573604894385
2025-03-06 09:33:00,41.048331082114515
2025-03-06 09:34:00,41.04092648603303
2025-03-06 09:35:00,41.0335222608376
2025-03-06 09:36:00,41.026118406684226
2025-03-06 09:37:00,41.01871492388947
2025-03-06 09:38:00,41.01131181259166
2025-03-06 09:39:00,41.003909072947344
2025-03-06 09:40:00,40.9965067001899
2025-03-06 09:41:00,40.9891047045183
2025-03-06 09:42:00,40.98170308105919
2025-03-06 09:43:00,40.97430183009414
2025-03-06 09:44:00,40.966900951709064
2025-03-06 09:45:00,40.959500446203464
2025-03-06 09:46:00,40.95210031369909
2025-03-06 09:47:00,40.94470055451366
2025-03-06 09:48:00,40.93730116868005
2025-03-06 09:49:00,40.929902156445024
2025-03-06 09:50:00,40.922503518055514
2025-03-06 09:51:00,40.915105248695475
2025-03-06 09:52:00,40.90770735847088
2025-03-06 09:53:00,40.9003098427086
2025-03-06 09:54:00,40.89291270145981
2025-03-06 09:55:00,40.885515935025595
2025-03-06 09:56:00,40.878119543617785
2025-03-06 09:57:00,40.87072352732413
2025-03-06 09:58:00,40.86332788641012
2025-03-06 09:59:00,40.85593262107044
2025-03-06 10:00:00,40.84853773151756
2025-03-06 10:01:00,40.84114321787516
2025-03-06 10:02:00,40.83374907545602
2025-03-06 10:03:00,40.826355314290964
2025-03-06 10:04:00,40.81896192971076
2025-03-06 10:05:00,40.811568921910734
2025-03-06 10:06:00,40.80417629097944
2025-03-06 10:07:00,40.79678403721943
2025-03-06 10:08:00,40.78939216077298
2025-03-06 10:09:00,40.78200066188948
2025-03-06 10:10:00,40.77460954065802
2025-03-06 10:11:00,40.767218797381595
2025-03-06 10:12:00,40.75982843223871
2025-03-06 10:13:00,40.75243844540791
2025-03-06 10:14:00,40.74504883209964
2025-03-06 10:15:00,40.7376596025008
2025-03-06 10:16:00,40.73027075176846
2025-03-06 10:17:00,40.72288228015294
2025-03-06 10:18:00,40.715494187869005
2025-03-06 10:19:00,40.708106475060575
2025-03-06 10:20:00,40.70071914194275
2025-03-06 10:21:00,40.69333218869507
2025-03-06 10:22:00,40.68594561562195
2025-03-06 10:23:00,40.67855942276095
2025-03-06 10:24:00,40.67117361043447
2025-03-06 10:25:00,40.66378817382139
2025-03-06 10:26:00,40.65640312305138
2025-03-06 10:27:00,40.64901845339244
2025-03-06 10:28:00,40.64163416500726
2025-03-06 10:29:00,40.63425025809435
2025-03-06 10:30:00,40.62686673287026
2025-03-06 10:31:00,40.61948358956908
2025-03-06 10:32:00,40.61210082828316
2025-03-06 10:33:00,40.60471844931816
2025-03-06 10:34:00,40.597336452819945
2025-03-06 10:35:00,40.589954839058805
2025-03-06 10:36:00,40.5825736031647
2025-03-06 10:37:00,40.57519275535213
2025-03-06 10:38:00,40.567812290768835
2025-03-06 10:39:00,40.560432209720894
2025-03-06 10:40:00,40.55305251230207
2025-03-06 10:41:00,40.54567319883668
2025-03-06 10:42:00,40.538294269418195
2025-03-06 10:43:00,40.530915724247116
2025-03-06 10:44:00,40.52353756364835
2025-03-06 10:45:00,40.51615978769797
2025-03-06 10:46:00,40.50878239663236
2025-03-06 10:47:00,40.50140538569209
2025-03-06 10:48:00,40.49402876503454
2025-03-06 10:49:00,40.486652529829314
2025-03-06 10:50:00,40.47927668034873
2025-03-06 10:51:00,40.47190121675857
2025-03-06 10:52:00,40.464526139242764
2025-03-06 10:53:00,40.45715144805619
2025-03-06 10:54:00,40.44977714340088
2025-03-06 10:55:00,40.442403225389675
2025-03-06 10:56:00,40.43502969433141
2025-03-06 10:57:00,40.42765655039276
2025-03-06 10:58:00,40.42028379374052
2025-03-06 10:59:00,40.41291141963777
2025-03-06 11:00:00,40.405539438272875
2025-03-06 11:01:00,40.39816784476685
2025-03-06 11:02:00,40.39079663941137
2025-03-06 11:03:00,40.38342582240943
2025-03-06 11:04:00,40.37605539391091
2025-03-06 11:05:00,40.368685354154785
2025-03-06 11:06:00,40.36131570332646
2025-03-06 11:07:00,40.353946441700764
2025-03-06 11:08:00,40.34657756937486
2025-03-06 11:09:00,40.339209086570165
2025-03-06 11:10:00,40.33184098866059
2025-03-06 11:11:00,40.324473285599794
2025-03-06 11:12:00,40.31710597274374
2025-03-06 11:13:00,40.30973905024352
2025-03-06 11:14:00,40.30237251828599
2025-03-06 11:15:00,40.295006377146734
2025-03-06 11:16:00,40.28764062699512
2025-03-06 11:17:00,40.28027526803601
2025-03-06 11:18:00,40.272910300456815
2025-03-06 11:19:00,40.265545724480496
2025-03-06 11:20:00,40.25818154034772
2025-03-06 11:21:00,40.25081774322366
2025-03-06 11:22:00,40.24345434332422
2025-03-06 11:23:00,40.23609133583213
2025-03-06 11:24:00,40.22872872097092
2025-03-06 11:25:00,40.22136649894671
2025-03-06 11:26:00,40.21400466993039
2025-03-06 11:27:00,40.206643234234384
2025-03-06 11:28:00,40.19928219192342
2025-03-06 11:29:00,40.19192154332815
2025-03-06 11:30:00,40.18456128858446
2025-03-06 11:31:00,40.17720142791683
2025-03-06 11:32:00,40.16984195661865
2025-03-06 11:33:00,40.16248288474257
2025-03-06 11:34:00,40.155124207546116
2025-03-06 11:35:00,40.14776592529018
2025-03-06 11:36:00,40.140408038129024
2025-03-06 11:37:00,40.13305054628816
2025-03-06 11:38:00,40.12569345002842
2025-03-06 11:39:00,40.11833674943399
2025-03-06 11:40:00,40.11098044481901
2025-03-06 11:41:00,40.103624536338856
2025-03-06 11:42:00,40.096269024272544
2025-03-06 11:43:00,40.088913908757846
2025-03-06 11:44:00,40.08155918509287
2025-03-06 11:45:00,40.07420486334322
2025-03-06 11:46:00,40.06685093878941
2025-03-06 11:47:00,40.05949741164048
2025-03-06 11:48:00,40.05214428215874
2025-03-06 11:49:00,40.04479155044738
2025-03-06 11:50:00,40.037439216786765
2025-03-06 11:51:00,40.03008728140404
2025-03-06 11:52:00,40.022735744456156
2025-03-06 11:53:00,40.01538460618824
2025-03-06 11:54:00,40.008033866775165
2025-03-06 11:55:00,40.00068352153671
2025-03-06 11:56:00,39.99333358051721
2025-03-06 11:57:00,39.9859840390189
2025-03-06 11:58:00,39.97863489723468
2025-03-06 11:59:00,39.971286155357724
2025-03-06 12:00:00,39.96393781363439
2025-03-06 12:01:00,39.95658987227558
2025-03-06 12:02:00,39.949242331457256
2025-03-06 12:03:00,39.941895191443635
2025-03-06 12:04:00,39.93454845242873
2025-03-06 12:05:00,39.92720211458866
2025-03-06 12:06:00,39.91985617319475
2025-03-06 12:07:00,39.912510638393265
2025-03-06 12:08:00,39.90516550540239
2025-03-06 12:09:00,39.89782077445205
2025-03-06 12:10:00,39.890476445807685
2025-03-06 12:11:00,39.88313251957548
2025-03-06 12:12:00,39.87578899605663
2025-03-06 12:13:00,39.8684458754285
2025-03-06 12:14:00,39.861103157921804
2025-03-06 12:15:00,39.85376084371404
2025-03-06 12:16:00,39.84641893301853
2025-03-06 12:17:00,39.83907742119923
2025-03-06 12:18:00,39.83173631820398
2025-03-06 12:19:00,39.82439561943197
2025-03-06 12:20:00,39.81705532502653
2025-03-06 12:21:00,39.809715435236804
2025-03-06 12:22:00,39.80237595025916
2025-03-06 12:23:00,39.795036870307754
2025-03-06 12:24:00,39.78769819557933
2025-03-06 12:25:00,39.78035992632383
2025-03-06 12:26:00,39.77302206275574
2025-03-06 12:27:00,39.76568460507207
2025-03-06 12:28:00,39.7583475534703
2025-03-06 12:29:00,39.75101090328387
2025-03-06 12:30:00,39.743674664544315
2025-03-06 12:31:00,39.73633883254994
2025-03-06 12:32:00,39.729003407516174
2025-03-06 12:33:00,39.7216683896411
2025-03-06 12:34:00,39.71433377917557
2025-03-06 12:35:00,39.706999576318196
2025-03-06 12:36:00,39.69966578130249
2025-03-06 12:37:00,39.692332394291824
2025-03-06 12:38:00,39.68499941559076
2025-03-06 12:39:00,39.6776668453101
2025-03-06 12:40:00,39.670334678857955
2025-03-06 12:41:00,39.663002926156445
2025-03-06 12:42:00,39.65567158263156
2025-03-06 12:43:00,39.648340648412045
2025-03-06 12:44:00,39.64101012375055
2025-03-06 12:45:00,39.63368000888211
2025-03-06 12:46:00,39.626350304042006
2025-03-06 12:47:00,39.619021009341864
2025-03-06 12:48:00,39.61169212508786
2025-03-06 12:49:00,39.6043636514981
2025-03-06 12:50:00,39.59703558871983
2025-03-06 12:51:00,39.58970793218386
2025-03-06 12:52:00,39.58238069177245
2025-03-06 12:53:00,39.57505386293387
2025-03-06 12:54:00,39.567727445816196
2025-03-06 12:55:00,39.560401440656086
2025-03-06 12:56:00,39.55307584765478
2025-03-06 12:57:00,39.545750667031456
2025-03-06 12:58:00,39.53842589907601
2025-03-06 12:59:00,39.53110154390205
2025-03-06 13:00:00,39.52377760174695
2025-03-06 13:01:00,39.51645407290078
2025-03-06 13:02:00,39.5091309526399
2025-03-06 13:03:00,39.501808250966334
2025-03-06 13:04:00,39.494485963244074
2025-03-06 13:05:00,39.48716408964094
2025-03-06 13:06:00,39.47984263039501
2025-03-06 13:07:00,39.47252158574453
2025-03-06 13:08:00,39.4652009559455
2025-03-06 13:09:00,39.45788074111309
2025-03-06 13:10:00,39.45056094153903
2025-03-06 13:11:00,39.44324155746205
2025-03-06 13:12:00,39.43592258906842
2025-03-06 13:13:00,39.42860403656192
2025-03-06 13:14:00,39.42128589529452
2025-03-06 13:15:00,39.41396817526323
2025-03-06 13:16:00,39.406650871819885
2025-03-06 13:17:00,39.39933398520431
2025-03-06 13:18:00,39.39201751558602
2025-03-06 13:19:00,39.384701463187234
2025-03-06 13:20:00,39.37738582828351
2025-03-06 13:21:00,39.37007061102733
2025-03-06 13:22:00,39.362755811711644
2025-03-06 13:23:00,39.35544143047183
2025-03-06 13:24:00,39.34812746763656
2025-03-06 13:25:00,39.340813918456384
2025-03-06 13:26:00,39.33350079297741
2025-03-06 13:27:00,39.32618808652068
2025-03-06 13:28:00,39.31887579930988
2025-03-06 13:29:00,39.31156393156913
2025-03-06 13:30:00,39.304252483504875
2025-03-06 13:31:00,39.296941455323804
2025-03-06 13:32:00,39.289630847355866
2025-03-06 13:33:00,39.282320659702386
2025-03-06 13:34:00,39.27501089267628
2025-03-06 13:35:00,39.2677015464143
2025-03-06 13:36:00,39.26039261631246
2025-03-06 13:37:00,39.2530841123597
2025-03-06 13:38:00,39.245776029881696
2025-03-06 13:39:00,39.23846836913924
2025-03-06 13:40:00,39.23116113028749
2025-03-06 13:41:00,39.2238543136403
2025-03-06 13:42:00,39.21654791933552
2025-03-06 13:43:00,39.20924194768729
2025-03-06 13:44:00,39.201936398851416
2025-03-06 13:45:00,39.19463127308948
2025-03-06 13:46:00,39.18732657062807
2025-03-06 13:47:00,39.18002228674478
2025-03-06 13:48:00,39.17271843151225
2025-03-06 13:49:00,39.165415000243115
2025-03-06 13:50:00,39.158111993182274
2025-03-06 13:51:00,39.150809410539296
2025-03-06 13:52:00,39.14350725252432
2025-03-06 13:53:00,39.13620551939994
2025-03-06 13:54:00,39.12890421135888
2025-03-06 13:55:00,39.121603328646515
2025-03-06 13:56:00,39.11430287152636
2025-03-06 13:57:00,39.10700284013845
2025-03-06 13:58:00,39.09970323478168
2025-03-06 13:59:00,39.09240405077387
2025-03-06 14:00:00,39.08510529813035
2025-03-06 14:01:00,39.07780697216873
2025-03-06 14:02:00,39.070509073135945
2025-03-06 14:03:00,39.063211601243395
2025-03-06 14:04:00,39.05591455673801
2025-03-06 14:05:00,39.04861793986695
2025-03-06 14:06:00,39.041321750807036
2025-03-06 14:07:00,39.03402598978815
2025-03-06 14:08:00,39.026730657092834
2025-03-06 14:09:00,39.01943575293381
2025-03-06 14:10:00,39.012141272633514
2025-03-06 14:11:00,39.004847226185426
2025-03-06 14:12:00,38.997553608982415
2025-03-06 14:13:00,38.990260421167314
2025-03-06 14:14:00,38.98296766307636
2025-03-06 14:15:00,38.975675334923224
2025-03-06 14:16:00,38.9683834368161
2025-03-06 14:17:00,38.96109196912683
2025-03-06 14:18:00,38.95380093201683
2025-03-06 14:19:00,38.94651032573497
2025-03-06 14:20:00,38.93922015053115
2025-03-06 14:21:00,38.93193040171488
2025-03-06 14:22:00,38.92464108929274
2025-03-06 14:23:00,38.917352208627314
2025-03-06 14:24:00,38.91006375996866
2025-03-06 14:25:00,38.90277574351419
2025-03-06 14:26:00,38.89548815947936
2025-03-06 14:27:00,38.88820100814947
2025-03-06 14:28:00,38.88091428974039
2025-03-06 14:29:00,38.87362800445011
2025-03-06 14:30:00,38.866342152547276
2025-03-06 14:31:00,38.85905673426514
2025-03-06 14:32:00,38.85177174493626
2025-03-06 14:33:00,38.844487194545216
2025-03-06 14:34:00,38.83720307849434
2025-03-06 14:35:00,38.82991939698272
2025-03-06 14:36:00,38.82263615022719
2025-03-06 14:37:00,38.81535333849751
2025-03-06 14:38:00,38.80807096197574
2025-03-06 14:39:00,38.80078902094928
2025-03-06 14:40:00,38.79350751563571
2025-03-06 14:41:00,38.78622644630519
2025-03-06 14:42:00,38.77894581307029
2025-03-06 14:43:00,38.771665616324455
2025-03-06 14:44:00,38.76438585131733
2025-03-06 14:45:00,38.757106528064035
2025-03-06 14:46:00,38.74982764195451
2025-03-06 14:47:00,38.742549193190044
2025-03-06 14:48:00,38.73527118200665
2025-03-06 14:49:00,38.727993608623635
2025-03-06 14:50:00,38.720716473347416
2025-03-06 14:51:00,38.71343977634487
2025-03-06 14:52:00,38.706163517887894
2025-03-06 14:53:00,38.69888769821374
2025-03-06 14:54:00,38.69161231748946
2025-03-06 14:55:00,38.68433737112744
2025-03-06 14:56:00,38.67706286917349
2025-03-06 14:57:00,38.66978880691721
2025-03-06 14:58:00,38.6625151846142
2025-03-06 14:59:00,38.65524200246749
2025-03-06 15:00:00,38.647969260785246
2025-03-06 15:01:00,38.64069695975354
2025-03-06 15:02:00,38.6334250995934
2025-03-06 15:03:00,38.62615368063098
2025-03-06 15:04:00,38.6188827029827
2025-03-06 15:05:00,38.61161216697526
2025-03-06 15:06:00,38.60434206795576
2025-03-06 15:07:00,38.59707241591299
2025-03-06 15:08:00,38.5898032061591
2025-03-06 15:09:00,38.58253443902127
2025-03-06 15:10:00,38.57526611466952
2025-03-06 15:11:00,38.56799823334384
2025-03-06 15:12:00,38.560730795302
2025-03-06 15:13:00,38.553463800819344
2025-03-06 15:14:00,38.54619725006625
2025-03-06 15:15:00,38.5389311433362
2025-03-06 15:16:00,38.53166548083498
2025-03-06 15:17:00,38.52440025796703
2025-03-06 15:18:00,38.51713548468196
2025-03-06 15:19:00,38.50987115638416
2025-03-06 15:20:00,38.50260727322781
2025-03-06 15:21:00,38.495343835559574
2025-03-06 15:22:00,38.48808084356885
2025-03-06 15:23:00,38.48081829751513
2025-03-06 15:24:00,38.4735561976231
2025-03-06 15:25:00,38.46629454413531
2025-03-06 15:26:00,38.45903333731147
2025-03-06 15:27:00,38.45177257732444
2025-03-06 15:28:00,38.44451226452201
2025-03-06 15:29:00,38.4372523942268
2025-03-06 15:30:00,38.42999297640075
2025-03-06 15:31:00,38.42273400645394
2025-03-06 15:32:00,38.415475484577335
2025-03-06 15:33:00,38.40821741108472
2025-03-06 15:34:00,38.400959786167306
2025-03-06 15:35:00,38.39370261005187
2025-03-06 15:36:00,38.386445883017316
2025-03-06 15:37:00,38.379189605308284
2025-03-06 15:38:00,38.371933777186555
2025-03-06 15:39:00,38.36467839882702
2025-03-06 15:40:00,38.35742346567965
2025-03-06 15:41:00,38.35016898766691
2025-03-06 15:42:00,38.34291496018627
2025-03-06 15:43:00,38.33566138348336
2025-03-06 15:44:00,38.32840825782097
2025-03-06 15:45:00,38.32115558340999
2025-03-06 15:46:00,38.31390336051372
2025-03-06 15:47:00,38.30665158937817
2025-03-06 15:48:00,38.299400270249635
2025-03-06 15:49:00,38.29214940333938
2025-03-06 15:50:00,38.28489898894663
2025-03-06 15:51:00,38.27764902245622
2025-03-06 15:52:00,38.270399513751364
2025-03-06 15:53:00,38.2631504583396
2025-03-06 15:54:00,38.25590185636305
2025-03-06 15:55:00,38.24865370810437
2025-03-06 15:56:00,38.24140601382832
2025-03-06 15:57:00,38.23415877376531
2025-03-06 15:58:00,38.22691198814581
2025-03-06 15:59:00,38.21966565725279
2025-03-06 16:00:00,38.21241978135188
2025-03-06 16:01:00,38.2051743605694
2025-03-06 16:02:00,38.19792939041762
2025-03-06 16:03:00,38.1906848808627
2025-03-06 16:04:00,38.18344082718976
2025-03-06 16:05:00,38.17619722975273
2025-03-06 16:06:00,38.16895408871377
2025-03-06 16:07:00,38.161711404392044
2025-03-06 16:08:00,38.154469177019735
2025-03-06 16:09:00,38.147227406794215
2025-03-06 16:10:00,38.13998609403532
2025-03-06 16:11:00,38.13274523892342
2025-03-06 16:12:00,38.12550484176105
2025-03-06 16:13:00,38.118264902816314
2025-03-06 16:14:00,38.11102541737998
2025-03-06 16:15:00,38.10378639551787
2025-03-06 16:16:00,38.096547832608344
2025-03-06 16:17:00,38.08930972883282
2025-03-06 16:18:00,38.08207208447729
2025-03-06 16:19:00,38.0748348998458
2025-03-06 16:20:00,38.067598175120295
2025-03-06 16:21:00,38.060361910587545
2025-03-06 16:22:00,38.05312610648181
2025-03-06 16:23:00,38.04589076307311
2025-03-06 16:24:00,38.03865588056134
2025-03-06 16:25:00,38.0314214544172
2025-03-06 16:26:00,38.02418749452733
2025-03-06 16:27:00,38.016953996327416
2025-03-06 16:28:00,38.00972096007058
2025-03-06 16:29:00,38.00248838602763
2025-03-06 16:30:00,37.995256274399544
2025-03-06 16:31:00,37.98802462547491
2025-03-06 16:32:00,37.98079343950739
2025-03-06 16:33:00,37.973562716733554
2025-03-06 16:34:00,37.966332457407546
2025-03-06 16:35:00,37.95910266176623
2025-03-06 16:36:00,37.95187332528544
2025-03-06 16:37:00,37.94464445782967
2025-03-06 16:38:00,37.937416054840064
2025-03-06 16:39:00,37.93018811658885
2025-03-06 16:40:00,37.92296064326164
2025-03-06 16:41:00,37.91573363521832
2025-03-06 16:42:00,37.908507092644726
2025-03-06 16:43:00,37.90128101579663
2025-03-06 16:44:00,37.89405540491242
2025-03-06 16:45:00,37.88683026030045
2025-03-06 16:46:00,37.8796055821647
2025-03-06 16:47:00,37.87238136596865
2025-03-06 16:48:00,37.86515762160723
2025-03-06 16:49:00,37.85793434452662
2025-03-06 16:50:00,37.85071153493151
2025-03-06 16:51:00,37.8434891931488
2025-03-06 16:52:00,37.83626731936598
2025-03-06 16:53:00,37.82904591389277
2025-03-06 16:54:00,37.82182497695216
2025-03-06 16:55:00,37.81460450880185
2025-03-06 16:56:00,37.8073845097347
2025-03-06 16:57:00,37.80016497993929
2025-03-06 16:58:00,37.792945919795805
2025-03-06 16:59:00,37.78572732452987
2025-03-06 17:00:00,37.778509204257546
2025-03-06 17:01:00,37.77129155429158
2025-03-06 17:02:00,37.764074374943085
2025-03-06 17:03:00,37.75685766645408
2025-03-06 17:04:00,37.74964142908399
2025-03-06 17:05:00,37.7424256630924
2025-03-06 17:06:00,37.73521036868699
2025-03-06 17:07:00,37.727995546214615
2025-03-06 17:08:00,37.720781195865875
2025-03-06 17:09:00,37.7135673179186
2025-03-06 17:10:00,37.70635390784734
2025-03-06 17:11:00,37.69914097550227
2025-03-06 17:12:00,37.69192851632334
2025-03-06 17:13:00,37.68471653064121
2025-03-06 17:14:00,37.67750501863014
2025-03-06 17:15:00,37.67029398058626
2025-03-06 17:16:00,37.6630834167365
2025-03-06 17:17:00,37.65587332741219
2025-03-06 17:18:00,37.64866371280567
2025-03-06 17:19:00,37.64145457323129
2025-03-06 17:20:00,37.634245908951456
2025-03-06 17:21:00,37.6270377152546
2025-03-06 17:22:00,37.61983000228218
2025-03-06 17:23:00,37.61262276534014
2025-03-06 17:24:00,37.605416004691534
2025-03-06 17:25:00,37.59820972058232
2025-03-06 17:26:00,37.59100391338009
2025-03-06 17:27:00,37.58379858319213
2025-03-06 17:28:00,37.57659373042115
2025-03-06 17:29:00,37.569389355261734
2025-03-06 17:30:00,37.562185457977996
2025-03-06 17:31:00,37.554982038851456
2025-03-06 17:32:00,37.547779093280795
2025-03-06 17:33:00,37.54057663121101
2025-03-06 17:34:00,37.533374648092746
2025-03-06 17:35:00,37.526173144156324
2025-03-06 17:36:00,37.518972119719
2025-03-06 17:37:00,37.51177157497687
2025-03-06 17:38:00,37.50457151021284
2025-03-06 17:39:00,37.49737192574486
2025-03-06 17:40:00,37.4901728217695
2025-03-06 17:41:00,37.48297419860483
2025-03-06 17:42:00,37.4757760564306
2025-03-06 17:43:00,37.46857839561743
2025-03-06 17:44:00,37.46138121153493
2025-03-06 17:45:00,37.45418451415784
2025-03-06 17:46:00,37.44698829883844
2025-03-06 17:47:00,37.43979256591351
2025-03-06 17:48:00,37.43259731561568
2025-03-06 17:49:00,37.4254025482647
2025-03-06 17:50:00,37.41820826405902
2025-03-06 17:51:00,37.411014463284026
2025-03-06 17:52:00,37.403821146242684
2025-03-06 17:53:00,37.396628313134
2025-03-06 17:54:00,37.389435964295856
2025-03-06 17:55:00,37.38224409512074
2025-03-06 17:56:00,37.37505271556114
2025-03-06 17:57:00,37.36786182100964
2025-03-06 17:58:00,37.360671411822324
2025-03-06 17:59:00,37.353481488147345
2025-03-06 18:00:00,37.34629205035828
2025-03-06 18:01:00,37.339103098673135
2025-03-06 18:02:00,37.331914633362025
2025-03-06 18:03:00,37.32472665471251
2025-03-06 18:04:00,37.31753916294298
2025-03-06 18:05:00,37.31035215844548
2025-03-06 18:06:00,37.30316563651392
2025-03-06 18:07:00,37.29597960716554
2025-03-06 18:08:00,37.288794065763575
2025-03-06 18:09:00,37.28160901264882
2025-03-06 18:10:00,37.274424448092624
2025-03-06 18:11:00,37.26724037233247
2025-03-06 18:12:00,37.26005678562282
2025-03-06 18:13:00,37.25287368827047
2025-03-06 18:14:00,37.24569108053052
2025-03-06 18:15:00,37.238508962658116
2025-03-06 18:16:00,37.23132733499517
2025-03-06 18:17:00,37.22414619294536
2025-03-06 18:18:00,37.21696554636496
2025-03-06 18:19:00,37.20978539074421
2025-03-06 18:20:00,37.2026057264258
2025-03-06 18:21:00,37.195426553614126
2025-03-06 18:22:00,37.188247872583105
2025-03-06 18:23:00,37.18106968357211
2025-03-06 18:24:00,37.17389198695934
2025-03-06 18:25:00,37.16671478288069
2025-03-06 18:26:00,37.15953807173194
2025-03-06 18:27:00,37.15236185373607
2025-03-06 18:28:00,37.14518612913335
2025-03-06 18:29:00,37.13801089342002
2025-03-06 18:30:00,37.130836156516516
2025-03-06 18:31:00,37.12366191384958
2025-03-06 18:32:00,37.11648816567792
2025-03-06 18:33:00,37.10931491234658
2025-03-06 18:34:00,37.10214215402806
2025-03-06 18:35:00,37.094969891085015
2025-03-06 18:36:00,37.08779812374222
2025-03-06 18:37:00,37.08062685231104
2025-03-06 18:38:00,37.07345607703375
2025-03-06 18:39:00,37.066285798222104
2025-03-06 18:40:00,37.05911601127415
2025-03-06 18:41:00,37.05194672615699
2025-03-06 18:42:00,37.04477793830345
2025-03-06 18:43:00,37.0376096480088
2025-03-06 18:44:00,37.03044185551637
2025-03-06 18:45:00,37.02327456112179
2025-03-06 18:46:00,37.016107765138194
2025-03-06 18:47:00,37.00894146779228
2025-03-06 18:48:00,37.00177566934573
2025-03-06 18:49:00,36.99461037011215
2025-03-06 18:50:00,36.987445570388054
2025-03-06 18:51:00,36.98028126559448
2025-03-06 18:52:00,36.973117465693804
2025-03-06 18:53:00,36.96595416605509
2025-03-06 18:54:00,36.9587913670104
2025-03-06 18:55:00,36.951629068874354
2025-03-06 18:56:00,36.944467271893046
2025-03-06 18:57:00,36.93730597634689
2025-03-06 18:58:00,36.930145182465004
2025-03-06 18:59:00,36.92298489063195
2025-03-06 19:00:00,36.915825101008245
2025-03-06 19:01:00,36.90866581396146
2025-03-06 19:02:00,36.90150702493565
2025-03-06 19:03:00,36.89434874385353
2025-03-06 19:04:00,36.88719096612482
2025-03-06 19:05:00,36.88003369208348
2025-03-06 19:06:00,36.87287692196004
2025-03-06 19:07:00,36.86572065608894
2025-03-06 19:08:00,36.8585648947183
2025-03-06 19:09:00,36.851409638148695
2025-03-06 19:10:00,36.84425488666295
2025-03-06 19:11:00,36.83710064049287
2025-03-06 19:12:00,36.829946899991114
2025-03-06 19:13:00,36.822793665423994
2025-03-06 19:14:00,36.81564093222483
2025-03-06 19:15:00,36.80848871032796
2025-03-06 19:16:00,36.801336995166736
2025-03-06 19:17:00,36.79418578706006
2025-03-06 19:18:00,36.78703508632731
2025-03-06 19:19:00,36.77988489316719
2025-03-06 19:20:00,36.77273520791658
2025-03-06 19:21:00,36.7655860308438
2025-03-06 19:22:00,36.75843736225126
2025-03-06 19:23:00,36.751289202373385
2025-03-06 19:24:00,36.744141551547735
2025-03-06 19:25:00,36.736994405264916
2025-03-06 19:26:00,36.729847773316614
2025-03-06 19:27:00,36.7227016513313
2025-03-06 19:28:00,36.71555603949239
2025-03-06 19:29:00,36.70841093808687
2025-03-06 19:30:00,36.701266347401976
2025-03-06 19:31:00,36.69412226779396
2025-03-06 19:32:00,36.68697869944696
2025-03-06 19:33:00,36.67983564275204
2025-03-06 19:34:00,36.6726930979286
2025-03-06 19:35:00,36.665551065230126
2025-03-06 19:36:00,36.658409540222
2025-03-06 19:37:00,36.65126853277696
2025-03-06 19:38:00,36.64412803832274
2025-03-06 19:39:00,36.63698805721719
2025-03-06 19:40:00,36.62984858971505
2025-03-06 19:41:00,36.62270963607127
2025-03-06 19:42:00,36.6155711966271
2025-03-06 19:43:00,36.6084332716207
2025-03-06 19:44:00,36.601295861445266
2025-03-06 19:45:00,36.59415896623637
2025-03-06 19:46:00,36.587022586387405
2025-03-06 19:47:00,36.57988671738359
2025-03-06 19:48:00,36.572751369075384
2025-03-06 19:49:00,36.56561653694813
2025-03-06 19:50:00,36.55848222134455
2025-03-06 19:51:00,36.551348422470014
2025-03-06 19:52:00,36.54421514065067
2025-03-06 19:53:00,36.53708237626442
2025-03-06 19:54:00,36.52995012948263
2025-03-06 19:55:00,36.52281840064936
2025-03-06 19:56:00,36.515687190005586
2025-03-06 19:57:00,36.50855649789525
2025-03-06 19:58:00,36.50142632461145
2025-03-06 19:59:00,36.494296665662844
2025-03-06 20:00:00,36.487167530860084
2025-03-06 20:01:00,36.480038915729224
2025-03-06 20:02:00,36.47291082059826
2025-03-06 20:03:00,36.46578324572694
2025-03-06 20:04:00,36.45865619139184
2025-03-06 20:05:00,36.45152965793899
2025-03-06 20:06:00,36.44440364562873
2025-03-06 20:07:00,36.43727815473815
2025-03-06 20:08:00,36.43015318559692
2025-03-06 20:09:00,36.423028738431285
2025-03-06 20:10:00,36.41590480884192
2025-03-06 20:11:00,36.40878140663437
2025-03-06 20:12:00,36.40165852735789
2025-03-06 20:13:00,36.39453617122237
2025-03-06 20:14:00,36.38741433862714
2025-03-06 20:15:00,36.38029302978273
2025-03-06 20:16:00,36.37317224503735
2025-03-06 20:17:00,36.366051984670285
2025-03-06 20:18:00,36.35893224894455
2025-03-06 20:19:00,36.351813038225856
2025-03-06 20:20:00,36.344694352742984
2025-03-06 20:21:00,36.33757618803396
2025-03-06 20:22:00,36.3304585539505
2025-03-06 20:23:00,36.32334144604788
2025-03-06 20:24:00,36.316224864555714
2025-03-06 20:25:00,36.30910880982404
2025-03-06 20:26:00,36.30199328213425
2025-03-06 20:27:00,36.29487828176807
2025-03-06 20:28:00,36.28776380902465
2025-03-06 20:29:00,36.280649864220415
2025-03-06 20:30:00,36.27353644760355
2025-03-06 20:31:00,36.26642355955944
2025-03-06 20:32:00,36.25931119556338
2025-03-06 20:33:00,36.25219936541083
2025-03-06 20:34:00,36.24508806473143
2025-03-06 20:35:00,36.237977293739974
2025-03-06 20:36:00,36.2308670527718
2025-03-06 20:37:00,36.22375734211053
2025-03-06 20:38:00,36.216648162074634
2025-03-06 20:39:00,36.20953951293117
2025-03-06 20:40:00,36.20243139503312
2025-03-06 20:41:00,36.195323808631215
2025-03-06 20:42:00,36.18821675402714
2025-03-06 20:43:00,36.181110231557724
2025-03-06 20:44:00,36.174004236722034
2025-03-06 20:45:00,36.16689877934403
2025-03-06 20:46:00,36.15979385500856
2025-03-06 20:47:00,36.152689463984714
2025-03-06 20:48:00,36.145585606592725
2025-03-06 20:49:00,36.13848228308478
2025-03-06 20:50:00,36.13137949378201
2025-03-06 20:51:00,36.12427723907379
2025-03-06 20:52:00,36.11717551912742
2025-03-06 20:53:00,36.11007433433273
2025-03-06 20:54:00,36.10297368496034
2025-03-06 20:55:00,36.09587356654982
2025-03-06 20:56:00,36.08877398893696
2025-03-06 20:57:00,36.08167494766142
2025-03-06 20:58:00,36.074576443028725
2025-03-06 20:59:00,36.067478475327434
2025-03-06 21:00:00,36.060381044914806
2025-03-06 21:01:00,36.05328415202857
2025-03-06 21:02:00,36.04618779697497
2025-03-06 21:03:00,36.039091980094796
2025-03-06 21:04:00,36.03199670171209
2025-03-06 21:05:00,36.024901962065144
2025-03-06 21:06:00,36.01780775676852
2025-03-06 21:07:00,36.010714095566904
2025-03-06 21:08:00,36.00362097407485
2025-03-06 21:09:00,35.99652839258301
2025-03-06 21:10:00,35.989436351382444
2025-03-06 21:11:00,35.98234485078138
2025-03-06 21:12:00,35.97525389105408
2025-03-06 21:13:00,35.968163472629115
2025-03-06 21:14:00,35.961073595678464
2025-03-06 21:15:00,35.953984260579816
2025-03-06 21:16:00,35.946895467557084
2025-03-06 21:17:00,35.93980721231602
2025-03-06 21:18:00,35.93271950451111
2025-03-06 21:19:00,35.92563233983106
2025-03-06 21:20:00,35.91854571846671
2025-03-06 21:21:00,35.91145964081373
2025-03-06 21:22:00,35.904374107097624
2025-03-06 21:23:00,35.897289117731695
2025-03-06 21:24:00,35.890204672941536
2025-03-06 21:25:00,35.8831207730729
2025-03-06 21:26:00,35.87603741845431
2025-03-06 21:27:00,35.86895460934632
2025-03-06 21:28:00,35.861872346043924
2025-03-06 21:29:00,35.8547906241744
2025-03-06 21:30:00,35.847709453539906
2025-03-06 21:31:00,35.84062882961416
2025-03-06 21:32:00,35.83354875284671
2025-03-06 21:33:00,35.82646922343111
2025-03-06 21:34:00,35.819390241749055
2025-03-06 21:35:00,35.81231180806284
2025-03-06 21:36:00,35.80523392273742
2025-03-06 21:37:00,35.79815658601849
2025-03-06 21:38:00,35.791079798254565
2025-03-06 21:39:00,35.78400355977694
2025-03-06 21:40:00,35.776927866099925
2025-03-06 21:41:00,35.76985272710568
2025-03-06 21:42:00,35.76277813830843
2025-03-06 21:43:00,35.75570409998933
2025-03-06 21:44:00,35.748630612532175
2025-03-06 21:45:00,35.74155767621875
2025-03-06 21:46:00,35.73448529133077
2025-03-06 21:47:00,35.72741345823571
2025-03-06 21:48:00,35.720342177233
2025-03-06 21:49:00,35.713271448622294
2025-03-06 21:50:00,35.70620127273747
2025-03-06 21:51:00,35.69913164513327
2025-03-06 21:52:00,35.69206257560096
2025-03-06 21:53:00,35.68499405974672
2025-03-06 21:54:00,35.677926097871165
2025-03-06 21:55:00,35.670858690292306
2025-03-06 21:56:00,35.66379183731147
2025-03-06 21:57:00,35.65672553924694
2025-03-06 21:58:00,35.64965979645161
2025-03-06 21:59:00,35.6425946092103
2025-03-06 22:00:00,35.63552997784213
2025-03-06 22:01:00,35.628465902649545
2025-03-06 22:02:00,35.62140237922758
2025-03-06 22:03:00,35.61433941737948
2025-03-06 22:04:00,35.60727701268342
2025-03-06 22:05:00,35.600215165442606
2025-03-06 22:06:00,35.593153875960525
2025-03-06 22:07:00,35.58609314464326
2025-03-06 22:08:00,35.579032971709225
2025-03-06 22:09:00,35.571973357479905
2025-03-06 22:10:00,35.564914302310655
2025-03-06 22:11:00,35.557855806574274
2025-03-06 22:12:00,35.5507978705074
2025-03-06 22:13:00,35.54374049446627
2025-03-06 22:14:00,35.53668367400197
2025-03-06 22:15:00,35.529627418928854
2025-03-06 22:16:00,35.52257172486599
2025-03-06 22:17:00,35.51551659210262
2025-03-06 22:18:00,35.50846202091076
2025-03-06 22:19:00,35.501408011647996
2025-03-06 22:20:00,35.49435456472312
2025-03-06 22:21:00,35.48730168034088
2025-03-06 22:22:00,35.48024935885949
2025-03-06 22:23:00,35.47319760060349
2025-03-06 22:24:00,35.46614640593135
2025-03-06 22:25:00,35.4590957703838
2025-03-06 22:26:00,35.45204570375253
2025-03-06 22:27:00,35.444996201646354
2025-03-06 22:28:00,35.43794726439091
2025-03-06 22:29:00,35.43089889227793
2025-03-06 22:30:00,35.42385108568431
2025-03-06 22:31:00,35.41680384486852
2025-03-06 22:32:00,35.4097571702418
2025-03-06 22:33:00,35.40271106204589
2025-03-06 22:34:00,35.3956655206418
2025-03-06 22:35:00,35.38862054632271
2025-03-06 22:36:00,35.381576134754866
2025-03-06 22:37:00,35.374532295656344
2025-03-06 22:38:00,35.36748902462579
2025-03-06 22:39:00,35.36044632205901
2025-03-06 22:40:00,35.35340418819953
2025-03-06 22:41:00,35.34636262340988
2025-03-06 22:42:00,35.33932162803584
2025-03-06 22:43:00,35.33228120235545
2025-03-06 22:44:00,35.32524134671487
2025-03-06 22:45:00,35.3182020614608
2025-03-06 22:46:00,35.31116334692269
2025-03-06 22:47:00,35.3041251986717
2025-03-06 22:48:00,35.297087626522355
2025-03-06 22:49:00,35.29005062604578
2025-03-06 22:50:00,35.28301419757255
2025-03-06 22:51:00,35.27597834145048
2025-03-06 22:52:00,35.26894305799411
2025-03-06 22:53:00,35.261908347568124
2025-03-06 22:54:00,35.2548742104367
2025-03-06 22:55:00,35.24784064696565
2025-03-06 22:56:00,35.24080765750375
2025-03-06 22:57:00,35.233775242349495
2025-03-06 22:58:00,35.226743401869335
2025-03-06 22:59:00,35.21971213162476
2025-03-06 23:00:00,35.21268144142394
2025-03-06 23:01:00,35.20565132686242
2025-03-06 23:02:00,35.198621788273684
2025-03-06 23:03:00,35.19159282599145
2025-03-06 23:04:00,35.184564440315654
2025-03-06 23:05:00,35.17753663166547
2025-03-06 23:06:00,35.170509400273545
2025-03-06 23:07:00,35.163482746525354
2025-03-06 23:08:00,35.1564566707558
2025-03-06 23:09:00,35.14943117324925
2025-03-06 23:10:00,35.14240624970945
2025-03-06 23:11:00,35.13538190982047
2025-03-06 23:12:00,35.12835814921843
2025-03-06 23:13:00,35.12133496827313
2025-03-06 23:14:00,35.114312367321055
2025-03-06 23:15:00,35.10729034663104
2025-03-06 23:16:00,35.10026890655675
2025-03-06 23:17:00,35.093248047469245
2025-03-06 23:18:00,35.08622776973964
2025-03-06 23:19:00,35.0792080736039
2025-03-06 23:20:00,35.07218895945059
2025-03-06 23:21:00,35.06517042290547
2025-03-06 23:22:00,35.05815247369791
2025-03-06 23:23:00,35.05113510750442
2025-03-06 23:24:00,35.044118324613216
2025-03-06 23:25:00,35.03710212539686
2025-03-06 23:26:00,35.03008651012706
2025-03-06 23:27:00,35.02307147927873
2025-03-06 23:28:00,35.01605703303907
2025-03-06 23:29:00,35.009043171799
2025-03-06 23:30:00,35.00202989591554
2025-03-06 23:31:00,34.995017205729084
2025-03-06 23:32:00,34.988005096872385
2025-03-06 23:33:00,34.98099357903518
2025-03-06 23:34:00,34.97398264793469
2025-03-06 23:35:00,34.96697230386165
2025-03-06 23:36:00,34.959962547140776
2025-03-06 23:37:00,34.95295337819856
2025-03-06 23:38:00,34.94594479725878
2025-03-06 23:39:00,34.9389368047482
2025-03-06 23:40:00,34.931929400975804
2025-03-06 23:41:00,34.92492258628452
2025-03-06 23:42:00,34.91791636096661
2025-03-06 23:43:00,34.91091072539937
2025-03-06 23:44:00,34.90390567532411
2025-03-06 23:45:00,34.896901220323244
2025-03-06 23:46:00,34.88989735615525
2025-03-06 23:47:00,34.88289408307996
2025-03-06 23:48:00,34.87589140147573
2025-03-06 23:49:00,34.86888931170436
2025-03-06 23:50:00,34.86188781406012
2025-03-06 23:51:00,34.854886908922396
2025-03-06 23:52:00,34.847886596636314
2025-03-06 23:53:00,34.840886877531204
2025-03-06 23:54:00,34.83388775195288
2025-03-06 23:55:00,34.82688921553167
2025-03-06 23:56:00,34.819891278063594
2025-03-06 23:57:00,34.8128939351114
2025-03-06 23:58:00,34.805897187089705
2025-03-06 23:59:00,34.79890103434587
2025-03-07 00:00:00,34.791905477159766
2025-03-07 00:01:00,34.78491051594686
2025-03-07 00:02:00,34.77791615100447
2025-03-07 00:03:00,34.77092238268084
2025-03-07 00:04:00,34.763929211341456
2025-03-07 00:05:00,34.75693663733515
2025-03-07 00:06:00,34.7499446563328
2025-03-07 00:07:00,34.7429532780234
2025-03-07 00:08:00,34.735962498078024
2025-03-07 00:09:00,34.72897231684646
2025-03-07 00:10:00,34.72198273467863
2025-03-07 00:11:00,34.71499375192509
2025-03-07 00:12:00,34.70800536895302
2025-03-07 00:13:00,34.70101758606262
2025-03-07 00:14:00,34.694030403605005
2025-03-07 00:15:00,34.68704382201564
2025-03-07 00:16:00,34.68005784152818
2025-03-07 00:17:00,34.67307245788782
2025-03-07 00:18:00,34.66608768076131
2025-03-07 00:19:00,34.65910350584326
2025-03-07 00:20:00,34.65211993348624
2025-03-07 00:21:00,34.64513696407682
2025-03-07 00:22:00,34.638154597866965
2025-03-07 00:23:00,34.63117283526049
2025-03-07 00:24:00,34.62419167661088
2025-03-07 00:25:00,34.617211122339356
2025-03-07 00:26:00,34.61023117266526
2025-03-07 00:27:00,34.60325182802702
2025-03-07 00:28:00,34.59627308872881
2025-03-07 00:29:00,34.58929495045609
2025-03-07 00:30:00,34.58231742298705
2025-03-07 00:31:00,34.57534050190631
2025-03-07 00:32:00,34.56836418761996
2025-03-07 00:33:00,34.5613884804671
2025-03-07 00:34:00,34.554413380803574
2025-03-07 00:35:00,34.54743888895218
2025-03-07 00:36:00,34.54046500526962
2025-03-07 00:37:00,34.533491730163156
2025-03-07 00:38:00,34.52651906400646
2025-03-07 00:39:00,34.51954700705639
2025-03-07 00:40:00,34.51257555503902
2025-03-07 00:41:00,34.50560471767612
2025-03-07 00:42:00,34.49863449066047
2025-03-07 00:43:00,34.49166487426651
2025-03-07 00:44:00,34.48469586897038
2025-03-07 00:45:00,34.47772747501336
2025-03-07 00:46:00,34.47075969283862
2025-03-07 00:47:00,34.46379252277213
2025-03-07 00:48:00,34.4568259651733
2025-03-07 00:49:00,34.449860020351814
2025-03-07 00:50:00,34.44289468871803
2025-03-07 00:51:00,34.43592996600586
2025-03-07 00:52:00,34.42896586181301
2025-03-07 00:53:00,34.42200237189019
2025-03-07 00:54:00,34.41503949658163
2025-03-07 00:55:00,34.40807723624892
2025-03-07 00:56:00,34.40111559125362
2025-03-07 00:57:00,34.394154561924395
2025-03-07 00:58:00,34.387194148639914
2025-03-07 00:59:00,34.380234351830175
2025-03-07 01:00:00,34.373275171740374
2025-03-07 01:01:00,34.36631660880041
2025-03-07 01:02:00,34.359358658684215
2025-03-07 01:03:00,34.3524013310845
2025-03-07 01:04:00,34.34544462170863
2025-03-07 01:05:00,34.33848853088706
2025-03-07 01:06:00,34.331533059051324
2025-03-07 01:07:00,34.32457820648205
2025-03-07 01:08:00,34.31762397356085
2025-03-07 01:09:00,34.31067036073665
2025-03-07 01:10:00,34.30371736827425
2025-03-07 01:11:00,34.29676499655617
2025-03-07 01:12:00,34.2898132459312
2025-03-07 01:13:00,34.28286211684959
2025-03-07 01:14:00,34.275911604892244
2025-03-07 01:15:00,34.26896171982941
2025-03-07 01:16:00,34.262012457342855
2025-03-07 01:17:00,34.255063817782954
2025-03-07 01:18:00,34.24811580155063
2025-03-07 01:19:00,34.241168408963446
2025-03-07 01:20:00,34.23422164047317
2025-03-07 01:21:00,34.22727549631396
2025-03-07 01:22:00,34.220329976971605
2025-03-07 01:23:00,34.213385082697556
2025-03-07 01:24:00,34.206440813994966
2025-03-07 01:25:00,34.19949716646918
2025-03-07 01:26:00,34.192554149850515
2025-03-07 01:27:00,34.18561175981158
2025-03-07 01:28:00,34.17866999680612
2025-03-07 01:29:00,34.1717288610538
2025-03-07 01:30:00,34.16478835305922
2025-03-07 01:31:00,34.15784847314292
2025-03-07 01:32:00,34.15090922167631
2025-03-07 01:33:00,34.143970598997065
2025-03-07 01:34:00,34.137032605493886
2025-03-07 01:35:00,34.13009524158874
2025-03-07 01:36:00,34.123158502927915
2025-03-07 01:37:00,34.116222399202464
2025-03-07 01:38:00,34.10928692615913
2025-03-07 01:39:00,34.102352084154155
2025-03-07 01:40:00,34.09541787354427
2025-03-07 01:41:00,34.08848429473634
2025-03-07 01:42:00,34.08155134802059
2025-03-07 01:43:00,34.074619033837934
2025-03-07 01:44:00,34.06768735256297
2025-03-07 01:45:00,34.060756304570205
2025-03-07 01:46:00,34.053825890184314
2025-03-07 01:47:00,34.04689610517629
2025-03-07 01:48:00,34.0399669591974
2025-03-07 01:49:00,34.033038447968465
2025-03-07 01:50:00,34.02611057186556
2025-03-07 01:51:00,34.01918333129823
2025-03-07 01:52:00,34.01225672657626
2025-03-07 01:53:00,34.00533075810988
2025-03-07 01:54:00,33.99840542630943
2025-03-07 01:55:00,33.99148073145213
2025-03-07 01:56:00,33.98455667399898
2025-03-07 01:57:00,33.977633254311286
2025-03-07 01:58:00,33.97071047275039
2025-03-07 01:59:00,33.963788325028595
2025-03-07 02:00:00,33.95686682084058
2025-03-07 02:01:00,33.94994595593218
2025-03-07 02:02:00,33.9430257306492
2025-03-07 02:03:00,33.93610614538793
2025-03-07 02:04:00,33.92918720047788
2025-03-07 02:05:00,33.922268896349294
2025-03-07 02:06:00,33.915351233399136
2025-03-07 02:07:00,33.90843421194128
2025-03-07 02:08:00,33.90151783240669
2025-03-07 02:09:00,33.89460209512627
2025-03-07 02:10:00,33.88768699588689
2025-03-07 02:11:00,33.88077254432668
2025-03-07 02:12:00,33.873858736182655
2025-03-07 02:13:00,33.86694557185358
2025-03-07 02:14:00,33.860033051688504
2025-03-07 02:15:00,33.853121176053676
2025-03-07 02:16:00,33.84620994541561
2025-03-07 02:17:00,33.8392993600907
2025-03-07 02:18:00,33.8323894204293
2025-03-07 02:19:00,33.82548012686542
2025-03-07 02:20:00,33.81857147979985
2025-03-07 02:21:00,33.811663474909885
2025-03-07 02:22:00,33.804756121894805
2025-03-07 02:23:00,33.79784941651543
2025-03-07 02:24:00,33.79094335910699
2025-03-07 02:25:00,33.784037950088404
2025-03-07 02:26:00,33.77713318981231
2025-03-07 02:27:00,33.770229078731255
2025-03-07 02:28:00,33.76332561716495
2025-03-07 02:29:00,33.75642280553348
2025-03-07 02:30:00,33.749520644123734
2025-03-07 02:31:00,33.74261913345633
2025-03-07 02:32:00,33.735718269249546
2025-03-07 02:33:00,33.72881806109651
2025-03-07 02:34:00,33.72191850478228
2025-03-07 02:35:00,33.71501960071195
2025-03-07 02:36:00,33.7081213492407
2025-03-07 02:37:00,33.701223750757606
2025-03-07 02:38:00,33.69432680570155
2025-03-07 02:39:00,33.687430514412185
2025-03-07 02:40:00,33.68053487724579
2025-03-07 02:41:00,33.673639894642605
2025-03-07 02:42:00,33.666745567025714
2025-03-07 02:43:00,33.65985189468616
2025-03-07 02:44:00,33.65295887343413
2025-03-07 02:45:00,33.64606651293875
2025-03-07 02:46:00,33.63917480892727
2025-03-07 02:47:00,33.6322837617748
2025-03-07 02:48:00,33.62539337192313
2025-03-07 02:49:00,33.61850363971454
2025-03-07 02:50:00,33.61161456554162
2025-03-07 02:51:00,33.604726149847146
2025-03-07 02:52:00,33.59783839299087
2025-03-07 02:53:00,33.59095129531629
2025-03-07 02:54:00,33.58406485728355
2025-03-07 02:55:00,33.57717907464417
2025-03-07 02:56:00,33.57029395702779
2025-03-07 02:57:00,33.563409500169435
2025-03-07 02:58:00,33.55652570451374
2025-03-07 02:59:00,33.54964257040606
2025-03-07 03:00:00,33.54276009830804
2025-03-07 03:01:00,33.53587828858213
2025-03-07 03:02:00,33.52899714157443
2025-03-07 03:03:00,33.5221166577145
2025-03-07 03:04:00,33.51523683743172
2025-03-07 03:05:00,33.5083576810734
2025-03-07 03:06:00,33.50147918443204
2025-03-07 03:07:00,33.49460135714749
2025-03-07 03:08:00,33.48772419494619
2025-03-07 03:09:00,33.480847698308864
2025-03-07 03:10:00,33.47397186760072
2025-03-07 03:11:00,33.46709670315379
2025-03-07 03:12:00,33.46022220543327
2025-03-07 03:13:00,33.453348374804996
2025-03-07 03:14:00,33.44647521171811
2025-03-07 03:15:00,33.43960271652252
2025-03-07 03:16:00,33.43273088958495
2025-03-07 03:17:00,33.42585972675575
2025-03-07 03:18:00,33.41898923763518
2025-03-07 03:19:00,33.41211941799073
2025-03-07 03:20:00,33.40525026827326
2025-03-07 03:21:00,33.39838178881777
2025-03-07 03:22:00,33.39151398004258
2025-03-07 03:23:00,33.3846468423662
2025-03-07 03:24:00,33.37778037617423
2025-03-07 03:25:00,33.370914581918925
2025-03-07 03:26:00,33.364049459870635
2025-03-07 03:27:00,33.35718501058149
2025-03-07 03:28:00,33.35032123433895
2025-03-07 03:29:00,33.34345812701865
2025-03-07 03:30:00,33.33659569818051
2025-03-07 03:31:00,33.32973394365057
2025-03-07 03:32:00,33.322872863767216
2025-03-07 03:33:00,33.31601245903469
2025-03-07 03:34:00,33.30915272980836
2025-03-07 03:35:00,33.30229367646056
2025-03-07 03:36:00,33.29543529946331
2025-03-07 03:37:00,33.28857759913982
2025-03-07 03:38:00,33.28172057594598
2025-03-07 03:39:00,33.2748642302885
2025-03-07 03:40:00,33.268008557951624
2025-03-07 03:41:00,33.26115356855508
2025-03-07 03:42:00,33.25429925789999
2025-03-07 03:43:00,33.24744562637737
2025-03-07 03:44:00,33.24059267439545
2025-03-07 03:45:00,33.23374040234597
2025-03-07 03:46:00,33.2268888107369
2025-03-07 03:47:00,33.220037899828235
2025-03-07 03:48:00,33.21318767009543
2025-03-07 03:49:00,33.20633812198119
2025-03-07 03:50:00,33.19948925582905
2025-03-07 03:51:00,33.192641067464585
2025-03-07 03:52:00,33.18579356655058
2025-03-07 03:53:00,33.17894674881355
2025-03-07 03:54:00,33.17210061469756
2025-03-07 03:55:00,33.16525516464693
2025-03-07 03:56:00,33.15841039899066
2025-03-07 03:57:00,33.15156631822326
2025-03-07 03:58:00,33.14472292270739
2025-03-07 03:59:00,33.13788021287208
2025-03-07 04:00:00,33.13103818911355
2025-03-07 04:01:00,33.12419685179552
2025-03-07 04:02:00,33.11735619688349
2025-03-07 04:03:00,33.11051623381922
2025-03-07 04:04:00,33.10367695848588
2025-03-07 04:05:00,33.096838371281336
2025-03-07 04:06:00,33.090000472669665
2025-03-07 04:07:00,33.08316326298319
2025-03-07 04:08:00,33.076326742719736
2025-03-07 04:09:00,33.06949091217913
2025-03-07 04:10:00,33.062655771876166
2025-03-07 04:11:00,33.05582132217756
2025-03-07 04:12:00,33.048987563549076
2025-03-07 04:13:00,33.04215449634141
2025-03-07 04:14:00,33.03532211639726
2025-03-07 04:15:00,33.02849043331594
2025-03-07 04:16:00,33.02165944292386
2025-03-07 04:17:00,33.01482914565533
2025-03-07 04:18:00,33.007999541895586
2025-03-07 04:19:00,33.00117063209597
2025-03-07 04:20:00,32.99434241662603
2025-03-07 04:21:00,32.98751489593771
2025-03-07 04:22:00,32.980688070417365
2025-03-07 04:23:00,32.973861940534185
2025-03-07 04:24:00,32.967036506675235
2025-03-07 04:25:00,32.960211764658546
2025-03-07 04:26:00,32.95338772407675
2025-03-07 04:27:00,32.94656438079745
2025-03-07 04:28:00,32.93974173522541
2025-03-07 04:29:00,32.93291978774914
2025-03-07 04:30:00,32.92609853882348
2025-03-07 04:31:00,32.91927798883749
2025-03-07 04:32:00,32.912458138213736
2025-03-07 04:33:00,32.90563898742419
2025-03-07 04:34:00,32.898820536859105
2025-03-07 04:35:00,32.89200278687601
2025-03-07 04:36:00,32.88518573344916
2025-03-07 04:37:00,32.878369386033185
2025-03-07 04:38:00,32.87155374053679
2025-03-07 04:39:00,32.864738797351635
2025-03-07 04:40:00,32.857924556935444
2025-03-07 04:41:00,32.85111101968055
2025-03-07 04:42:00,32.8442981860289
2025-03-07 04:43:00,32.83748605637342
2025-03-07 04:44:00,32.83067463118941
2025-03-07 04:45:00,32.823863910870436
2025-03-07 04:46:00,32.81705389581039
2025-03-07 04:47:00,32.81024458194267
2025-03-07 04:48:00,32.803435978748
2025-03-07 04:49:00,32.79662808217635
2025-03-07 04:50:00,32.7898208925406
2025-03-07 04:51:00,32.783014410351235
2025-03-07 04:52:00,32.77620863597109
2025-03-07 04:53:00,32.76940356991116
2025-03-07 04:54:00,32.762599212518474
2025-03-07 04:55:00,32.75579556425541
2025-03-07 04:56:00,32.74899262556815
2025-03-07 04:57:00,32.74219039682111
2025-03-07 04:58:00,32.735388878493985
2025-03-07 04:59:00,32.72858806648013
2025-03-07 05:00:00,32.72178797026937
2025-03-07 05:01:00,32.714988585738794
2025-03-07 05:02:00,32.70818991336933
2025-03-07 05:03:00,32.7013919535109
2025-03-07 05:04:00,32.69459470664493
2025-03-07 05:05:00,32.687798173220514
2025-03-07 05:06:00,32.681002353637815
2025-03-07 05:07:00,32.67420724831342
2025-03-07 05:08:00,32.667412857713884
2025-03-07 05:09:00,32.66061918225658
2025-03-07 05:10:00,32.653826217826925
2025-03-07 05:11:00,32.64703397390811
2025-03-07 05:12:00,32.64024244648409
2025-03-07 05:13:00,32.63345163585895
2025-03-07 05:14:00,32.6266615425826
2025-03-07 05:15:00,32.61987216705815
2025-03-07 05:16:00,32.61308350967246
2025-03-07 05:17:00,32.606295570911065
2025-03-07 05:18:00,32.59950835116144
2025-03-07 05:19:00,32.592721850926075
2025-03-07 05:20:00,32.58593607056042
2025-03-07 05:21:00,32.57915100602417
2025-03-07 05:22:00,32.57236666677711
2025-03-07 05:23:00,32.565583048762626
2025-03-07 05:24:00,32.558800152403016
2025-03-07 05:25:00,32.552017978137044
2025-03-07 05:26:00,32.545236526387654
2025-03-07 05:27:00,32.53845579759439
2025-03-07 05:28:00,32.531675792229656
2025-03-07 05:29:00,32.524896510651814
2025-03-07 05:30:00,32.51811795338323
2025-03-07 05:31:00,32.51134012086469
2025-03-07 05:32:00,32.504563008900746
2025-03-07 05:33:00,32.4977866270754
2025-03-07 05:34:00,32.49101097132441
2025-03-07 05:35:00,32.484236042024236
2025-03-07 05:36:00,32.47746183963364
2025-03-07 05:37:00,32.47068836461186
2025-03-07 05:38:00,32.463915617336326
2025-03-07 05:39:00,32.457143598332145
2025-03-07 05:40:00,32.450372308026644
2025-03-07 05:41:00,32.44360174679852
2025-03-07 05:42:00,32.43683191515728
2025-03-07 05:43:00,32.43006281351493
2025-03-07 05:44:00,32.423294437783944
2025-03-07 05:45:00,32.416526797442316
2025-03-07 05:46:00,32.40975988846812
2025-03-07 05:47:00,32.40299371125817
2025-03-07 05:48:00,32.39622826627499
2025-03-07 05:49:00,32.38946355396513
2025-03-07 05:50:00,32.38269957474296
2025-03-07 05:51:00,32.37593632910447
2025-03-07 05:52:00,32.369173817431886
2025-03-07 05:53:00,32.362412040189504
2025-03-07 05:54:00,32.35565099790702
2025-03-07 05:55:00,32.348890686358686
2025-03-07 05:56:00,32.34213111517903
2025-03-07 05:57:00,32.33537228019146
2025-03-07 05:58:00,32.32861418191072
2025-03-07 05:59:00,32.32185682072128
2025-03-07 06:00:00,32.315100197154905
2025-03-07 06:01:00,32.308344311564085
2025-03-07 06:02:00,32.30158916446483
2025-03-07 06:03:00,32.29483475629194
2025-03-07 06:04:00,32.28808108748044
2025-03-07 06:05:00,32.28132815844956
2025-03-07 06:06:00,32.27457596522714
2025-03-07 06:07:00,32.267824517212276
2025-03-07 06:08:00,32.26107381035139
2025-03-07 06:09:00,32.254323845146544
2025-03-07 06:10:00,32.247574622002126
2025-03-07 06:11:00,32.24082614133926
2025-03-07 06:12:00,32.234078403693516
2025-03-07 06:13:00,32.22733140947027
2025-03-07 06:14:00,32.22058515910793
2025-03-07 06:15:00,32.21383965307787
2025-03-07 06:16:00,32.20709489185168
2025-03-07 06:17:00,32.200350871319436
2025-03-07 06:18:00,32.193607601036106
2025-03-07 06:19:00,32.18686507687588
2025-03-07 06:20:00,32.1801232992789
2025-03-07 06:21:00,32.1733822687999
2025-03-07 06:22:00,32.16664198579866
2025-03-07 06:23:00,32.15990245078148
2025-03-07 06:24:00,32.153163664190146
2025-03-07 06:25:00,32.14642562645038
2025-03-07 06:26:00,32.13968833805348
2025-03-07 06:27:00,32.13295179942566
2025-03-07 06:28:00,32.126216011075186
2025-03-07 06:29:00,32.11948096891835
2025-03-07 06:30:00,32.11274668245331
2025-03-07 06:31:00,32.10601314756426
2025-03-07 06:32:00,32.099280364809196
2025-03-07 06:33:00,32.09254833453536
2025-03-07 06:34:00,32.0858170573178
2025-03-07 06:35:00,32.07908653352063
2025-03-07 06:36:00,32.07235676362214
2025-03-07 06:37:00,32.06562774813318
2025-03-07 06:38:00,32.05889948751657
2025-03-07 06:39:00,32.05217198215387
2025-03-07 06:40:00,32.04544522801947
2025-03-07 06:41:00,32.03871923466924
2025-03-07 06:42:00,32.03199399796386
2025-03-07 06:43:00,32.025269518400286
2025-03-07 06:44:00,32.01854579649163
2025-03-07 06:45:00,32.011822832589345
2025-03-07 06:46:00,32.00510062725609
2025-03-07 06:47:00,31.998379180925113
2025-03-07 06:48:00,31.991658494062314
2025-03-07 06:49:00,31.98493856710153
2025-03-07 06:50:00,31.978219400558196
2025-03-07 06:51:00,31.97150099033449
2025-03-07 06:52:00,31.96478334593038
2025-03-07 06:53:00,31.958066463329395
2025-03-07 06:54:00,31.951350342999625
2025-03-07 06:55:00,31.94463498536065
2025-03-07 06:56:00,31.937920390913533
2025-03-07 06:57:00,31.931206560127535
2025-03-07 06:58:00,31.924493493439257
2025-03-07 06:59:00,31.91778119133481
2025-03-07 07:00:00,31.91106965430042
2025-03-07 07:01:00,31.904358882790213
2025-03-07 07:02:00,31.89764887274812
2025-03-07 07:03:00,31.890939633683054
2025-03-07 07:04:00,31.88423116155532
2025-03-07 07:05:00,31.87752345680427
2025-03-07 07:06:00,31.87081651993436
2025-03-07 07:07:00,31.864110351401848
2025-03-07 07:08:00,31.8574049516956
2025-03-07 07:09:00,31.850700321207817
2025-03-07 07:10:00,31.843996460525226
2025-03-07 07:11:00,31.837293370073176
2025-03-07 07:12:00,31.830591050277
2025-03-07 07:13:00,31.823889501676057
2025-03-07 07:14:00,31.817188720192114
2025-03-07 07:15:00,31.81048871535826
2025-03-07 07:16:00,31.803789483096566
2025-03-07 07:17:00,31.797091023882807
2025-03-07 07:18:00,31.790393338176976
2025-03-07 07:19:00,31.78369642648805
2025-03-07 07:20:00,31.77700028934121
2025-03-07 07:21:00,31.770304927100675
2025-03-07 07:22:00,31.763610340324703
2025-03-07 07:23:00,31.75691652942669
2025-03-07 07:24:00,31.750223494933202
2025-03-07 07:25:00,31.74353123280784
2025-03-07 07:26:00,31.736839752527935
2025-03-07 07:27:00,31.730149050024693
2025-03-07 07:28:00,31.723459125858746
2025-03-07 07:29:00,31.716769980429184
2025-03-07 07:30:00,31.710081614280945
2025-03-07 07:31:00,31.703394027830065
2025-03-07 07:32:00,31.696707221606097
2025-03-07 07:33:00,31.690021196074206
2025-03-07 07:34:00,31.68333595168381
2025-03-07 07:35:00,31.67665148893311
2025-03-07 07:36:00,31.66996780389195
2025-03-07 07:37:00,31.66328490588495
2025-03-07 07:38:00,31.656602790965913
2025-03-07 07:39:00,31.649921459634385
2025-03-07 07:40:00,31.643240912325865
2025-03-07 07:41:00,31.636561149588985
2025-03-07 07:42:00,31.62988217184381
2025-03-07 07:43:00,31.62320397960729
2025-03-07 07:44:00,31.616526573332493
2025-03-07 07:45:00,31.60984995356946
2025-03-07 07:46:00,31.603174120707266
2025-03-07 07:47:00,31.596499070809124
2025-03-07 07:48:00,31.58982481332133
2025-03-07 07:49:00,31.583151344258646
2025-03-07 07:50:00,31.576478664027896
2025-03-07 07:51:00,31.569806773213458
2025-03-07 07:52:00,31.563135672222792
2025-03-07 07:53:00,31.556465361608574
2025-03-07 07:54:00,31.54979584179521
2025-03-07 07:55:00,31.543127113336162
2025-03-07 07:56:00,31.53645917667258
2025-03-07 07:57:00,31.529792032294118
2025-03-07 07:58:00,31.52312568072324
2025-03-07 07:59:00,31.51646011790462
2025-03-07 08:00:00,31.509795353324492
2025-03-07 08:01:00,31.503131383024417
2025-03-07 08:02:00,31.496468207447634
2025-03-07 08:03:00,31.489805827118275
2025-03-07 08:04:00,31.48314424248025
2025-03-07 08:05:00,31.47648345405843
2025-03-07 08:06:00,31.46982346234563
2025-03-07 08:07:00,31.46316426778713
2025-03-07 08:08:00,31.456505870972975
2025-03-07 08:09:00,31.44984827226861
2025-03-07 08:10:00,31.443191467805363
2025-03-07 08:11:00,31.436535466981397
2025-03-07 08:12:00,31.429880265751528
2025-03-07 08:13:00,31.423225864691545
2025-03-07 08:14:00,31.416572264313253
2025-03-07 08:15:00,31.409919465032594
2025-03-07 08:16:00,31.403267467362078
2025-03-07 08:17:00,31.39661627184698
2025-03-07 08:18:00,31.38996587895216
2025-03-07 08:19:00,31.383316289159346
2025-03-07 08:20:00,31.376667502950433
2025-03-07 08:21:00,31.37001951641824
2025-03-07 08:22:00,31.363372338937232
2025-03-07 08:23:00,31.35672596656834
2025-03-07 08:24:00,31.350080399810885
2025-03-07 08:25:00,31.343435639084426
2025-03-07 08:26:00,31.336791684985407
2025-03-07 08:27:00,31.3301485380144
2025-03-07 08:28:00,31.323506198607888
2025-03-07 08:29:00,31.316864667283276
2025-03-07 08:30:00,31.31022394454215
2025-03-07 08:31:00,31.303584030886405
2025-03-07 08:32:00,31.29694492237043
2025-03-07 08:33:00,31.29030662842537
2025-03-07 08:34:00,31.283669145041543
2025-03-07 08:35:00,31.277032472770543
2025-03-07 08:36:00,31.270396612068097
2025-03-07 08:37:00,31.263761563470183
2025-03-07 08:38:00,31.25712732746546
2025-03-07 08:39:00,31.250493904574654
2025-03-07 08:40:00,31.24386129528704
2025-03-07 08:41:00,31.237229500108178
2025-03-07 08:42:00,31.23059851952791
2025-03-07 08:43:00,31.223968354100705
2025-03-07 08:44:00,31.217338999795544
2025-03-07 08:45:00,31.210710466083178
2025-03-07 08:46:00,31.20408274901284
2025-03-07 08:47:00,31.19745584906029
2025-03-07 08:48:00,31.19082976674978
2025-03-07 08:49:00,31.184204502621725
2025-03-07 08:50:00,31.17758005710506
2025-03-07 08:51:00,31.17095643078885
2025-03-07 08:52:00,31.164333624134905
2025-03-07 08:53:00,31.15771163763705
2025-03-07 08:54:00,31.151090471853692
2025-03-07 08:55:00,31.14447012281198
2025-03-07 08:56:00,31.137850599926573
2025-03-07 08:57:00,31.13123189922492
2025-03-07 08:58:00,31.12461402128281
2025-03-07 08:59:00,31.117996966548382
2025-03-07 09:00:00,31.111380735582124
2025-03-07 09:01:00,31.104765328865042
2025-03-07 09:02:00,31.098150746910505
2025-03-07 09:03:00,31.09153699024801
2025-03-07 09:04:00,31.084924059359714
2025-03-07 09:05:00,31.078311954775963
2025-03-07 09:06:00,31.071700672565925
2025-03-07 09:07:00,31.065090222120503
2025-03-07 09:08:00,31.058480599557072
2025-03-07 09:09:00,31.051871805311556
2025-03-07 09:10:00,31.045263839964136
2025-03-07 09:11:00,31.038656703967604
2025-03-07 09:12:00,31.03205039790275
2025-03-07 09:13:00,31.02544492223914
2025-03-07 09:14:00,31.018840277494427
2025-03-07 09:15:00,31.01223646420275
2025-03-07 09:16:00,31.00563348288268
2025-03-07 09:17:00,30.99903132966118
2025-03-07 09:18:00,30.992430013793793
2025-03-07 09:19:00,30.9858295314557
2025-03-07 09:20:00,30.97922988316678
2025-03-07 09:21:00,30.972631069447495
2025-03-07 09:22:00,30.96603309077075
2025-03-07 09:23:00,30.95943594768947
2025-03-07 09:24:00,30.952839640709307
2025-03-07 09:25:00,30.946244170399886
2025-03-07 09:26:00,30.939649537203735
2025-03-07 09:27:00,30.933055741691398
2025-03-07 09:28:00,30.92646278436981
2025-03-07 09:29:00,30.919870661329462
2025-03-07 09:30:00,30.91327938196062
2025-03-07 09:31:00,30.906688942337865
2025-03-07 09:32:00,30.900099343001663
2025-03-07 09:33:00,30.893510584476907
2025-03-07 09:34:00,30.88692266724121
2025-03-07 09:35:00,30.880335591899573
2025-03-07 09:36:00,30.873749358882698
2025-03-07 09:37:00,30.867163968828386
2025-03-07 09:38:00,30.860579422167795
2025-03-07 09:39:00,30.85399571941236
2025-03-07 09:40:00,30.847412856742167
2025-03-07 09:41:00,30.840830843491766
2025-03-07 09:42:00,30.83424967580965
2025-03-07 09:43:00,30.827669354129256
2025-03-07 09:44:00,30.821089879043022
2025-03-07 09:45:00,30.814511251048742
2025-03-07 09:46:00,30.80793347069212
2025-03-07 09:47:00,30.801356538535153
2025-03-07 09:48:00,30.79478045502897
2025-03-07 09:49:00,30.788205220752083
2025-03-07 09:50:00,30.781630836267787
2025-03-07 09:51:00,30.775057297591744
2025-03-07 09:52:00,30.768484614177417
2025-03-07 09:53:00,30.761912782088423
2025-03-07 09:54:00,30.75534180187345
2025-03-07 09:55:00,30.748771674050076
2025-03-07 09:56:00,30.742202399199407
2025-03-07 09:57:00,30.735633977760287
2025-03-07 09:58:00,30.729066410346498
2025-03-07 09:59:00,30.72249969749282
2025-03-07 10:00:00,30.71593383965515
2025-03-07 10:01:00,30.709368837448338
2025-03-07 10:02:00,30.702804686946266
2025-03-07 10:03:00,30.69624139756244
2025-03-07 10:04:00,30.68967896532341
2025-03-07 10:05:00,30.683117390877165
2025-03-07 10:06:00,30.676556674650378
2025-03-07 10:07:00,30.669996817276015
2025-03-07 10:08:00,30.663437819213016
2025-03-07 10:09:00,30.65687968106357
2025-03-07 10:10:00,30.650322403319045
2025-03-07 10:11:00,30.643765986534902
2025-03-07 10:12:00,30.637210431234976
2025-03-07 10:13:00,30.630655737959557
2025-03-07 10:14:00,30.624101902873164
2025-03-07 10:15:00,30.61754893533287
2025-03-07 10:16:00,30.610996831392505
2025-03-07 10:17:00,30.604445591625613
2025-03-07 10:18:00,30.59789521665347
2025-03-07 10:19:00,30.59134570692354
2025-03-07 10:20:00,30.58479706301057
2025-03-07 10:21:00,30.578249285410436
2025-03-07 10:22:00,30.571702374730094
2025-03-07 10:23:00,30.565156331513606
2025-03-07 10:24:00,30.55861115625811
2025-03-07 10:25:00,30.552066845154478
2025-03-07 10:26:00,30.545523407456642
2025-03-07 10:27:00,30.538980839418784
2025-03-07 10:28:00,30.532439141539783
2025-03-07 10:29:00,30.52589831433427
2025-03-07 10:30:00,30.519358358365068
2025-03-07 10:31:00,30.512819274179414
2025-03-07 10:32:00,30.50628106235648
2025-03-07 10:33:00,30.49974372342851
2025-03-07 10:34:00,30.493207257896636
2025-03-07 10:35:00,30.486671666341287
2025-03-07 10:36:00,30.480136944932262
2025-03-07 10:37:00,30.473603102994282
2025-03-07 10:38:00,30.467070136634284
2025-03-07 10:39:00,30.46053804646577
2025-03-07 10:40:00,30.45400683302376
2025-03-07 10:41:00,30.44747649684382
2025-03-07 10:42:00,30.440947038461637
2025-03-07 10:43:00,30.4344184584292
2025-03-07 10:44:00,30.427890757377874
2025-03-07 10:45:00,30.42136393573412
2025-03-07 10:46:00,30.414837994114357
2025-03-07 10:47:00,30.408312928714892
2025-03-07 10:48:00,30.40178874875739
2025-03-07 10:49:00,30.395265450501547
2025-03-07 10:50:00,30.38874303450209
2025-03-07 10:51:00,30.382221501282665
2025-03-07 10:52:00,30.375700851351645
2025-03-07 10:53:00,30.369181085327988
2025-03-07 10:54:00,30.362662203783763
2025-03-07 10:55:00,30.356144207181323
2025-03-07 10:56:00,30.349627096156524
2025-03-07 10:57:00,30.343110871266916
2025-03-07 10:58:00,30.336595532991836
2025-03-07 10:59:00,30.330081077570938
2025-03-07 11:00:00,30.323567514326868
2025-03-07 11:01:00,30.317054839420834
2025-03-07 11:02:00,30.310543053365237
2025-03-07 11:03:00,30.30403215683019
2025-03-07 11:04:00,30.29752215025009
2025-03-07 11:05:00,30.291013034217386
2025-03-07 11:06:00,30.284504809387492
2025-03-07 11:07:00,30.277997476180566
2025-03-07 11:08:00,30.271491035268525
2025-03-07 11:09:00,30.264985487088154
2025-03-07 11:10:00,30.258480827984066
2025-03-07 11:11:00,30.251977067176263
2025-03-07 11:12:00,30.24547420085262
2025-03-07 11:13:00,30.238972229545602
2025-03-07 11:14:00,30.232471153898224
2025-03-07 11:15:00,30.225970974396716
2025-03-07 11:16:00,30.219471691685023
2025-03-07 11:17:00,30.212973306250014
2025-03-07 11:18:00,30.206475818673525
2025-03-07 11:19:00,30.19997922956913
2025-03-07 11:20:00,30.193483539425202
2025-03-07 11:21:00,30.186988744518708
2025-03-07 11:22:00,30.18049485409258
2025-03-07 11:23:00,30.17400186436128
2025-03-07 11:24:00,30.16750977589325
2025-03-07 11:25:00,30.161018589273084
2025-03-07 11:26:00,30.154528305038752
2025-03-07 11:27:00,30.14803892377558
2025-03-07 11:28:00,30.141550446022393
2025-03-07 11:29:00,30.13506287241232
2025-03-07 11:30:00,30.12857620346928
2025-03-07 11:31:00,30.12209043978038
2025-03-07 11:32:00,30.11560557753944
2025-03-07 11:33:00,30.109121626012225
2025-03-07 11:34:00,30.10263858145548
2025-03-07 11:35:00,30.096156444442343
2025-03-07 11:36:00,30.089675215483453
2025-03-07 11:37:00,30.08319489523084
2025-03-07 11:38:00,30.07671548421191
2025-03-07 11:39:00,30.070236983001116
2025-03-07 11:40:00,30.063759392173594
2025-03-07 11:41:00,30.057282712320287
2025-03-07 11:42:00,30.050806944017417
2025-03-07 11:43:00,30.04433208779386
2025-03-07 11:44:00,30.037858139934222
2025-03-07 11:45:00,30.03138510963216
2025-03-07 11:46:00,30.02491299320345
2025-03-07 11:47:00,30.018441791194725
2025-03-07 11:48:00,30.011971504153166
2025-03-07 11:49:00,30.005502132704308
2025-03-07 11:50:00,29.999033677349217
2025-03-07 11:51:00,29.99256613876129
2025-03-07 11:52:00,29.986099517457838
2025-03-07 11:53:00,29.979633814003805
2025-03-07 11:54:00,29.973169029026806
2025-03-07 11:55:00,29.96670515872868
2025-03-07 11:56:00,29.96024221241933
2025-03-07 11:57:00,29.953780186316465
2025-03-07 11:58:00,29.94731908095563
2025-03-07 11:59:00,29.94085889695095
2025-03-07 12:00:00,29.934399634901446
2025-03-07 12:01:00,29.927941295375234
2025-03-07 12:02:00,29.921483878940833
2025-03-07 12:03:00,29.915027386198382
2025-03-07 12:04:00,29.90857181773295
2025-03-07 12:05:00,29.902117174083152
2025-03-07 12:06:00,29.895663451602402
2025-03-07 12:07:00,29.88921065940474
2025-03-07 12:08:00,29.882758793843855
2025-03-07 12:09:00,29.876307855491227
2025-03-07 12:10:00,29.86985784493436
2025-03-07 12:11:00,29.863408762698768
2025-03-07 12:12:00,29.856960609419723
2025-03-07 12:13:00,29.850513385685822
2025-03-07 12:14:00,29.844067092070787
2025-03-07 12:15:00,29.837621729164205
2025-03-07 12:16:00,29.831177297556167
2025-03-07 12:17:00,29.824733793533305
2025-03-07 12:18:00,29.81829122631013
2025-03-07 12:19:00,29.811849592173722
2025-03-07 12:20:00,29.80540889165338
2025-03-07 12:21:00,29.798969125403623
2025-03-07 12:22:00,29.79253029398584
2025-03-07 12:23:00,29.78609239800867
2025-03-07 12:24:00,29.779655438065383
2025-03-07 12:25:00,29.773219414703284
2025-03-07 12:26:00,29.766784328578865
2025-03-07 12:27:00,29.76035018020893
2025-03-07 12:28:00,29.753916970266445
2025-03-07 12:29:00,29.747484695003962
2025-03-07 12:30:00,29.741053363610703
2025-03-07 12:31:00,29.73462297240163
2025-03-07 12:32:00,29.72819352200468
2025-03-07 12:33:00,29.721765012923868
2025-03-07 12:34:00,29.715337445818932
2025-03-07 12:35:00,29.708910821257007
2025-03-07 12:36:00,29.70248513989867
2025-03-07 12:37:00,29.696060402265275
2025-03-07 12:38:00,29.689636608971682
2025-03-07 12:39:00,29.683213760633244
2025-03-07 12:40:00,29.676791853529643
2025-03-07 12:41:00,29.670370896903265
2025-03-07 12:42:00,29.663950887018416
2025-03-07 12:43:00,29.657531824461216
2025-03-07 12:44:00,29.651113709833574
2025-03-07 12:45:00,29.644696543799974
2025-03-07 12:46:00,29.638280326885535
2025-03-07 12:47:00,29.631865059693652
2025-03-07 12:48:00,29.6254507428744
2025-03-07 12:49:00,29.619037377047377
2025-03-07 12:50:00,29.612624962724155
2025-03-07 12:51:00,29.606213496304534
2025-03-07 12:52:00,29.599802986897835
2025-03-07 12:53:00,29.593393430873085
2025-03-07 12:54:00,29.586984828836485
2025-03-07 12:55:00,29.580577181363815
2025-03-07 12:56:00,29.574170489093113
2025-03-07 12:57:00,29.567764752570085
2025-03-07 12:58:00,29.56135997249548
2025-03-07 12:59:00,29.55495614938488
2025-03-07 13:00:00,29.548553283878157
2025-03-07 13:01:00,29.542151376599953
2025-03-07 13:02:00,29.535750423868905
2025-03-07 13:03:00,29.52935043480076
2025-03-07 13:04:00,29.522951405853547
2025-03-07 13:05:00,29.51655333749902
2025-03-07 13:06:00,29.510156230426
2025-03-07 13:07:00,29.503760085215475
2025-03-07 13:08:00,29.49736490251069
2025-03-07 13:09:00,29.490970682862553
2025-03-07 13:10:00,29.48457742689969
2025-03-07 13:11:00,29.47818513531311
2025-03-07 13:12:00,29.471793808639468
2025-03-07 13:13:00,29.465403447493372
2025-03-07 13:14:00,29.459014048206235
2025-03-07 13:15:00,29.452625619961132
2025-03-07 13:16:00,29.446238159136037
2025-03-07 13:17:00,29.439851666300896
2025-03-07 13:18:00,29.433466142041645
2025-03-07 13:19:00,29.42708158702152
2025-03-07 13:20:00,29.4206980018582
2025-03-07 13:21:00,29.414315387138828
2025-03-07 13:22:00,29.407933743528176
2025-03-07 13:23:00,29.401553071583407
2025-03-07 13:24:00,29.395173371954698
2025-03-07 13:25:00,29.3887946409699
2025-03-07 13:26:00,29.382416887802954
2025-03-07 13:27:00,29.37604010881269
2025-03-07 13:28:00,29.369664304620194
2025-03-07 13:29:00,29.36328947581628
2025-03-07 13:30:00,29.356915623038255
2025-03-07 13:31:00,29.350542746893126
2025-03-07 13:32:00,29.34417084806551
2025-03-07 13:33:00,29.337799927086174
2025-03-07 13:34:00,29.331429984625046
2025-03-07 13:35:00,29.325061021291013
2025-03-07 13:36:00,29.31869303347004
2025-03-07 13:37:00,29.312326030280467
2025-03-07 13:38:00,29.305960008077797
2025-03-07 13:39:00,29.2995949675497
2025-03-07 13:40:00,29.293230909245352
2025-03-07 13:41:00,29.286867833791838
2025-03-07 13:42:00,29.280505741877953
2025-03-07 13:43:00,29.274144634100658
2025-03-07 13:44:00,29.267784511072712
2025-03-07 13:45:00,29.261425373422803
2025-03-07 13:46:00,29.255067221780024
2025-03-07 13:47:00,29.248710052511633
2025-03-07 13:48:00,29.242353874772817
2025-03-07 13:49:00,29.23599868497716
2025-03-07 13:50:00,29.229644483647952
2025-03-07 13:51:00,29.223291271462607
2025-03-07 13:52:00,29.216939049114515
2025-03-07 13:53:00,29.210587817174094
2025-03-07 13:54:00,29.20423757627426
2025-03-07 13:55:00,29.19788832701738
2025-03-07 13:56:00,29.191540070129157
2025-03-07 13:57:00,29.185192806136058
2025-03-07 13:58:00,29.17884653573399
2025-03-07 13:59:00,29.172501255288118
2025-03-07 14:00:00,29.166156973927848
2025-03-07 14:01:00,29.159813688049383
2025-03-07 14:02:00,29.153471398334858
2025-03-07 14:03:00,29.147130105283146
2025-03-07 14:04:00,29.14078980965389
2025-03-07 14:05:00,29.134450512069492
2025-03-07 14:06:00,29.128112213106675
2025-03-07 14:07:00,29.121774913419266
2025-03-07 14:08:00,29.11543861366159
2025-03-07 14:09:00,29.10910331451887
2025-03-07 14:10:00,29.102769012276802
2025-03-07 14:11:00,29.09643571617773
2025-03-07 14:12:00,29.090103422522844
2025-03-07 14:13:00,29.083772131999332
2025-03-07 14:14:00,29.077441845248764
2025-03-07 14:15:00,29.07111256289806
2025-03-07 14:16:00,29.064784285574447
2025-03-07 14:17:00,29.0584570139211
2025-03-07 14:18:00,29.052130748642533
2025-03-07 14:19:00,29.04580549032159
2025-03-07 14:20:00,29.039481239602743
2025-03-07 14:21:00,29.033157992890892
2025-03-07 14:22:00,29.02683575932714
2025-03-07 14:23:00,29.020514535316686
2025-03-07 14:24:00,29.014194321490564
2025-03-07 14:25:00,29.007875118480086
2025-03-07 14:26:00,29.001556926962962
2025-03-07 14:27:00,28.99523974757161
2025-03-07 14:28:00,28.98892358095396
2025-03-07 14:29:00,28.982608427728145
2025-03-07 14:30:00,28.976294288604073
2025-03-07 14:31:00,28.969981164185555
2025-03-07 14:32:00,28.963669050859252
2025-03-07 14:33:00,28.957357957817706
2025-03-07 14:34:00,28.951047881402147
2025-03-07 14:35:00,28.944738822340135
2025-03-07 14:36:00,28.938430781191904
2025-03-07 14:37:00,28.932123758685883
2025-03-07 14:38:00,28.925817755413817
2025-03-07 14:39:00,28.919512772074434
2025-03-07 14:40:00,28.91320880932141
2025-03-07 14:41:00,28.906905867747753
2025-03-07 14:42:00,28.900603948053714
2025-03-07 14:43:00,28.894303050894194
2025-03-07 14:44:00,28.888003172669784
2025-03-07 14:45:00,28.88170432250115
2025-03-07 14:46:00,28.87540649684992
2025-03-07 14:47:00,28.8691096963273
2025-03-07 14:48:00,28.862813921575274
2025-03-07 14:49:00,28.85651917326686
2025-03-07 14:50:00,28.850225452136293
2025-03-07 14:51:00,28.84393275872052
2025-03-07 14:52:00,28.837641093754698
2025-03-07 14:53:00,28.8313504578529
2025-03-07 14:54:00,28.82506085170548
2025-03-07 14:55:00,28.818772271710365
2025-03-07 14:56:00,28.812484727069716
2025-03-07 14:57:00,28.806198214075202
2025-03-07 14:58:00,28.799912733480028
2025-03-07 14:59:00,28.79362828594642
2025-03-07 15:00:00,28.787344872091808
2025-03-07 15:01:00,28.781062492594643
2025-03-07 15:02:00,28.77478114813384
2025-03-07 15:03:00,28.768500839373715
2025-03-07 15:04:00,28.762221566963753
2025-03-07 15:05:00,28.755943331538873
2025-03-07 15:06:00,28.749666129631045
2025-03-07 15:07:00,28.743389970250135
2025-03-07 15:08:00,28.73711484986783
2025-03-07 15:09:00,28.73084076919666
2025-03-07 15:10:00,28.724567728813142
2025-03-07 15:11:00,28.71829572946099
2025-03-07 15:12:00,28.712024771824055
2025-03-07 15:13:00,28.70575485649522
2025-03-07 15:14:00,28.699485984159246
2025-03-07 15:15:00,28.69321815550102
2025-03-07 15:16:00,28.686951371221383
2025-03-07 15:17:00,28.6806856277435
2025-03-07 15:18:00,28.67442093415864
2025-03-07 15:19:00,28.668157286905448
2025-03-07 15:20:00,28.66189468668646
2025-03-07 15:21:00,28.655633134189586
2025-03-07 15:22:00,28.64937263007279
2025-03-07 15:23:00,28.643113174934193
2025-03-07 15:24:00,28.636854769538516
2025-03-07 15:25:00,28.630597414560526
2025-03-07 15:26:00,28.624341110614594
2025-03-07 15:27:00,28.61808585840663
2025-03-07 15:28:00,28.61183165859751
2025-03-07 15:29:00,28.605578507715478
2025-03-07 15:30:00,28.59932641476491
2025-03-07 15:31:00,28.593075376244094
2025-03-07 15:32:00,28.586825392815797
2025-03-07 15:33:00,28.580576465233847
2025-03-07 15:34:00,28.57432859408673
2025-03-07 15:35:00,28.568081780083617
2025-03-07 15:36:00,28.5618360238744
2025-03-07 15:37:00,28.55559132619976
2025-03-07 15:38:00,28.549347687710217
2025-03-07 15:39:00,28.543105109056746
2025-03-07 15:40:00,28.53686358679559
2025-03-07 15:41:00,28.530623129921132
2025-03-07 15:42:00,28.524383734929366
2025-03-07 15:43:00,28.51814540251862
2025-03-07 15:44:00,28.511908133432726
2025-03-07 15:45:00,28.50567192823528
2025-03-07 15:46:00,28.499436787701242
2025-03-07 15:47:00,28.49320271247057
2025-03-07 15:48:00,28.486969703243716
2025-03-07 15:49:00,28.480737760691724
2025-03-07 15:50:00,28.474506885516185
2025-03-07 15:51:00,28.468277074210853
2025-03-07 15:52:00,28.46204833582027
2025-03-07 15:53:00,28.455820666883433
2025-03-07 15:54:00,28.44959406804378
2025-03-07 15:55:00,28.443368540005196
2025-03-07 15:56:00,28.43714408344205
2025-03-07 15:57:00,28.430920699059328
2025-03-07 15:58:00,28.424698387577322
2025-03-07 15:59:00,28.41847714961174
2025-03-07 16:00:00,28.412256985914027
2025-03-07 16:01:00,28.406037897145957
2025-03-07 16:02:00,28.399819879829337
2025-03-07 16:03:00,28.39360294299849
2025-03-07 16:04:00,28.38738708317559
2025-03-07 16:05:00,28.381172301069306
2025-03-07 16:06:00,28.37495859735892
2025-03-07 16:07:00,28.36874597272395
2025-03-07 16:08:00,28.36253442785982
2025-03-07 16:09:00,28.356323963477024
2025-03-07 16:10:00,28.35011458031682
2025-03-07 16:11:00,28.343906278970792
2025-03-07 16:12:00,28.337699060166074
2025-03-07 16:13:00,28.331492924660274
2025-03-07 16:14:00,28.325287868929763
2025-03-07 16:15:00,28.319083902042287
2025-03-07 16:16:00,28.312881020489492
2025-03-07 16:17:00,28.306679224940993
2025-03-07 16:18:00,28.3004785161717
2025-03-07 16:19:00,28.294278894852283
2025-03-07 16:20:00,28.288080361683583
2025-03-07 16:21:00,28.281882917322307
2025-03-07 16:22:00,28.27568656251541
2025-03-07 16:23:00,28.26949129799518
2025-03-07 16:24:00,28.263297124404822
2025-03-07 16:25:00,28.257104038308903
2025-03-07 16:26:00,28.25091204868979
2025-03-07 16:27:00,28.244721152157297
2025-03-07 16:28:00,28.23853134937142
2025-03-07 16:29:00,28.23234264103756
2025-03-07 16:30:00,28.226155027891544
2025-03-07 16:31:00,28.219968510595017
2025-03-07 16:32:00,28.213783089914607
2025-03-07 16:33:00,28.207598766482896
2025-03-07 16:34:00,28.201415541022733
2025-03-07 16:35:00,28.195233414302308
2025-03-07 16:36:00,28.189052382839762
2025-03-07 16:37:00,28.182872455607026
2025-03-07 16:38:00,28.176693629212217
2025-03-07 16:39:00,28.170515904335645
2025-03-07 16:40:00,28.164339281688278
2025-03-07 16:41:00,28.1581637620262
2025-03-07 16:42:00,28.151989346016393
2025-03-07 16:43:00,28.14581603432648
2025-03-07 16:44:00,28.13964382777369
2025-03-07 16:45:00,28.133472726996693
2025-03-07 16:46:00,28.12730273272424
2025-03-07 16:47:00,28.121133841517796
2025-03-07 16:48:00,28.114966062383488
2025-03-07 16:49:00,28.108799391898152
2025-03-07 16:50:00,28.102633830792243
2025-03-07 16:51:00,28.09646937972262
2025-03-07 16:52:00,28.090306039480403
2025-03-07 16:53:00,28.08414381073827
2025-03-07 16:54:00,28.07798269421398
2025-03-07 16:55:00,28.071822690610723
2025-03-07 16:56:00,28.065663800692086
2025-03-07 16:57:00,28.05950602513267
2025-03-07 16:58:00,28.053349364667064
2025-03-07 16:59:00,28.04719381585668
2025-03-07 17:00:00,28.04103938772583
2025-03-07 17:01:00,28.034886076880632
2025-03-07 17:02:00,28.028733883968677
2025-03-07 17:03:00,28.02258280975672
2025-03-07 17:04:00,28.016432854967526
2025-03-07 17:05:00,28.01028402030942
2025-03-07 17:06:00,28.00413630647646
2025-03-07 17:07:00,27.997989714252448
2025-03-07 17:08:00,27.991844244347035
2025-03-07 17:09:00,27.985699897441023
2025-03-07 17:10:00,27.979556670183932
2025-03-07 17:11:00,27.97341457149973
2025-03-07 17:12:00,27.967273598052998
2025-03-07 17:13:00,27.96113375054145
2025-03-07 17:14:00,27.95499502963319
2025-03-07 17:15:00,27.948857436116043
2025-03-07 17:16:00,27.942720970718717
2025-03-07 17:17:00,27.936585634155684
2025-03-07 17:18:00,27.9304514271714
2025-03-07 17:19:00,27.92431835045165
2025-03-07 17:20:00,27.918186404771824
2025-03-07 17:21:00,27.912055586735576
2025-03-07 17:22:00,27.905925905300755
2025-03-07 17:23:00,27.899797357086335
2025-03-07 17:24:00,27.893669942780576
2025-03-07 17:25:00,27.88754366317589
2025-03-07 17:26:00,27.881418518991445
2025-03-07 17:27:00,27.87529451091705
2025-03-07 17:28:00,27.869171639731896
2025-03-07 17:29:00,27.863049906156483
2025-03-07 17:30:00,27.85692931094154
2025-03-07 17:31:00,27.850809854793695
2025-03-07 17:32:00,27.844691534345372
2025-03-07 17:33:00,27.83857435857302
2025-03-07 17:34:00,27.832458324079766
2025-03-07 17:35:00,27.826343431603924
2025-03-07 17:36:00,27.820229681884477
2025-03-07 17:37:00,27.814117075690177
2025-03-07 17:38:00,27.80800561370193
2025-03-07 17:39:00,27.80189529670441
2025-03-07 17:40:00,27.795786125438333
2025-03-07 17:41:00,27.78967810058625
2025-03-07 17:42:00,27.783571222963815
2025-03-07 17:43:00,27.777465493298678
2025-03-07 17:44:00,27.771360908194133
2025-03-07 17:45:00,27.765257476599835
2025-03-07 17:46:00,27.759155195193003
2025-03-07 17:47:00,27.753054064644473
2025-03-07 17:48:00,27.74695408580243
2025-03-07 17:49:00,27.740855259338574
2025-03-07 17:50:00,27.734757585998928
2025-03-07 17:51:00,27.728661066559475
2025-03-07 17:52:00,27.722565701767238
2025-03-07 17:53:00,27.71647149229601
2025-03-07 17:54:00,27.710378438982268
2025-03-07 17:55:00,27.704286538458234
2025-03-07 17:56:00,27.698195799632636
2025-03-07 17:57:00,27.692106219167506
2025-03-07 17:58:00,27.686017797827724
2025-03-07 17:59:00,27.679930536363678
2025-03-07 18:00:00,27.6738444354678
2025-03-07 18:01:00,27.667759495994602
2025-03-07 18:02:00,27.661675718593422
2025-03-07 18:03:00,27.655593104060742
2025-03-07 18:04:00,27.64951165317933
2025-03-07 18:05:00,27.643431366644116
2025-03-07 18:06:00,27.6373522411602
2025-03-07 18:07:00,27.631274285610473
2025-03-07 18:08:00,27.625197496729747
2025-03-07 18:09:00,27.6191218752151
2025-03-07 18:10:00,27.613047421852002
2025-03-07 18:11:00,27.606974137353383
2025-03-07 18:12:00,27.600902022549782
2025-03-07 18:13:00,27.59483107811105
2025-03-07 18:14:00,27.588761304868797
2025-03-07 18:15:00,27.582692703537894
2025-03-07 18:16:00,27.5766252749071
2025-03-07 18:17:00,27.570559015593
2025-03-07 18:18:00,27.564493934599184
2025-03-07 18:19:00,27.558430028513243
2025-03-07 18:20:00,27.55236729819942
2025-03-07 18:21:00,27.546305744346142
2025-03-07 18:22:00,27.54024536770134
2025-03-07 18:23:00,27.534186169086666
2025-03-07 18:24:00,27.52812814925091
2025-03-07 18:25:00,27.5220713089288
2025-03-07 18:26:00,27.516015648884895
2025-03-07 18:27:00,27.509961169913687
2025-03-07 18:28:00,27.503907872736633
2025-03-07 18:29:00,27.497855754074187
2025-03-07 18:30:00,27.491804822829245
2025-03-07 18:31:00,27.485755075707736
2025-03-07 18:32:00,27.479706513462645
2025-03-07 18:33:00,27.473659136891555
2025-03-07 18:34:00,27.467612946689997
2025-03-07 18:35:00,27.461567943685708
2025-03-07 18:36:00,27.45552412861916
2025-03-07 18:37:00,27.44948150230465
2025-03-07 18:38:00,27.443440065468984
2025-03-07 18:39:00,27.437399818854317
2025-03-07 18:40:00,27.431360759268458
2025-03-07 18:41:00,27.42532289552956
2025-03-07 18:42:00,27.419286224328886
2025-03-07 18:43:00,27.41325074649832
2025-03-07 18:44:00,27.407216462782444
2025-03-07 18:45:00,27.401183373926678
2025-03-07 18:46:00,27.395151480793523
2025-03-07 18:47:00,27.389120784056445
2025-03-07 18:48:00,27.383091284520624
2025-03-07 18:49:00,27.377062982991788
2025-03-07 18:50:00,27.37103588024707
2025-03-07 18:51:00,27.365009972991892
2025-03-07 18:52:00,27.358985270062206
2025-03-07 18:53:00,27.35296176826555
2025-03-07 18:54:00,27.34693946832315
2025-03-07 18:55:00,27.340918371029126
2025-03-07 18:56:00,27.334898477163705
2025-03-07 18:57:00,27.328879787507745
2025-03-07 18:58:00,27.322862302857082
2025-03-07 18:59:00,27.316846023993698
2025-03-07 19:00:00,27.310830951627068
2025-03-07 19:01:00,27.30481708661292
2025-03-07 19:02:00,27.298804425700318
2025-03-07 19:03:00,27.292792977713674
2025-03-07 19:04:00,27.286782739373187
2025-03-07 19:05:00,27.280773711536618
2025-03-07 19:06:00,27.274765894916854
2025-03-07 19:07:00,27.268759290358027
2025-03-07 19:08:00,27.262753898632297
2025-03-07 19:09:00,27.256749720483207
2025-03-07 19:10:00,27.250746756698454
2025-03-07 19:11:00,27.244745008124326
2025-03-07 19:12:00,27.238744475520463
2025-03-07 19:13:00,27.232745159690666
2025-03-07 19:14:00,27.22674705732765
2025-03-07 19:15:00,27.22075017735871
2025-03-07 19:16:00,27.214754516491347
2025-03-07 19:17:00,27.208760075516885
2025-03-07 19:18:00,27.202766855285475
2025-03-07 19:19:00,27.196774856531206
2025-03-07 19:20:00,27.19078408003289
2025-03-07 19:21:00,27.184794526670863
2025-03-07 19:22:00,27.178806197108848
2025-03-07 19:23:00,27.172819092271787
2025-03-07 19:24:00,27.166833212838938
2025-03-07 19:25:00,27.16084855567715
2025-03-07 19:26:00,27.154865129556924
2025-03-07 19:27:00,27.14888293128744
2025-03-07 19:28:00,27.1429019616659
2025-03-07 19:29:00,27.136922221446774
2025-03-07 19:30:00,27.130943711471822
2025-03-07 19:31:00,27.124966432554288
2025-03-07 19:32:00,27.118990385421327
2025-03-07 19:33:00,27.11301557091616
2025-03-07 19:34:00,27.107041989868385
2025-03-07 19:35:00,27.101069643035423
2025-03-07 19:36:00,27.09509852719784
2025-03-07 19:37:00,27.08912865122967
2025-03-07 19:38:00,27.083160011839418
2025-03-07 19:39:00,27.077192609916814
2025-03-07 19:40:00,27.071226446222276
2025-03-07 19:41:00,27.06526152154555
2025-03-07 19:42:00,27.059297836705966
2025-03-07 19:43:00,27.05333539249432
2025-03-07 19:44:00,27.04737418978864
2025-03-07 19:45:00,27.04141422927985
2025-03-07 19:46:00,27.035455511832723
2025-03-07 19:47:00,27.02949803425694
2025-03-07 19:48:00,27.023541805356693
2025-03-07 19:49:00,27.017586821927623
2025-03-07 19:50:00,27.01163308479324
2025-03-07 19:51:00,27.005680594734365
2025-03-07 19:52:00,26.99972935260429
2025-03-07 19:53:00,26.993779359185112
2025-03-07 19:54:00,26.98783061524471
2025-03-07 19:55:00,26.981883121666897
2025-03-07 19:56:00,26.9759368792353
2025-03-07 19:57:00,26.969991888777095
2025-03-07 19:58:00,26.964048151048175
2025-03-07 19:59:00,26.95810566293229
2025-03-07 20:00:00,26.95216443319149
2025-03-07 20:01:00,26.946224458680916
2025-03-07 20:02:00,26.940285740158927
2025-03-07 20:03:00,26.934348278470104
2025-03-07 20:04:00,26.92841207444561
2025-03-07 20:05:00,26.922477128888218
2025-03-07 20:06:00,26.916543442630164
2025-03-07 20:07:00,26.91061101646096
2025-03-07 20:08:00,26.90467985118508
2025-03-07 20:09:00,26.898749947679306
2025-03-07 20:10:00,26.892821302770706
2025-03-07 20:11:00,26.886893925165978
2025-03-07 20:12:00,26.880967811792708
2025-03-07 20:13:00,26.875042963401015
2025-03-07 20:14:00,26.86911938088437
2025-03-07 20:15:00,26.86319706502251
2025-03-07 20:16:00,26.857276016610143
2025-03-07 20:17:00,26.8513562365139
2025-03-07 20:18:00,26.845437725515076
2025-03-07 20:19:00,26.83952048452437
2025-03-07 20:20:00,26.833604514267094
2025-03-07 20:21:00,26.827689811642756
2025-03-07 20:22:00,26.821776385417223
2025-03-07 20:23:00,26.815864232433135
2025-03-07 20:24:00,26.80995335351806
2025-03-07 20:25:00,26.804043749528674
2025-03-07 20:26:00,26.798135421236445
2025-03-07 20:27:00,26.79222836951353
2025-03-07 20:28:00,26.786322595204027
2025-03-07 20:29:00,26.78041809905241
2025-03-07 20:30:00,26.774514882003793
2025-03-07 20:31:00,26.768612944789666
2025-03-07 20:32:00,26.762712284353483
2025-03-07 20:33:00,26.75681290939135
2025-03-07 20:34:00,26.750914816818337
2025-03-07 20:35:00,26.745018007453716
2025-03-07 20:36:00,26.73912248207464
2025-03-07 20:37:00,26.73322824157283
2025-03-07 20:38:00,26.72733528682643
2025-03-07 20:39:00,26.721443618542786
2025-03-07 20:40:00,26.71555323768667
2025-03-07 20:41:00,26.709664145009334
2025-03-07 20:42:00,26.70377634139107
2025-03-07 20:43:00,26.697889827641347
2025-03-07 20:44:00,26.692004600677606
2025-03-07 20:45:00,26.686120669182138
2025-03-07 20:46:00,26.680238030086834
2025-03-07 20:47:00,26.674356684274542
2025-03-07 20:48:00,26.668476632500663
2025-03-07 20:49:00,26.662597875620783
2025-03-07 20:50:00,26.656720414505145
2025-03-07 20:51:00,26.650844250010515
2025-03-07 20:52:00,26.64496938293714
2025-03-07 20:53:00,26.639095814100116
2025-03-07 20:54:00,26.63322354444297
2025-03-07 20:55:00,26.627352570799083
2025-03-07 20:56:00,26.62148290186667
2025-03-07 20:57:00,26.615614534635398
2025-03-07 20:58:00,26.609747469880674
2025-03-07 20:59:00,26.603881708463632
2025-03-07 21:00:00,26.59801725124572
2025-03-07 21:01:00,26.592154099046603
2025-03-07 21:02:00,26.586292252743192
2025-03-07 21:03:00,26.580431713184417
2025-03-07 21:04:00,26.574572481205912
2025-03-07 21:05:00,26.56871455762937
2025-03-07 21:06:00,26.562857939431623
2025-03-07 21:07:00,26.55700263526937
2025-03-07 21:08:00,26.55114864211977
2025-03-07 21:09:00,26.545295960778525
2025-03-07 21:10:00,26.53944459212675
2025-03-07 21:11:00,26.533594536989845
2025-03-07 21:12:00,26.527745796264284
2025-03-07 21:13:00,26.52189837079056
2025-03-07 21:14:00,26.51605226136717
2025-03-07 21:15:00,26.510207468906614
2025-03-07 21:16:00,26.504363994279174
2025-03-07 21:17:00,26.49852183439245
2025-03-07 21:18:00,26.49268099793275
2025-03-07 21:19:00,26.48684148182202
2025-03-07 21:20:00,26.48100328697513
2025-03-07 21:21:00,26.475166414208907
2025-03-07 21:22:00,26.46933086438309
2025-03-07 21:23:00,26.463496638371907
2025-03-07 21:24:00,26.45766373703615
2025-03-07 21:25:00,26.45183216118069
2025-03-07 21:26:00,26.44600191176626
2025-03-07 21:27:00,26.44017298957055
2025-03-07 21:28:00,26.434345395498973
2025-03-07 21:29:00,26.428519126476274
2025-03-07 21:30:00,26.42269419121684
2025-03-07 21:31:00,26.416870586645643
2025-03-07 21:32:00,26.411048313642127
2025-03-07 21:33:00,26.405227373072023
2025-03-07 21:34:00,26.399407765773596
2025-03-07 21:35:00,26.39358949265602
2025-03-07 21:36:00,26.38777255455856
2025-03-07 21:37:00,26.38195695232129
2025-03-07 21:38:00,26.376142686882872
2025-03-07 21:39:00,26.370329759084683
2025-03-07 21:40:00,26.36451816582518
2025-03-07 21:41:00,26.358707915889717
2025-03-07 21:42:00,26.352899006177047
2025-03-07 21:43:00,26.347091437516617
2025-03-07 21:44:00,26.341285210878674
2025-03-07 21:45:00,26.33548032710766
2025-03-07 21:46:00,26.329676786992536
2025-03-07 21:47:00,26.323874591505138
2025-03-07 21:48:00,26.31807374147772
2025-03-07 21:49:00,26.31227423779896
2025-03-07 21:50:00,26.306476081330345
2025-03-07 21:51:00,26.300679269070848
2025-03-07 21:52:00,26.29488380962364
2025-03-07 21:53:00,26.28908970003007
2025-03-07 21:54:00,26.283296941181803
2025-03-07 21:55:00,26.277505533914855
2025-03-07 21:56:00,26.271715479094134
2025-03-07 21:57:00,26.265926777626845
2025-03-07 21:58:00,26.260139430407058
2025-03-07 21:59:00,26.254353438259095
2025-03-07 22:00:00,26.24856880211987
2025-03-07 22:01:00,26.242785522857254
2025-03-07 22:02:00,26.237003597458013
2025-03-07 22:03:00,26.231223034540157
2025-03-07 22:04:00,26.225443831174893
2025-03-07 22:05:00,26.219665988176125
2025-03-07 22:06:00,26.213889506470046
2025-03-07 22:07:00,26.208114386900036
2025-03-07 22:08:00,26.202340630379375
2025-03-07 22:09:00,26.19656823779421
2025-03-07 22:10:00,26.19079721001735
2025-03-07 22:11:00,26.18502754799173
2025-03-07 22:12:00,26.179259252493722
2025-03-07 22:13:00,26.173492324481224
2025-03-07 22:14:00,26.167726760973274
2025-03-07 22:15:00,26.16196257061432
2025-03-07 22:16:00,26.15619975036787
2025-03-07 22:17:00,26.15043830115222
2025-03-07 22:18:00,26.144678223844885
2025-03-07 22:19:00,26.13891951935149
2025-03-07 22:20:00,26.133162188592237
2025-03-07 22:21:00,26.1274062323905
2025-03-07 22:22:00,26.121651651681447
2025-03-07 22:23:00,26.11589844735927
2025-03-07 22:24:00,26.11014662031851
2025-03-07 22:25:00,26.104396167552572
2025-03-07 22:26:00,26.098647097761813
2025-03-07 22:27:00,26.09289940788426
2025-03-07 22:28:00,26.08715309888619
2025-03-07 22:29:00,26.08140817162375
2025-03-07 22:30:00,26.07566462700843
2025-03-07 22:31:00,26.069922465925366
2025-03-07 22:32:00,26.06418168927349
2025-03-07 22:33:00,26.058442297994496
2025-03-07 22:34:00,26.05270429293295
2025-03-07 22:35:00,26.046967675017555
2025-03-07 22:36:00,26.041232441299982
2025-03-07 22:37:00,26.035498600369067
2025-03-07 22:38:00,26.02976614924907
2025-03-07 22:39:00,26.024035088912406
2025-03-07 22:40:00,26.0183054201935
2025-03-07 22:41:00,26.012577144038225
2025-03-07 22:42:00,26.006850261351595
2025-03-07 22:43:00,26.001124772969888
2025-03-07 22:44:00,25.99540067990975
2025-03-07 22:45:00,25.989677982994934
2025-03-07 22:46:00,25.983956683146417
2025-03-07 22:47:00,25.978236777446043
2025-03-07 22:48:00,25.972518274496466
2025-03-07 22:49:00,25.966801171296822
2025-03-07 22:50:00,25.961085468811845
2025-03-07 22:51:00,25.955371167951682
2025-03-07 22:52:00,25.949658269626923
2025-03-07 22:53:00,25.94394677472117
2025-03-07 22:54:00,25.938236684160017
2025-03-07 22:55:00,25.932527998855818
2025-03-07 22:56:00,25.926820719707734
2025-03-07 22:57:00,25.92111484764314
2025-03-07 22:58:00,25.915410383562204
2025-03-07 22:59:00,25.90970732457866
2025-03-07 23:00:00,25.90400567923838
2025-03-07 23:01:00,25.898305444627468
2025-03-07 23:02:00,25.892606621662452
2025-03-07 23:03:00,25.88690921126023
2025-03-07 23:04:00,25.881213214324603
2025-03-07 23:05:00,25.87551863182874
2025-03-07 23:06:00,25.869825464622537
2025-03-07 23:07:00,25.864133713639006
2025-03-07 23:08:00,25.8584433798393
2025-03-07 23:09:00,25.852754464088747
2025-03-07 23:10:00,25.847066963503806
2025-03-07 23:11:00,25.841380886684888
2025-03-07 23:12:00,25.83569623067983
2025-03-07 23:13:00,25.830012996438953
2025-03-07 23:14:00,25.82433118485801
2025-03-07 23:15:00,25.81865079688832
2025-03-07 23:16:00,25.812971833440656
2025-03-07 23:17:00,25.807294295426317
2025-03-07 23:18:00,25.801618183798425
2025-03-07 23:19:00,25.795943499455532
2025-03-07 23:20:00,25.79027024335194
2025-03-07 23:21:00,25.78459841259354
2025-03-07 23:22:00,25.778928015697332
2025-03-07 23:23:00,25.773259049824205
2025-03-07 23:24:00,25.767591515862037
2025-03-07 23:25:00,25.761925414767987
2025-03-07 23:26:00,25.756260747472155
2025-03-07 23:27:00,25.75059751487808
2025-03-07 23:28:00,25.744935717930858
2025-03-07 23:29:00,25.739275357575977
2025-03-07 23:30:00,25.733616434718783
2025-03-07 23:31:00,25.727958950305975
2025-03-07 23:32:00,25.72230290147391
2025-03-07 23:33:00,25.71664829676625
2025-03-07 23:34:00,25.710995133292172
2025-03-07 23:35:00,25.705343411987073
2025-03-07 23:36:00,25.699693133787022
2025-03-07 23:37:00,25.694044299655886
2025-03-07 23:38:00,25.688396910489985
2025-03-07 23:39:00,25.68275096721328
2025-03-07 23:40:00,25.677106470846084
2025-03-07 23:41:00,25.671463422259023
2025-03-07 23:42:00,25.665821822391706
2025-03-07 23:43:00,25.660181672211394
2025-03-07 23:44:00,25.654542968845547
2025-03-07 23:45:00,25.64890572080816
2025-03-07 23:46:00,25.643269925295172
2025-03-07 23:47:00,25.63763558319428
2025-03-07 23:48:00,25.63200269544872
2025-03-07 23:49:00,25.626371263042714
2025-03-07 23:50:00,25.620741286906778
2025-03-07 23:51:00,25.61511276795848
2025-03-07 23:52:00,25.60948570717038
2025-03-07 23:53:00,25.60386010547468
2025-03-07 23:54:00,25.5982359638042
2025-03-07 23:55:00,25.59261327937169
2025-03-07 23:56:00,25.586992060635282
2025-03-07 23:57:00,25.581372304753344
2025-03-07 23:58:00,25.57575401271545
2025-03-07 23:59:00,25.57013718544401
2025-03-08 00:00:00,25.564521823915882
2025-03-08 00:01:00,25.558907929027413
2025-03-08 00:02:00,25.553295501797592
2025-03-08 00:03:00,25.547684543123765
2025-03-08 00:04:00,25.542075053958186
2025-03-08 00:05:00,25.536467035280964
2025-03-08 00:06:00,25.530860484281064
2025-03-08 00:07:00,25.525255409415124
2025-03-08 00:08:00,25.51965180788602
2025-03-08 00:09:00,25.514049680648924
2025-03-08 00:10:00,25.508449028632455
2025-03-08 00:11:00,25.50284985283362
2025-03-08 00:12:00,25.497252154209463
2025-03-08 00:13:00,25.491655933636125
2025-03-08 00:14:00,25.486061192193517
2025-03-08 00:15:00,25.48046793074576
2025-03-08 00:16:00,25.47487615030606
2025-03-08 00:17:00,25.46928584801313
2025-03-08 00:18:00,25.463697032430318
2025-03-08 00:19:00,25.458109700655783
2025-03-08 00:20:00,25.452523853732245
2025-03-08 00:21:00,25.446939492594893
2025-03-08 00:22:00,25.441356618179597
2025-03-08 00:23:00,25.4357752314899
2025-03-08 00:24:00,25.430195333476505
2025-03-08 00:25:00,25.424616925063432
2025-03-08 00:26:00,25.419040007269615
2025-03-08 00:27:00,25.413464581034006
2025-03-08 00:28:00,25.407890647363047
2025-03-08 00:29:00,25.402318203387665
2025-03-08 00:30:00,25.396747257640683
2025-03-08 00:31:00,25.391177807320204
2025-03-08 00:32:00,25.385609853381567
2025-03-08 00:33:00,25.380043396807437
2025-03-08 00:34:00,25.374478438580894
2025-03-08 00:35:00,25.368914979632095
2025-03-08 00:36:00,25.363353020945354
2025-03-08 00:37:00,25.357792563519197
2025-03-08 00:38:00,25.352233608312233
2025-03-08 00:39:00,25.346676156256706
2025-03-08 00:40:00,25.341120204662673
2025-03-08 00:41:00,25.335565761912434
2025-03-08 00:42:00,25.330012825235457
2025-03-08 00:43:00,25.324461395673893
2025-03-08 00:44:00,25.3189114741496
2025-03-08 00:45:00,25.313363061638768
2025-03-08 00:46:00,25.307816159104974
2025-03-08 00:47:00,25.302270767579174
2025-03-08 00:48:00,25.296726888012344
2025-03-08 00:49:00,25.291184521369814
2025-03-08 00:50:00,25.28564366864414
2025-03-08 00:51:00,25.280104327055128
2025-03-08 00:52:00,25.27456650506346
2025-03-08 00:53:00,25.26903019995646
2025-03-08 00:54:00,25.263495412635052
2025-03-08 00:55:00,25.257962144134922
2025-03-08 00:56:00,25.252430395411906
2025-03-08 00:57:00,25.246900167462726
2025-03-08 00:58:00,25.241371461297874
2025-03-08 00:59:00,25.235844277834943
2025-03-08 01:00:00,25.230318618112378
2025-03-08 01:01:00,25.224794483075684
2025-03-08 01:02:00,25.219271870069363
2025-03-08 01:03:00,25.213750787404678
2025-03-08 01:04:00,25.208231232412814
2025-03-08 01:05:00,25.202713206041693
2025-03-08 01:06:00,25.197196709359957
2025-03-08 01:07:00,25.19168174327659
2025-03-08 01:08:00,25.186168308808007
2025-03-08 01:09:00,25.180656406957766
2025-03-08 01:10:00,25.175146038676814
2025-03-08 01:11:00,25.169637204983104
2025-03-08 01:12:00,25.16412990685552
2025-03-08 01:13:00,25.158624145326613
2025-03-08 01:14:00,25.153119917666572
2025-03-08 01:15:00,25.147617232196367
2025-03-08 01:16:00,25.142116086319376
2025-03-08 01:17:00,25.136616480937462
2025-03-08 01:18:00,25.13111841711283
2025-03-08 01:19:00,25.125621895828274
2025-03-08 01:20:00,25.12012691802721
2025-03-08 01:21:00,25.11463348477359
2025-03-08 01:22:00,25.10914159703873
2025-03-08 01:23:00,25.103651255794432
2025-03-08 01:24:00,25.098162462092887
2025-03-08 01:25:00,25.092675213195903
2025-03-08 01:26:00,25.087189517474442
2025-03-08 01:27:00,25.08170537229661
2025-03-08 01:28:00,25.0762227786239
2025-03-08 01:29:00,25.07074173744512
2025-03-08 01:30:00,25.065262249776097
2025-03-08 01:31:00,25.05978431663337
2025-03-08 01:32:00,25.054307938994157
2025-03-08 01:33:00,25.048833117876015
2025-03-08 01:34:00,25.043359854284006
2025-03-08 01:35:00,25.037888149236792
2025-03-08 01:36:00,25.032418000014047
2025-03-08 01:37:00,25.026949415050055
2025-03-08 01:38:00,25.021482391571638
2025-03-08 01:39:00,25.01601693066611
2025-03-08 01:40:00,25.010553033341836
2025-03-08 01:41:00,25.005090700555158
2025-03-08 01:42:00,24.99962993336844
2025-03-08 01:43:00,24.994170732725976
2025-03-08 01:44:00,24.98871309971767
2025-03-08 01:45:00,24.983257035315432
2025-03-08 01:46:00,24.977802540491723
2025-03-08 01:47:00,24.972349612676155
2025-03-08 01:48:00,24.966898260154224
2025-03-08 01:49:00,24.961448480250453
2025-03-08 01:50:00,24.956000274044854
2025-03-08 01:51:00,24.9505536424998
2025-03-08 01:52:00,24.945108586657042
2025-03-08 01:53:00,24.93966510748021
2025-03-08 01:54:00,24.934223206078016
2025-03-08 01:55:00,24.928782883401908
2025-03-08 01:56:00,24.923344140482925
2025-03-08 01:57:00,24.917906978352846
2025-03-08 01:58:00,24.912471397977868
2025-03-08 01:59:00,24.907037396780893
2025-03-08 02:00:00,24.901604983082194
2025-03-08 02:01:00,24.89617415421249
2025-03-08 02:02:00,24.890744911206298
2025-03-08 02:03:00,24.885317255085823
2025-03-08 02:04:00,24.879891186899755
2025-03-08 02:05:00,24.87446670763184
2025-03-08 02:06:00,24.86904381833206
2025-03-08 02:07:00,24.86362252001176
2025-03-08 02:08:00,24.858202813682652
2025-03-08 02:09:00,24.852784700383367
2025-03-08 02:10:00,24.847368177515406
2025-03-08 02:11:00,24.841953253355598
2025-03-08 02:12:00,24.836539925266564
2025-03-08 02:13:00,24.831128194367523
2025-03-08 02:14:00,24.825718061595538
2025-03-08 02:15:00,24.820309528005495
2025-03-08 02:16:00,24.81490259465349
2025-03-08 02:17:00,24.8094972625303
2025-03-08 02:18:00,24.80409353266677
2025-03-08 02:19:00,24.79869140612047
2025-03-08 02:20:00,24.793290883936336
2025-03-08 02:21:00,24.78789196345575
2025-03-08 02:22:00,24.782494653017054
2025-03-08 02:23:00,24.777098950026925
2025-03-08 02:24:00,24.771704855441428
2025-03-08 02:25:00,24.766312370412834
2025-03-08 02:26:00,24.76092149591142
2025-03-08 02:27:00,24.75553223294726
2025-03-08 02:28:00,24.750144582596008
2025-03-08 02:29:00,24.744758545908056
2025-03-08 02:30:00,24.739374123855995
2025-03-08 02:31:00,24.733991317543413
2025-03-08 02:32:00,24.728610124382087
2025-03-08 02:33:00,24.723230552589158
2025-03-08 02:34:00,24.71785259964149
2025-03-08 02:35:00,24.712476266579785
2025-03-08 02:36:00,24.70710155440645
2025-03-08 02:37:00,24.701728464189358
2025-03-08 02:38:00,24.696356996971218
2025-03-08 02:39:00,24.69098715375604
2025-03-08 02:40:00,24.685618935665445
2025-03-08 02:41:00,24.68025234362696
2025-03-08 02:42:00,24.67488737882819
2025-03-08 02:43:00,24.669524042184776
2025-03-08 02:44:00,24.66416233121953
2025-03-08 02:45:00,24.658802254143424
2025-03-08 02:46:00,24.65344380838873
2025-03-08 02:47:00,24.648086995029075
2025-03-08 02:48:00,24.64273181515162
2025-03-08 02:49:00,24.637378269714787
2025-03-08 02:50:00,24.632026359845767
2025-03-08 02:51:00,24.626676086517065
2025-03-08 02:52:00,24.621327450844234
2025-03-08 02:53:00,24.615980453852544
2025-03-08 02:54:00,24.610635096606885
2025-03-08 02:55:00,24.605291376557716
2025-03-08 02:56:00,24.599949301911593
2025-03-08 02:57:00,24.59460887018372
2025-03-08 02:58:00,24.58927008236367
2025-03-08 02:59:00,24.58393293958386
2025-03-08 03:00:00,24.578597442822144
2025-03-08 03:01:00,24.573263593160434
2025-03-08 03:02:00,24.567931391681043
2025-03-08 03:03:00,24.562600839415396
2025-03-08 03:04:00,24.55727193743411
2025-03-08 03:05:00,24.551944686756926
2025-03-08 03:06:00,24.546619084904194
2025-03-08 03:07:00,24.54129514009091
2025-03-08 03:08:00,24.535972849760284
2025-03-08 03:09:00,24.53065221499874
2025-03-08 03:10:00,24.52533323689326
2025-03-08 03:11:00,24.520015916428434
2025-03-08 03:12:00,24.514700254731153
2025-03-08 03:13:00,24.509386252838638
2025-03-08 03:14:00,24.504073911866044
2025-03-08 03:15:00,24.498763232774493
2025-03-08 03:16:00,24.49345421669325
2025-03-08 03:17:00,24.488146861135277
2025-03-08 03:18:00,24.482841174220923
2025-03-08 03:19:00,24.477537153540112
2025-03-08 03:20:00,24.47223480012164
2025-03-08 03:21:00,24.466934115020393
2025-03-08 03:22:00,24.46163509930443
2025-03-08 03:23:00,24.456337754068613
2025-03-08 03:24:00,24.451042080369163
2025-03-08 03:25:00,24.445748079212393
2025-03-08 03:26:00,24.44045575177111
2025-03-08 03:27:00,24.43516509905278
2025-03-08 03:28:00,24.429876122154454
2025-03-08 03:29:00,24.424588818597158
2025-03-08 03:30:00,24.41930319651955
2025-03-08 03:31:00,24.414019253455393
2025-03-08 03:32:00,24.408736990504266
2025-03-08 03:33:00,24.40345640875374
2025-03-08 03:34:00,24.398177509202284
2025-03-08 03:35:00,24.39290029300247
2025-03-08 03:36:00,24.387624761192455
2025-03-08 03:37:00,24.382350914823633
2025-03-08 03:38:00,24.377078755024712
2025-03-08 03:39:00,24.37180828283553
2025-03-08 03:40:00,24.366539495834118
2025-03-08 03:41:00,24.3612724021408
2025-03-08 03:42:00,24.356006999333616
2025-03-08 03:43:00,24.350743288429243
2025-03-08 03:44:00,24.345481270534464
2025-03-08 03:45:00,24.340220946781542
2025-03-08 03:46:00,24.334962318176608
2025-03-08 03:47:00,24.329705385840555
2025-03-08 03:48:00,24.32445015083151
2025-03-08 03:49:00,24.3191966142968
2025-03-08 03:50:00,24.313944777206686
2025-03-08 03:51:00,24.308694637259364
2025-03-08 03:52:00,24.303446202468237
2025-03-08 03:53:00,24.29819947044237
2025-03-08 03:54:00,24.292954442294132
2025-03-08 03:55:00,24.287711119073037
2025-03-08 03:56:00,24.28246950186694
2025-03-08 03:57:00,24.277229591777242
2025-03-08 03:58:00,24.271991389880412
2025-03-08 03:59:00,24.26675489726641
2025-03-08 04:00:00,24.26152011503804
2025-03-08 04:01:00,24.256287044273762
2025-03-08 04:02:00,24.25105568257605
2025-03-08 04:03:00,24.245826038016105
2025-03-08 04:04:00,24.240598108196465
2025-03-08 04:05:00,24.235371894210544
2025-03-08 04:06:00,24.230147397164487
2025-03-08 04:07:00,24.224924618115054
2025-03-08 04:08:00,24.219703558207726
2025-03-08 04:09:00,24.214484218449698
2025-03-08 04:10:00,24.20926660003805
2025-03-08 04:11:00,24.20405070400642
2025-03-08 04:12:00,24.198836531477397
2025-03-08 04:13:00,24.193624083536164
2025-03-08 04:14:00,24.188413357793323
2025-03-08 04:15:00,24.183204362299648
2025-03-08 04:16:00,24.17799709471616
2025-03-08 04:17:00,24.172791556130335
2025-03-08 04:18:00,24.16758774760514
2025-03-08 04:19:00,24.162385670267142
2025-03-08 04:20:00,24.157185325180592
2025-03-08 04:21:00,24.151986713536004
2025-03-08 04:22:00,24.146789836348347
2025-03-08 04:23:00,24.141594694746374
2025-03-08 04:24:00,24.136401289847015
2025-03-08 04:25:00,24.13120961926714
2025-03-08 04:26:00,24.12601969103862
2025-03-08 04:27:00,24.120831502841312
2025-03-08 04:28:00,24.115645055756474
2025-03-08 04:29:00,24.110460350866333
2025-03-08 04:30:00,24.10527738932859
2025-03-08 04:31:00,24.100096172201276
2025-03-08 04:32:00,24.094916700593245
2025-03-08 04:33:00,24.089738975651613
2025-03-08 04:34:00,24.084562998473643
2025-03-08 04:35:00,24.079388770157408
2025-03-08 04:36:00,24.074216288351522
2025-03-08 04:37:00,24.069045561056143
2025-03-08 04:38:00,24.063876585995033
2025-03-08 04:39:00,24.058709364243597
2025-03-08 04:40:00,24.053543896915144
2025-03-08 04:41:00,24.048380185098566
2025-03-08 04:42:00,24.04321822992094
2025-03-08 04:43:00,24.038058032522528
2025-03-08 04:44:00,24.03289959399376
2025-03-08 04:45:00,24.0277429154511
2025-03-08 04:46:00,24.022587998011204
2025-03-08 04:47:00,24.017434839342044
2025-03-08 04:48:00,24.012283447461925
2025-03-08 04:49:00,24.007133820063373
2025-03-08 04:50:00,24.001985958190986
2025-03-08 04:51:00,23.996839863026466
2025-03-08 04:52:00,23.991695535690255
2025-03-08 04:53:00,23.986552977290756
2025-03-08 04:54:00,23.981412188936616
2025-03-08 04:55:00,23.976273171725197
2025-03-08 04:56:00,23.9711359268411
2025-03-08 04:57:00,23.966000455345295
2025-03-08 04:58:00,23.96086675841113
2025-03-08 04:59:00,23.955734833677553
2025-03-08 05:00:00,23.95060468919145
2025-03-08 05:01:00,23.945476322579168
2025-03-08 05:02:00,23.940349735041323
2025-03-08 05:03:00,23.935224927629804
2025-03-08 05:04:00,23.930101901521468
2025-03-08 05:05:00,23.924980657818963
2025-03-08 05:06:00,23.919861197650633
2025-03-08 05:07:00,23.91474352215758
2025-03-08 05:08:00,23.909627632444383
2025-03-08 05:09:00,23.904513529665707
2025-03-08 05:10:00,23.89940121150481
2025-03-08 05:11:00,23.894290685975932
2025-03-08 05:12:00,23.889181950737523
2025-03-08 05:13:00,23.884075006934154
2025-03-08 05:14:00,23.878969855735647
2025-03-08 05:15:00,23.87386649823823
2025-03-08 05:16:00,23.868764935550956
2025-03-08 05:17:00,23.863665168870114
2025-03-08 05:18:00,23.85856719926896
2025-03-08 05:19:00,23.853471027919937
2025-03-08 05:20:00,23.848376655946936
2025-03-08 05:21:00,23.843284081089635
2025-03-08 05:22:00,23.8381933112681
2025-03-08 05:23:00,23.833104344246536
2025-03-08 05:24:00,23.82801718113886
2025-03-08 05:25:00,23.822931823083763
2025-03-08 05:26:00,23.817848271233203
2025-03-08 05:27:00,23.812766526702575
2025-03-08 05:28:00,23.807686590681712
2025-03-08 05:29:00,23.802608464274698
2025-03-08 05:30:00,23.79753214862353
2025-03-08 05:31:00,23.792457644858075
2025-03-08 05:32:00,23.787384950712976
2025-03-08 05:33:00,23.78231407416162
2025-03-08 05:34:00,23.77724501295097
2025-03-08 05:35:00,23.77217776820069
2025-03-08 05:36:00,23.76711234105609
2025-03-08 05:37:00,23.762048732699526
2025-03-08 05:38:00,23.756986944215996
2025-03-08 05:39:00,23.751926976764395
2025-03-08 05:40:00,23.746868831528914
2025-03-08 05:41:00,23.741812509620644
2025-03-08 05:42:00,23.73675801221262
2025-03-08 05:43:00,23.731705340441437
2025-03-08 05:44:00,23.72665449206292
2025-03-08 05:45:00,23.721605474991605
2025-03-08 05:46:00,23.716558287019623
2025-03-08 05:47:00,23.711512929273965
2025-03-08 05:48:00,23.706469402906308
2025-03-08 05:49:00,23.7014277090568
2025-03-08 05:50:00,23.69638784892716
2025-03-08 05:51:00,23.691349823609855
2025-03-08 05:52:00,23.68631363429536
2025-03-08 05:53:00,23.681279282101826
2025-03-08 05:54:00,23.67624676824512
2025-03-08 05:55:00,23.6712160904399
2025-03-08 05:56:00,23.66618725661621
2025-03-08 05:57:00,23.66116026456143
2025-03-08 05:58:00,23.656135115420867
2025-03-08 05:59:00,23.651111810352347
2025-03-08 06:00:00,23.646090350550708
2025-03-08 06:01:00,23.641070737102012
2025-03-08 06:02:00,23.636052971202247
2025-03-08 06:03:00,23.631037054048036
2025-03-08 06:04:00,23.626022986727037
2025-03-08 06:05:00,23.62101077043681
2025-03-08 06:06:00,23.616000402972617
2025-03-08 06:07:00,23.610991892243177
2025-03-08 06:08:00,23.605985235983013
2025-03-08 06:09:00,23.600980435440206
2025-03-08 06:10:00,23.595977491693944
2025-03-08 06:11:00,23.590976405969244
2025-03-08 06:12:00,23.58597717939473
2025-03-08 06:13:00,23.580979813172476
2025-03-08 06:14:00,23.575984308420004
2025-03-08 06:15:00,23.570990666328285
2025-03-08 06:16:00,23.565998888064556
2025-03-08 06:17:00,23.561008971431292
2025-03-08 06:18:00,23.556020924328493
2025-03-08 06:19:00,23.551034744534263
2025-03-08 06:20:00,23.54605043321827
2025-03-08 06:21:00,23.541067991586416
2025-03-08 06:22:00,23.536087420773285
2025-03-08 06:23:00,23.531108721961687
2025-03-08 06:24:00,23.526131896335315
2025-03-08 06:25:00,23.521156945042364
2025-03-08 06:26:00,23.51618386926728
2025-03-08 06:27:00,23.511212670147415
2025-03-08 06:28:00,23.50624334892845
2025-03-08 06:29:00,23.50127590339882
2025-03-08 06:30:00,23.496310341398413
2025-03-08 06:31:00,23.491346660775477
2025-03-08 06:32:00,23.486384862717827
2025-03-08 06:33:00,23.481424948365998
2025-03-08 06:34:00,23.47646691892099
2025-03-08 06:35:00,23.471510775596286
2025-03-08 06:36:00,23.46655651948602
2025-03-08 06:37:00,23.46160415182875
2025-03-08 06:38:00,23.456653673779755
2025-03-08 06:39:00,23.451705086530552
2025-03-08 06:40:00,23.446758387925357
2025-03-08 06:41:00,23.44181358581838
2025-03-08 06:42:00,23.436870677993767
2025-03-08 06:43:00,23.43192966570504
2025-03-08 06:44:00,23.42699055013469
2025-03-08 06:45:00,23.42205333241779
2025-03-08 06:46:00,23.41711801373779
2025-03-08 06:47:00,23.41218459530252
2025-03-08 06:48:00,23.40725307830867
2025-03-08 06:49:00,23.402323463905162
2025-03-08 06:50:00,23.39739575331356
2025-03-08 06:51:00,23.39246994435021
2025-03-08 06:52:00,23.387546044894847
2025-03-08 06:53:00,23.382624052763617
2025-03-08 06:54:00,23.377703969203836
2025-03-08 06:55:00,23.372785795320482
2025-03-08 06:56:00,23.36786953233799
2025-03-08 06:57:00,23.362955181493234
2025-03-08 06:58:00,23.35804274391674
2025-03-08 06:59:00,23.35313222082239
2025-03-08 07:00:00,23.348223613365747
2025-03-08 07:01:00,23.34331692278569
2025-03-08 07:02:00,23.338412146954255
2025-03-08 07:03:00,23.333509293633767
2025-03-08 07:04:00,23.328608360755453
2025-03-08 07:05:00,23.32370934951281
2025-03-08 07:06:00,23.318812261052628
2025-03-08 07:07:00,23.3139170966286
2025-03-08 07:08:00,23.30902385737687
2025-03-08 07:09:00,23.304132544528443
2025-03-08 07:10:00,23.299243159303245
2025-03-08 07:11:00,23.29435570282699
2025-03-08 07:12:00,23.289470176320535
2025-03-08 07:13:00,23.2845865810055
2025-03-08 07:14:00,23.27970491479914
2025-03-08 07:15:00,23.274825185427858
2025-03-08 07:16:00,23.26994739084425
2025-03-08 07:17:00,23.265071532212772
2025-03-08 07:18:00,23.26019761075733
2025-03-08 07:19:00,23.255325627679028
2025-03-08 07:20:00,23.250455584167383
2025-03-08 07:21:00,23.245587481400875
2025-03-08 07:22:00,23.240721320628907
2025-03-08 07:23:00,23.235857103031123
2025-03-08 07:24:00,23.230994829787306
2025-03-08 07:25:00,23.226134498858855
2025-03-08 07:26:00,23.22127611800768
2025-03-08 07:27:00,23.216419685100803
2025-03-08 07:28:00,23.211565201402422
2025-03-08 07:29:00,23.206712668071802
2025-03-08 07:30:00,23.201862086374177
2025-03-08 07:31:00,23.197013457457984
2025-03-08 07:32:00,23.19216678256616
2025-03-08 07:33:00,23.187322062895134
2025-03-08 07:34:00,23.182479299606555
2025-03-08 07:35:00,23.17763849400349
2025-03-08 07:36:00,23.17279964397339
2025-03-08 07:37:00,23.167962757243416
2025-03-08 07:38:00,23.163127831771092
2025-03-08 07:39:00,23.158294868779237
2025-03-08 07:40:00,23.15346386944462
2025-03-08 07:41:00,23.1486348350263
2025-03-08 07:42:00,23.143807766713678
2025-03-08 07:43:00,23.13898266569666
2025-03-08 07:44:00,23.134159533212312
2025-03-08 07:45:00,23.129338370475196
2025-03-08 07:46:00,23.12451917867658
2025-03-08 07:47:00,23.1197019558293
2025-03-08 07:48:00,23.11488670959072
2025-03-08 07:49:00,23.11007343794995
2025-03-08 07:50:00,23.10526214213543
2025-03-08 07:51:00,23.10045282335284
2025-03-08 07:52:00,23.095645482796883
2025-03-08 07:53:00,23.090840121709206
2025-03-08 07:54:00,23.086036741285398
2025-03-08 07:55:00,23.081235342802955
2025-03-08 07:56:00,23.076435927412007
2025-03-08 07:57:00,23.071638496356314
2025-03-08 07:58:00,23.066843050879825
2025-03-08 07:59:00,23.062049588935963
2025-03-08 08:00:00,23.05725811821452
2025-03-08 08:01:00,23.05246863671475
2025-03-08 08:02:00,23.047681145659723
2025-03-08 08:03:00,23.042895646249633
2025-03-08 08:04:00,23.038112139743077
2025-03-08 08:05:00,23.03333062734133
2025-03-08 08:06:00,23.028551110269277
2025-03-08 08:07:00,23.023773589729245
2025-03-08 08:08:00,23.018998067016483
2025-03-08 08:09:00,23.014224543299534
2025-03-08 08:10:00,23.00945301657528
2025-03-08 08:11:00,23.00468349453257
2025-03-08 08:12:00,22.99991597517932
2025-03-08 08:13:00,22.99515045970952
2025-03-08 08:14:00,22.99038694940964
2025-03-08 08:15:00,22.98562544545132
2025-03-08 08:16:00,22.98086594911055
2025-03-08 08:17:00,22.976108461594706
2025-03-08 08:18:00,22.971352984122973
2025-03-08 08:19:00,22.96659951792681
2025-03-08 08:20:00,22.96184806423807
2025-03-08 08:21:00,22.957098621142762
2025-03-08 08:22:00,22.95235119617908
2025-03-08 08:23:00,22.947605787455615
2025-03-08 08:24:00,22.942862396137457
2025-03-08 08:25:00,22.93812102351596
2025-03-08 08:26:00,22.933381670791732
2025-03-08 08:27:00,22.928644339222856
2025-03-08 08:28:00,22.92390903002216
2025-03-08 08:29:00,22.9191757444258
2025-03-08 08:30:00,22.914444483682047
2025-03-08 08:31:00,22.90971524901653
2025-03-08 08:32:00,22.90498803850116
2025-03-08 08:33:00,22.900262859718552
2025-03-08 08:34:00,22.8955397107173
2025-03-08 08:35:00,22.890818592759473
2025-03-08 08:36:00,22.8860995070617
2025-03-08 08:37:00,22.881382454886875
2025-03-08 08:38:00,22.876667437430115
2025-03-08 08:39:00,22.871954455989368
2025-03-08 08:40:00,22.867243511760407
2025-03-08 08:41:00,22.862534606008225
2025-03-08 08:42:00,22.85782773995264
2025-03-08 08:43:00,22.85312291487051
2025-03-08 08:44:00,22.848420128798935
2025-03-08 08:45:00,22.84371938932783
2025-03-08 08:46:00,22.839020694527903
2025-03-08 08:47:00,22.83432404564404
2025-03-08 08:48:00,22.82962944394417
2025-03-08 08:49:00,22.824936890663082
2025-03-08 08:50:00,22.820246387024
2025-03-08 08:51:00,22.815557934285238
2025-03-08 08:52:00,22.810871533705267
2025-03-08 08:53:00,22.806187186486454
2025-03-08 08:54:00,22.801504893944966
2025-03-08 08:55:00,22.796824654138362
2025-03-08 08:56:00,22.79214647458619
2025-03-08 08:57:00,22.787470353435978
2025-03-08 08:58:00,22.782796291937842
2025-03-08 08:59:00,22.778124291285792
2025-03-08 09:00:00,22.77345435277587
2025-03-08 09:01:00,22.768786477625866
2025-03-08 09:02:00,22.76412066716658
2025-03-08 09:03:00,22.75945692254885
2025-03-08 09:04:00,22.754795245048115
2025-03-08 09:05:00,22.75013563597409
2025-03-08 09:06:00,22.745478093393316
2025-03-08 09:07:00,22.740822624834266
2025-03-08 09:08:00,22.736169228419456
2025-03-08 09:09:00,22.73151790539289
2025-03-08 09:10:00,22.7268686570213
2025-03-08 09:11:00,22.722221484594655
2025-03-08 09:12:00,22.717576389279387
2025-03-08 09:13:00,22.712933372400016
2025-03-08 09:14:00,22.70829243520278
2025-03-08 09:15:00,22.703653578945534
2025-03-08 09:16:00,22.699016804864172
2025-03-08 09:17:00,22.69438211111334
2025-03-08 09:18:00,22.68974950517338
2025-03-08 09:19:00,22.685118985220726
2025-03-08 09:20:00,22.680490552448504
2025-03-08 09:21:00,22.675864208195563
2025-03-08 09:22:00,22.6712399536448
2025-03-08 09:23:00,22.666617790124747
2025-03-08 09:24:00,22.661997718864015
2025-03-08 09:25:00,22.65737974109129
2025-03-08 09:26:00,22.652763858136595
2025-03-08 09:27:00,22.648150071229793
2025-03-08 09:28:00,22.643538381612345
2025-03-08 09:29:00,22.63892878748318
2025-03-08 09:30:00,22.634321296261263
2025-03-08 09:31:00,22.62971590616725
2025-03-08 09:32:00,22.625112618411052
2025-03-08 09:33:00,22.620511434303225
2025-03-08 09:34:00,22.61591235506576
2025-03-08 09:35:00,22.611315381987666
2025-03-08 09:36:00,22.606720516347536
2025-03-08 09:37:00,22.602127759379798
2025-03-08 09:38:00,22.59753711237478
2025-03-08 09:39:00,22.592948576590118
2025-03-08 09:40:00,22.588362150234033
2025-03-08 09:41:00,22.58377784071037
2025-03-08 09:42:00,22.579195646204596
2025-03-08 09:43:00,22.574615568009236
2025-03-08 09:44:00,22.570037607373166
2025-03-08 09:45:00,22.56546176555638
2025-03-08 09:46:00,22.560888043886052
2025-03-08 09:47:00,22.556316443579036
2025-03-08 09:48:00,22.55174696590781
2025-03-08 09:49:00,22.54717961214557
2025-03-08 09:50:00,22.542614383598746
2025-03-08 09:51:00,22.538051278440648
2025-03-08 09:52:00,22.533490304115162
2025-03-08 09:53:00,22.528931458750833
2025-03-08 09:54:00,22.52437474370008
2025-03-08 09:55:00,22.5198201601944
2025-03-08 09:56:00,22.515267709542798
2025-03-08 09:57:00,22.510717392999837
2025-03-08 09:58:00,22.506169211820207
2025-03-08 09:59:00,22.501623167325377
2025-03-08 10:00:00,22.49707926075989
2025-03-08 10:01:00,22.492537493391126
2025-03-08 10:02:00,22.487997863489667
2025-03-08 10:03:00,22.48346037837372
2025-03-08 10:04:00,22.47892503633527
2025-03-08 10:05:00,22.474391838621315
2025-03-08 10:06:00,22.469860786490074
2025-03-08 10:07:00,22.46533188125518
2025-03-08 10:08:00,22.46080512416482
2025-03-08 10:09:00,22.45628051656628
2025-03-08 10:10:00,22.451758059631814
2025-03-08 10:11:00,22.447237754720604
2025-03-08 10:12:00,22.442719603104408
2025-03-08 10:13:00,22.43820360605534
2025-03-08 10:14:00,22.433689761811465
2025-03-08 10:15:00,22.4291780777494
2025-03-08 10:16:00,22.424668552084654
2025-03-08 10:17:00,22.42016118612389
2025-03-08 10:18:00,22.415655981152412
2025-03-08 10:19:00,22.411152938455558
2025-03-08 10:20:00,22.406652059276183
2025-03-08 10:21:00,22.402153344954854
2025-03-08 10:22:00,22.397656796767805
2025-03-08 10:23:00,22.393162415980257
2025-03-08 10:24:00,22.38867020386928
2025-03-08 10:25:00,22.384180158736783
2025-03-08 10:26:00,22.37969228787732
2025-03-08 10:27:00,22.375206589581396
2025-03-08 10:28:00,22.370723065116763
2025-03-08 10:29:00,22.366241715794544
2025-03-08 10:30:00,22.361762542894112
2025-03-08 10:31:00,22.357285547716685
2025-03-08 10:32:00,22.352810731499076
2025-03-08 10:33:00,22.348338095586612
2025-03-08 10:34:00,22.343867641260218
2025-03-08 10:35:00,22.339399369800944
2025-03-08 10:36:00,22.33493327948814
2025-03-08 10:37:00,22.33046937763183
2025-03-08 10:38:00,22.32600766253215
2025-03-08 10:39:00,22.32154813545023
2025-03-08 10:40:00,22.317090797712495
2025-03-08 10:41:00,22.312635650581157
2025-03-08 10:42:00,22.30818269536161
2025-03-08 10:43:00,22.303731933359913
2025-03-08 10:44:00,22.29928336587163
2025-03-08 10:45:00,22.294836994160292
2025-03-08 10:46:00,22.290392819522467
2025-03-08 10:47:00,22.2859508403329
2025-03-08 10:48:00,22.28151106379849
2025-03-08 10:49:00,22.277073488207293
2025-03-08 10:50:00,22.272638114932548
2025-03-08 10:51:00,22.268204945208055
2025-03-08 10:52:00,22.263773980353818
2025-03-08 10:53:00,22.259345221669065
2025-03-08 10:54:00,22.25491867044218
2025-03-08 10:55:00,22.2504943279839
2025-03-08 10:56:00,22.246072195583523
2025-03-08 10:57:00,22.241652274541806
2025-03-08 10:58:00,22.237234566159344
2025-03-08 10:59:00,22.232819068779662
2025-03-08 11:00:00,22.228405789621746
2025-03-08 11:01:00,22.223994727017555
2025-03-08 11:02:00,22.219585882290758
2025-03-08 11:03:00,22.215179256722934
2025-03-08 11:04:00,22.210774851595716
2025-03-08 11:05:00,22.206372668255327
2025-03-08 11:06:00,22.201972707994955
2025-03-08 11:07:00,22.197574972076282
2025-03-08 11:08:00,22.193179461857042
2025-03-08 11:09:00,22.188786178578525
2025-03-08 11:10:00,22.184395120668157
2025-03-08 11:11:00,22.180006295284414
2025-03-08 11:12:00,22.17561970082224
2025-03-08 11:13:00,22.171235338503053
2025-03-08 11:14:00,22.166853209707952
2025-03-08 11:15:00,22.16247331571215
2025-03-08 11:16:00,22.158095657865573
2025-03-08 11:17:00,22.15372023738084
2025-03-08 11:18:00,22.149347055640263
2025-03-08 11:19:00,22.144976113962784
2025-03-08 11:20:00,22.140607413604656
2025-03-08 11:21:00,22.136240952960335
2025-03-08 11:22:00,22.1318767392021
2025-03-08 11:23:00,22.127514770713177
2025-03-08 11:24:00,22.12315504879328
2025-03-08 11:25:00,22.11879757476362
2025-03-08 11:26:00,22.11444234992466
2025-03-08 11:27:00,22.110089375577317
2025-03-08 11:28:00,22.105738653054416
2025-03-08 11:29:00,22.101390183667803
2025-03-08 11:30:00,22.097043968677482
2025-03-08 11:31:00,22.092700009459122
2025-03-08 11:32:00,22.088358304375276
2025-03-08 11:33:00,22.08401886057905
2025-03-08 11:34:00,22.07968167645322
2025-03-08 11:35:00,22.07534675333288
2025-03-08 11:36:00,22.071014092511334
2025-03-08 11:37:00,22.06668369532437
2025-03-08 11:38:00,22.062355563055917
2025-03-08 11:39:00,22.058029697031586
2025-03-08 11:40:00,22.0537060985464
2025-03-08 11:41:00,22.04938476897921
2025-03-08 11:42:00,22.045065709594326
2025-03-08 11:43:00,22.040748921718702
2025-03-08 11:44:00,22.036434403747748
2025-03-08 11:45:00,22.0321221628338
2025-03-08 11:46:00,22.027812197360717
2025-03-08 11:47:00,22.023504508667443
2025-03-08 11:48:00,22.01919909805173
2025-03-08 11:49:00,22.014895966853004
2025-03-08 11:50:00,22.01059511635914
2025-03-08 11:51:00,22.00629654793117
2025-03-08 11:52:00,22.002000262836773
2025-03-08 11:53:00,21.997706262416884
2025-03-08 11:54:00,21.99341454800218
2025-03-08 11:55:00,21.989125118029165
2025-03-08 11:56:00,21.984837979547223
2025-03-08 11:57:00,21.980553131064653
2025-03-08 11:58:00,21.976270573820074
2025-03-08 11:59:00,21.97199030917686
2025-03-08 12:00:00,21.96771233845729
2025-03-08 12:01:00,21.963436662963232
2025-03-08 12:02:00,21.959163284038155
2025-03-08 12:03:00,21.95489220299514
2025-03-08 12:04:00,21.950623421157587
2025-03-08 12:05:00,21.94635693981823
2025-03-08 12:06:00,21.94209275747528
2025-03-08 12:07:00,21.937830881168694
2025-03-08 12:08:00,21.93357130933363
2025-03-08 12:09:00,21.929314043346665
2025-03-08 12:10:00,21.925059084492105
2025-03-08 12:11:00,21.92080643407472
2025-03-08 12:12:00,21.916556093482328
2025-03-08 12:13:00,21.912308063979538
2025-03-08 12:14:00,21.90806234692353
2025-03-08 12:15:00,21.903818943620834
2025-03-08 12:16:00,21.89957785540858
2025-03-08 12:17:00,21.89533908078461
2025-03-08 12:18:00,21.89110262673769
2025-03-08 12:19:00,21.886868491754186
2025-03-08 12:20:00,21.882636677152206
2025-03-08 12:21:00,21.878407184290964
2025-03-08 12:22:00,21.874180014448385
2025-03-08 12:23:00,21.869955169014887
2025-03-08 12:24:00,21.86573264927891
2025-03-08 12:25:00,21.861512456549917
2025-03-08 12:26:00,21.857294592219162
2025-03-08 12:27:00,21.853079057545543
2025-03-08 12:28:00,21.848865853900335
2025-03-08 12:29:00,21.844654979793205
2025-03-08 12:30:00,21.840446442179015
2025-03-08 12:31:00,21.836240239566493
2025-03-08 12:32:00,21.83203637327705
2025-03-08 12:33:00,21.8278348446631
2025-03-08 12:34:00,21.823635655056734
2025-03-08 12:35:00,21.819438805770417
2025-03-08 12:36:00,21.81524429817729
2025-03-08 12:37:00,21.811052133529444
2025-03-08 12:38:00,21.806862313221103
2025-03-08 12:39:00,21.802674838565565
2025-03-08 12:40:00,21.798489708122702
2025-03-08 12:41:00,21.794306928766147
2025-03-08 12:42:00,21.790126499074887
2025-03-08 12:43:00,21.785948420373586
2025-03-08 12:44:00,21.781772693997183
2025-03-08 12:45:00,21.777599321280917
2025-03-08 12:46:00,21.773428303529897
2025-03-08 12:47:00,21.76925964210014
2025-03-08 12:48:00,21.765093338337707
2025-03-08 12:49:00,21.760929393568773
2025-03-08 12:50:00,21.75676780912974
2025-03-08 12:51:00,21.752608583540507
2025-03-08 12:52:00,21.748451723753476
2025-03-08 12:53:00,21.744297228297413
2025-03-08 12:54:00,21.740145098489805
2025-03-08 12:55:00,21.73599533571867
2025-03-08 12:56:00,21.731847941261606
2025-03-08 12:57:00,21.727702916497265
2025-03-08 12:58:00,21.723560262734026
2025-03-08 12:59:00,21.719419981320556
2025-03-08 13:00:00,21.715282073615953
2025-03-08 13:01:00,21.71114654090954
2025-03-08 13:02:00,21.70701338182114
2025-03-08 13:03:00,21.702882603191227
2025-03-08 13:04:00,21.69875420360863
2025-03-08 13:05:00,21.694628184393665
2025-03-08 13:06:00,21.690504546896676
2025-03-08 13:07:00,21.68638329248833
2025-03-08 13:08:00,21.6822644224397
2025-03-08 13:09:00,21.678147938141905
2025-03-08 13:10:00,21.67403384091621
2025-03-08 13:11:00,21.669922132104432
2025-03-08 13:12:00,21.66581281304842
2025-03-08 13:13:00,21.661705885090058
2025-03-08 13:14:00,21.65760134682148
2025-03-08 13:15:00,21.653499205067604
2025-03-08 13:16:00,21.649399458458916
2025-03-08 13:17:00,21.645302108298836
2025-03-08 13:18:00,21.641207155920497
2025-03-08 13:19:00,21.637114602707086
2025-03-08 13:20:00,21.633024449972467
2025-03-08 13:21:00,21.628936699070437
2025-03-08 13:22:00,21.62485135133514
2025-03-08 13:23:00,21.62076840809118
2025-03-08 13:24:00,21.616687870742354
2025-03-08 13:25:00,21.61260973783139
2025-03-08 13:26:00,21.608534016210015
2025-03-08 13:27:00,21.604460704469034
2025-03-08 13:28:00,21.600389803963722
2025-03-08 13:29:00,21.59632131602021
2025-03-08 13:30:00,21.592255242003702
2025-03-08 13:31:00,21.588191583240544
2025-03-08 13:32:00,21.584130341096596
2025-03-08 13:33:00,21.580071516908433
2025-03-08 13:34:00,21.576015112002978
2025-03-08 13:35:00,21.571961127717188
2025-03-08 13:36:00,21.567909562732268
2025-03-08 13:37:00,21.563860423787503
2025-03-08 13:38:00,21.559813709523638
2025-03-08 13:39:00,21.555769421288247
2025-03-08 13:40:00,21.55172756039002
2025-03-08 13:41:00,21.547688128245156
2025-03-08 13:42:00,21.54365112615305
2025-03-08 13:43:00,21.539616555471966
2025-03-08 13:44:00,21.535584417530657
2025-03-08 13:45:00,21.531554713697517
2025-03-08 13:46:00,21.527527445340937
2025-03-08 13:47:00,21.523502611054283
2025-03-08 13:48:00,21.519480217612042
2025-03-08 13:49:00,21.51546026367464
2025-03-08 13:50:00,21.511442750572243
2025-03-08 13:51:00,21.507427679664346
2025-03-08 13:52:00,21.503415052291302
2025-03-08 13:53:00,21.499404869812864
2025-03-08 13:54:00,21.49539713356006
2025-03-08 13:55:00,21.49139184487356
2025-03-08 13:56:00,21.487389005143143
2025-03-08 13:57:00,21.483388615690174
2025-03-08 13:58:00,21.479390677856415
2025-03-08 13:59:00,21.475395190353893
2025-03-08 14:00:00,21.47140215983289
2025-03-08 14:01:00,21.467411584994537
2025-03-08 14:02:00,21.463423467210077
2025-03-08 14:03:00,21.45943780778279
2025-03-08 14:04:00,21.455454608074703
2025-03-08 14:05:00,21.451473869485966
2025-03-08 14:06:00,21.447495593291777
2025-03-08 14:07:00,21.44351978090249
2025-03-08 14:08:00,21.439546433632415
2025-03-08 14:09:00,21.435575552862943
2025-03-08 14:10:00,21.431607137239666
2025-03-08 14:11:00,21.427641193503334
2025-03-08 14:12:00,21.423677720278988
2025-03-08 14:13:00,21.419716718948834
2025-03-08 14:14:00,21.415758190875962
2025-03-08 14:15:00,21.411802137375773
2025-03-08 14:16:00,21.407848559830725
2025-03-08 14:17:00,21.403897459575887
2025-03-08 14:18:00,21.399948837993946
2025-03-08 14:19:00,21.39600269639118
2025-03-08 14:20:00,21.392059036160475
2025-03-08 14:21:00,21.38811785599586
2025-03-08 14:22:00,21.384179162526735
2025-03-08 14:23:00,21.38024295446482
2025-03-08 14:24:00,21.376309233212922
2025-03-08 14:25:00,21.37237800004017
2025-03-08 14:26:00,21.368449256359057
2025-03-08 14:27:00,21.364523003496316
2025-03-08 14:28:00,21.36059924282641
2025-03-08 14:29:00,21.356677975685898
2025-03-08 14:30:00,21.352759203439888
2025-03-08 14:31:00,21.34884292744441
2025-03-08 14:32:00,21.3449291464039
2025-03-08 14:33:00,21.34101786695048
2025-03-08 14:34:00,21.337109087815534
2025-03-08 14:35:00,21.333202810346066
2025-03-08 14:36:00,21.329299035870037
2025-03-08 14:37:00,21.325397765791337
2025-03-08 14:38:00,21.321499001409805
2025-03-08 14:39:00,21.31760274412956
2025-03-08 14:40:00,21.313708995288366
2025-03-08 14:41:00,21.30981775623397
2025-03-08 14:42:00,21.305929028313827
2025-03-08 14:43:00,21.30204281289481
2025-03-08 14:44:00,21.29815910874052
2025-03-08 14:45:00,21.29427792241583
2025-03-08 14:46:00,21.290399252654836
2025-03-08 14:47:00,21.286523100796373
2025-03-08 14:48:00,21.282649468245083
2025-03-08 14:49:00,21.278778356321183
2025-03-08 14:50:00,21.27490976639197
2025-03-08 14:51:00,21.27104369981528
2025-03-08 14:52:00,21.267180157939833
2025-03-08 14:53:00,21.263319142142706
2025-03-08 14:54:00,21.259460653725768
2025-03-08 14:55:00,21.255604691519196
2025-03-08 14:56:00,21.25175126204242
2025-03-08 14:57:00,21.24790036403985
2025-03-08 14:58:00,21.24405199888865
2025-03-08 14:59:00,21.240206167938396
2025-03-08 15:00:00,21.23636287254746
2025-03-08 15:01:00,21.232522114074854
2025-03-08 15:02:00,21.228683893870198
2025-03-08 15:03:00,21.22484821331105
2025-03-08 15:04:00,21.22101507371906
2025-03-08 15:05:00,21.217184476481393
2025-03-08 15:06:00,21.213356420373017
2025-03-08 15:07:00,21.209530911913845
2025-03-08 15:08:00,21.205707949849526
2025-03-08 15:09:00,21.20188753557666
2025-03-08 15:10:00,21.198069670426605
2025-03-08 15:11:00,21.194254355759142
2025-03-08 15:12:00,21.190441592961378
2025-03-08 15:13:00,21.186631383337698
2025-03-08 15:14:00,21.18282372830288
2025-03-08 15:15:00,21.17901862917995
2025-03-08 15:16:00,21.175216087356205
2025-03-08 15:17:00,21.171416101589656
2025-03-08 15:18:00,21.167618678408786
2025-03-08 15:19:00,21.163823816551783
2025-03-08 15:20:00,21.16003151740597
2025-03-08 15:21:00,21.156241782349753
2025-03-08 15:22:00,21.1524546127157
2025-03-08 15:23:00,21.148670009863935
2025-03-08 15:24:00,21.144887975163712
2025-03-08 15:25:00,21.14110850995715
2025-03-08 15:26:00,21.13733161561329
2025-03-08 15:27:00,21.13355729351099
2025-03-08 15:28:00,21.129785544964662
2025-03-08 15:29:00,21.126016368835877
2025-03-08 15:30:00,21.122249771530008
2025-03-08 15:31:00,21.118485751888656
2025-03-08 15:32:00,21.11472431125405
2025-03-08 15:33:00,21.11096545099568
2025-03-08 15:34:00,21.10720917246502
2025-03-08 15:35:00,21.103455477022393
2025-03-08 15:36:00,21.099704366019395
2025-03-08 15:37:00,21.095955840834648
2025-03-08 15:38:00,21.09220990283778
2025-03-08 15:39:00,21.088466553344063
2025-03-08 15:40:00,21.08472579121596
2025-03-08 15:41:00,21.08098762283923
2025-03-08 15:42:00,21.077252047065528
2025-03-08 15:43:00,21.073519065273544
2025-03-08 15:44:00,21.069788678787873
2025-03-08 15:45:00,21.06606088896018
2025-03-08 15:46:00,21.062335697186924
2025-03-08 15:47:00,21.058613104820083
2025-03-08 15:48:00,21.054893113201956
2025-03-08 15:49:00,21.051175723684352
2025-03-08 15:50:00,21.047460937636913
2025-03-08 15:51:00,21.04374875393225
2025-03-08 15:52:00,21.040039178908813
2025-03-08 15:53:00,21.036332211455417
2025-03-08 15:54:00,21.032627852887813
2025-03-08 15:55:00,21.028926104575717
2025-03-08 15:56:00,21.025226967906306
2025-03-08 15:57:00,21.02153044420473
2025-03-08 15:58:00,21.017836534867
2025-03-08 15:59:00,21.014145241209206
2025-03-08 16:00:00,21.010456564636442
2025-03-08 16:01:00,21.00677050644677
2025-03-08 16:02:00,21.003087065558617
2025-03-08 16:03:00,20.999406248316618
2025-03-08 16:04:00,20.99572805355686
2025-03-08 16:05:00,20.992052482639977
2025-03-08 16:06:00,20.988379536935255
2025-03-08 16:07:00,20.984709217811883
2025-03-08 16:08:00,20.98104152660352
2025-03-08 16:09:00,20.977376464679594
2025-03-08 16:10:00,20.973714033417707
2025-03-08 16:11:00,20.970054234134096
2025-03-08 16:12:00,20.966397068232908
2025-03-08 16:13:00,20.962742537039404
2025-03-08 16:14:00,20.95909063948291
2025-03-08 16:15:00,20.95544138180371
2025-03-08 16:16:00,20.951794762929723
2025-03-08 16:17:00,20.948150784212032
2025-03-08 16:18:00,20.944509446975346
2025-03-08 16:19:00,20.940870752632478
2025-03-08 16:20:00,20.93723470250781
2025-03-08 16:21:00,20.933601297978882
2025-03-08 16:22:00,20.92997054037886
2025-03-08 16:23:00,20.926342431093943
2025-03-08 16:24:00,20.922716971439613
2025-03-08 16:25:00,20.91909416040866
2025-03-08 16:26:00,20.91547400415736
2025-03-08 16:27:00,20.91185650164151
2025-03-08 16:28:00,20.908241654211636
2025-03-08 16:29:00,20.904629463227025
2025-03-08 16:30:00,20.901019930046616
2025-03-08 16:31:00,20.897413056029805
2025-03-08 16:32:00,20.893808842535464
2025-03-08 16:33:00,20.890207290905266
2025-03-08 16:34:00,20.88660840249797
2025-03-08 16:35:00,20.883012178698536
2025-03-08 16:36:00,20.879418618413396
2025-03-08 16:37:00,20.87582772784664
2025-03-08 16:38:00,20.87223950595498
2025-03-08 16:39:00,20.86865395407935
2025-03-08 16:40:00,20.865071073560955
2025-03-08 16:41:00,20.861490865766754
2025-03-08 16:42:00,20.857913332072073
2025-03-08 16:43:00,20.854338473792026
2025-03-08 16:44:00,20.850766292327677
2025-03-08 16:45:00,20.84719678901108
2025-03-08 16:46:00,20.843629965225816
2025-03-08 16:47:00,20.84006581988895
2025-03-08 16:48:00,20.836504359163683
2025-03-08 16:49:00,20.832945582016876
2025-03-08 16:50:00,20.829389489814346
2025-03-08 16:51:00,20.82583608388775
2025-03-08 16:52:00,20.822285365594055
2025-03-08 16:53:00,20.81873733629908
2025-03-08 16:54:00,20.8151919973769
2025-03-08 16:55:00,20.811649350141394
2025-03-08 16:56:00,20.808109395975038
2025-03-08 16:57:00,20.80457213622587
2025-03-08 16:58:00,20.801037572241867
2025-03-08 16:59:00,20.79750570301171
2025-03-08 17:00:00,20.79397653465425
2025-03-08 17:01:00,20.79045006612199
2025-03-08 17:02:00,20.78692629875391
2025-03-08 17:03:00,20.783405233948457
2025-03-08 17:04:00,20.779886873027365
2025-03-08 17:05:00,20.776371217363078
2025-03-08 17:06:00,20.77285826831097
2025-03-08 17:07:00,20.769348027218086
2025-03-08 17:08:00,20.7658404954054
2025-03-08 17:09:00,20.76233567427053
2025-03-08 17:10:00,20.758833562812157
2025-03-08 17:11:00,20.75533416707347
2025-03-08 17:12:00,20.751837486042845
2025-03-08 17:13:00,20.748343521091684
2025-03-08 17:14:00,20.74485227356564
2025-03-08 17:15:00,20.74136374481897
2025-03-08 17:16:00,20.737877936188625
2025-03-08 17:17:00,20.734394849062383
2025-03-08 17:18:00,20.73091448475145
2025-03-08 17:19:00,20.727436844634866
2025-03-08 17:20:00,20.723961930065812
2025-03-08 17:21:00,20.72048974003623
2025-03-08 17:22:00,20.717020280581366
2025-03-08 17:23:00,20.71355355072467
2025-03-08 17:24:00,20.710089551810384
2025-03-08 17:25:00,20.706628285174133
2025-03-08 17:26:00,20.703169752185147
2025-03-08 17:27:00,20.69971395418706
2025-03-08 17:28:00,20.69626089254021
2025-03-08 17:29:00,20.69281056857156
2025-03-08 17:30:00,20.689362983648948
2025-03-08 17:31:00,20.68591813912414
2025-03-08 17:32:00,20.682476034032533
2025-03-08 17:33:00,20.67903667434173
2025-03-08 17:34:00,20.675600059068415
2025-03-08 17:35:00,20.672166189605008
2025-03-08 17:36:00,20.668735067260187
2025-03-08 17:37:00,20.66530669340088
2025-03-08 17:38:00,20.66188106936889
2025-03-08 17:39:00,20.658458196530816
2025-03-08 17:40:00,20.655038076219526
2025-03-08 17:41:00,20.651620709767982
2025-03-08 17:42:00,20.64820609855866
2025-03-08 17:43:00,20.644794243907484
2025-03-08 17:44:00,20.641385144877745
2025-03-08 17:45:00,20.637978807424076
2025-03-08 17:46:00,20.63457523055787
2025-03-08 17:47:00,20.63117441564394
2025-03-08 17:48:00,20.62777636405498
2025-03-08 17:49:00,20.624381077097667
2025-03-08 17:50:00,20.62098855612767
2025-03-08 17:51:00,20.617598802516895
2025-03-08 17:52:00,20.614211817563515
2025-03-08 17:53:00,20.610827602663278
2025-03-08 17:54:00,20.607446159122006
2025-03-08 17:55:00,20.60406748603755
2025-03-08 17:56:00,20.60069158927959
2025-03-08 17:57:00,20.597318467927423
2025-03-08 17:58:00,20.59394812334287
2025-03-08 17:59:00,20.5905805568389
2025-03-08 18:00:00,20.587215769752632
2025-03-08 18:01:00,20.583853763469747
2025-03-08 18:02:00,20.58049453929425
2025-03-08 18:03:00,20.577138098578843
2025-03-08 18:04:00,20.57378444268386
2025-03-08 18:05:00,20.570433572953533
2025-03-08 18:06:00,20.56708548843008
2025-03-08 18:07:00,20.563740195012855
2025-03-08 18:08:00,20.560397691758254
2025-03-08 18:09:00,20.557057980017248
2025-03-08 18:10:00,20.553721061140664
2025-03-08 18:11:00,20.550386936462957
2025-03-08 18:12:00,20.54705560731003
2025-03-08 18:13:00,20.54372707501578
2025-03-08 18:14:00,20.540401340978278
2025-03-08 18:15:00,20.537078406458463
2025-03-08 18:16:00,20.533758272853518
2025-03-08 18:17:00,20.53044093924842
2025-03-08 18:18:00,20.52712641144943
2025-03-08 18:19:00,20.52381468856298
2025-03-08 18:20:00,20.520505771905064
2025-03-08 18:21:00,20.517199662847375
2025-03-08 18:22:00,20.51389636270531
2025-03-08 18:23:00,20.510595872825974
2025-03-08 18:24:00,20.50729819454837
2025-03-08 18:25:00,20.504003329194916
2025-03-08 18:26:00,20.500711278111822
2025-03-08 18:27:00,20.49742204264524
2025-03-08 18:28:00,20.494135624108708
2025-03-08 18:29:00,20.490852021662135
2025-03-08 18:30:00,20.48757124101553
2025-03-08 18:31:00,20.484293281318173
2025-03-08 18:32:00,20.481018143890708
2025-03-08 18:33:00,20.477745830108887
2025-03-08 18:34:00,20.474476341237263
2025-03-08 18:35:00,20.471209678674725
2025-03-08 18:36:00,20.467945843724593
2025-03-08 18:37:00,20.464684837722118
2025-03-08 18:38:00,20.46142666199384
2025-03-08 18:39:00,20.45817131787389
2025-03-08 18:40:00,20.45491880453146
2025-03-08 18:41:00,20.451669127639633
2025-03-08 18:42:00,20.448422286372704
2025-03-08 18:43:00,20.445178282024486
2025-03-08 18:44:00,20.44193711595088
2025-03-08 18:45:00,20.438698789476675
2025-03-08 18:46:00,20.435463303941404
2025-03-08 18:47:00,20.43223066066102
2025-03-08 18:48:00,20.42900086096688
2025-03-08 18:49:00,20.425773906189917
2025-03-08 18:50:00,20.422549797652735
2025-03-08 18:51:00,20.41932853454179
2025-03-08 18:52:00,20.41611012248464
2025-03-08 18:53:00,20.412894560664895
2025-03-08 18:54:00,20.409681850388253
2025-03-08 18:55:00,20.406471993014947
2025-03-08 18:56:00,20.403264989849774
2025-03-08 18:57:00,20.40006084221325
2025-03-08 18:58:00,20.396859551433238
2025-03-08 18:59:00,20.393661118844875
2025-03-08 19:00:00,20.390465545767256
2025-03-08 19:01:00,20.387272833534837
2025-03-08 19:02:00,20.384082981327637
2025-03-08 19:03:00,20.380895994727652
2025-03-08 19:04:00,20.377711872950428
2025-03-08 19:05:00,20.374530617306178
2025-03-08 19:06:00,20.371352229096146
2025-03-08 19:07:00,20.36817670968344
2025-03-08 19:08:00,20.365004060368975
2025-03-08 19:09:00,20.36183428246889
2025-03-08 19:10:00,20.35866737731385
2025-03-08 19:11:00,20.35550334620386
2025-03-08 19:12:00,20.352342190514932
2025-03-08 19:13:00,20.349183911492787
2025-03-08 19:14:00,20.346028508396927
2025-03-08 19:15:00,20.342875986743678
2025-03-08 19:16:00,20.339726345766636
2025-03-08 19:17:00,20.33657958676372
2025-03-08 19:18:00,20.33343571106259
2025-03-08 19:19:00,20.330294719967654
2025-03-08 19:20:00,20.327156614798184
2025-03-08 19:21:00,20.324021396903476
2025-03-08 19:22:00,20.32088906754879
2025-03-08 19:23:00,20.3177596280901
2025-03-08 19:24:00,20.3146330798223
2025-03-08 19:25:00,20.3115094219758
2025-03-08 19:26:00,20.308388660043008
2025-03-08 19:27:00,20.305270793273976
2025-03-08 19:28:00,20.302155822947057
2025-03-08 19:29:00,20.299043750385195
2025-03-08 19:30:00,20.295934576896073
2025-03-08 19:31:00,20.292828303824365
2025-03-08 19:32:00,20.289724932431596
2025-03-08 19:33:00,20.286624464069135
2025-03-08 19:34:00,20.283526900050433
2025-03-08 19:35:00,20.280432241650615
2025-03-08 19:36:00,20.277340488139345
2025-03-08 19:37:00,20.27425164496134
2025-03-08 19:38:00,20.271165711353447
2025-03-08 19:39:00,20.268082688619216
2025-03-08 19:40:00,20.265002578076846
2025-03-08 19:41:00,20.261925381021427
2025-03-08 19:42:00,20.258851098785115
2025-03-08 19:43:00,20.25577973265483
2025-03-08 19:44:00,20.252711283939632
2025-03-08 19:45:00,20.249645753940214
2025-03-08 19:46:00,20.246583143971876
2025-03-08 19:47:00,20.24352345329072
2025-03-08 19:48:00,20.240466687308427
2025-03-08 19:49:00,20.237412845270725
2025-03-08 19:50:00,20.234361928468942
2025-03-08 19:51:00,20.23131393822321
2025-03-08 19:52:00,20.22826887583136
2025-03-08 19:53:00,20.225226742612506
2025-03-08 19:54:00,20.222187539834138
2025-03-08 19:55:00,20.21915126882901
2025-03-08 19:56:00,20.21611793087112
2025-03-08 19:57:00,20.213087527270318
2025-03-08 19:58:00,20.21006005934342
2025-03-08 19:59:00,20.207035526371214
2025-03-08 20:00:00,20.204013933661827
2025-03-08 20:01:00,20.200995280500464
2025-03-08 20:02:00,20.197979568230977
2025-03-08 20:03:00,20.19496679810203
2025-03-08 20:04:00,20.191956971412722
2025-03-08 20:05:00,20.188950089483626
2025-03-08 20:06:00,20.185946153598138
2025-03-08 20:07:00,20.182945165053823
2025-03-08 20:08:00,20.179947125133552
2025-03-08 20:09:00,20.176952035155267
2025-03-08 20:10:00,20.17395989438721
2025-03-08 20:11:00,20.170970708153945
2025-03-08 20:12:00,20.167984475727664
2025-03-08 20:13:00,20.165001198402763
2025-03-08 20:14:00,20.162020877458943
2025-03-08 20:15:00,20.159043514232664
2025-03-08 20:16:00,20.156069109952213
2025-03-08 20:17:00,20.153097665945722
2025-03-08 20:18:00,20.150129183497867
2025-03-08 20:19:00,20.147163663900017
2025-03-08 20:20:00,20.144201108428476
2025-03-08 20:21:00,20.141241516410375
2025-03-08 20:22:00,20.13828489307059
2025-03-08 20:23:00,20.135331237725936
2025-03-08 20:24:00,20.132380551672256
2025-03-08 20:25:00,20.129432836197395
2025-03-08 20:26:00,20.12648809257459
2025-03-08 20:27:00,20.12354632207638
2025-03-08 20:28:00,20.12060752601056
2025-03-08 20:29:00,20.117671705648476
2025-03-08 20:30:00,20.11473886227543
2025-03-08 20:31:00,20.111808997182976
2025-03-08 20:32:00,20.108882109678703
2025-03-08 20:33:00,20.105958204965916
2025-03-08 20:34:00,20.103037282391284
2025-03-08 20:35:00,20.100119343194663
2025-03-08 20:36:00,20.097204388686123
2025-03-08 20:37:00,20.09429242011859
2025-03-08 20:38:00,20.091383438800776
2025-03-08 20:39:00,20.08847744598458
2025-03-08 20:40:00,20.08557444296339
2025-03-08 20:41:00,20.082674431016073
2025-03-08 20:42:00,20.079777411399775
2025-03-08 20:43:00,20.07688338540615
2025-03-08 20:44:00,20.073992352373565
2025-03-08 20:45:00,20.071104317422794
2025-03-08 20:46:00,20.0682192799308
2025-03-08 20:47:00,20.06533724116602
2025-03-08 20:48:00,20.062458202368006
2025-03-08 20:49:00,20.059582164831838
2025-03-08 20:50:00,20.05670912981681
2025-03-08 20:51:00,20.053839098623712
2025-03-08 20:52:00,20.05097207249669
2025-03-08 20:53:00,20.048108052700513
2025-03-08 20:54:00,20.04524704051302
2025-03-08 20:55:00,20.04238903528804
2025-03-08 20:56:00,20.039534042123265
2025-03-08 20:57:00,20.036682060382958
2025-03-08 20:58:00,20.033833091301133
2025-03-08 20:59:00,20.03098713616633
2025-03-08 21:00:00,20.028144196252484
2025-03-08 21:01:00,20.02530427280547
2025-03-08 21:02:00,20.022467367097917
2025-03-08 21:03:00,20.019633480388507
2025-03-08 21:04:00,20.0168026139346
2025-03-08 21:05:00,20.013974769007277
2025-03-08 21:06:00,20.0111499449755
2025-03-08 21:07:00,20.008328146885447
2025-03-08 21:08:00,20.00550937409602
2025-03-08 21:09:00,20.00269362788245
2025-03-08 21:10:00,19.99988090947106
2025-03-08 21:11:00,19.99707122015606
2025-03-08 21:12:00,19.994264561176195
2025-03-08 21:13:00,19.991460933803978
2025-03-08 21:14:00,19.988660339263348
2025-03-08 21:15:00,19.98586277883203
2025-03-08 21:16:00,19.983068253773396
2025-03-08 21:17:00,19.98027676343797
2025-03-08 21:18:00,19.977488312866996
2025-03-08 21:19:00,19.974702901414574
2025-03-08 21:20:00,19.971920530314193
2025-03-08 21:21:00,19.969141200846252
2025-03-08 21:22:00,19.966364914263252
2025-03-08 21:23:00,19.96359167179685
2025-03-08 21:24:00,19.960821474698335
2025-03-08 21:25:00,19.958054324224946
2025-03-08 21:26:00,19.95529022162647
2025-03-08 21:27:00,19.952529168138582
2025-03-08 21:28:00,19.949771164996434
2025-03-08 21:29:00,19.947016211640303
2025-03-08 21:30:00,19.944264312980735
2025-03-08 21:31:00,19.941515468401263
2025-03-08 21:32:00,19.938769679187416
2025-03-08 21:33:00,19.93602694654399
2025-03-08 21:34:00,19.933287271722193
2025-03-08 21:35:00,19.930550655971743
2025-03-08 21:36:00,19.927817100528856
2025-03-08 21:37:00,19.925086606622287
2025-03-08 21:38:00,19.922359175513222
2025-03-08 21:39:00,19.919634808428825
2025-03-08 21:40:00,19.916913504764494
2025-03-08 21:41:00,19.914195269456968
2025-03-08 21:42:00,19.911480101865166
2025-03-08 21:43:00,19.908768003246294
2025-03-08 21:44:00,19.906058974830927
2025-03-08 21:45:00,19.903353017868085
2025-03-08 21:46:00,19.90065013355398
2025-03-08 21:47:00,19.89795032316239
2025-03-08 21:48:00,19.895253587907803
2025-03-08 21:49:00,19.892559929022994
2025-03-08 21:50:00,19.889869347734134
2025-03-08 21:51:00,19.8871818434706
2025-03-08 21:52:00,19.884497421056707
2025-03-08 21:53:00,19.88181607994416
2025-03-08 21:54:00,19.87913782134312
2025-03-08 21:55:00,19.87646264647543
2025-03-08 21:56:00,19.873790556562668
2025-03-08 21:57:00,19.871121552850923
2025-03-08 21:58:00,19.868455636553875
2025-03-08 21:59:00,19.865792808890475
2025-03-08 22:00:00,19.863133071078934
2025-03-08 22:01:00,19.860476424362574
2025-03-08 22:02:00,19.85782286815295
2025-03-08 22:03:00,19.855172407265414
2025-03-08 22:04:00,19.85252504110167
2025-03-08 22:05:00,19.84988077090175
2025-03-08 22:06:00,19.847239597872658
2025-03-08 22:07:00,19.844601523272132
2025-03-08 22:08:00,19.841966548254632
2025-03-08 22:09:00,19.83933467406348
2025-03-08 22:10:00,19.836705901927942
2025-03-08 22:11:00,19.834080233038748
2025-03-08 22:12:00,19.831457668623628
2025-03-08 22:13:00,19.82883820988458
2025-03-08 22:14:00,19.826221856286665
2025-03-08 22:15:00,19.823608612553997
2025-03-08 22:16:00,19.82099847813552
2025-03-08 22:17:00,19.818391454223544
2025-03-08 22:18:00,19.81578754204699
2025-03-08 22:19:00,19.813186742803097
2025-03-08 22:20:00,19.810589057725423
2025-03-08 22:21:00,19.807994487984146
2025-03-08 22:22:00,19.805403034798772
2025-03-08 22:23:00,19.802814699369506
2025-03-08 22:24:00,19.800229482913636
2025-03-08 22:25:00,19.79764738487333
2025-03-08 22:26:00,19.79506840994229
2025-03-08 22:27:00,19.79249255757702
2025-03-08 22:28:00,19.789919828967186
2025-03-08 22:29:00,19.78735022533884
2025-03-08 22:30:00,19.784783747867166
2025-03-08 22:31:00,19.78222039775791
2025-03-08 22:32:00,19.779660176191
2025-03-08 22:33:00,19.77710308440146
2025-03-08 22:34:00,19.774549123548567
2025-03-08 22:35:00,19.77199829483483
2025-03-08 22:36:00,19.769450597752993
2025-03-08 22:37:00,19.76690603689792
2025-03-08 22:38:00,19.764364611758367
2025-03-08 22:39:00,19.761826323545492
2025-03-08 22:40:00,19.759291173407732
2025-03-08 22:41:00,19.756759162584927
2025-03-08 22:42:00,19.754230292211957
2025-03-08 22:43:00,19.751704563508255
2025-03-08 22:44:00,19.74918197764363
2025-03-08 22:45:00,19.74666253582363
2025-03-08 22:46:00,19.74414623921011
2025-03-08 22:47:00,19.74163308730938
2025-03-08 22:48:00,19.739123084690817
2025-03-08 22:49:00,19.736616230826215
2025-03-08 22:50:00,19.734112526898656
2025-03-08 22:51:00,19.731611974101796
2025-03-08 22:52:00,19.729114573610644
2025-03-08 22:53:00,19.726620326592965
2025-03-08 22:54:00,19.724129234234155
2025-03-08 22:55:00,19.721641297718307
2025-03-08 22:56:00,19.71915651819876
2025-03-08 22:57:00,19.71667489686368
2025-03-08 22:58:00,19.714196434894717
2025-03-08 22:59:00,19.71172113178237
2025-03-08 23:00:00,19.709248992040415
2025-03-08 23:01:00,19.70678001516731
2025-03-08 23:02:00,19.70431420233487
2025-03-08 23:03:00,19.701851554701975
2025-03-08 23:04:00,19.699392073444514
2025-03-08 23:05:00,19.696935759755235
2025-03-08 23:06:00,19.69448261476049
2025-03-08 23:07:00,19.692032639633368
2025-03-08 23:08:00,19.689585835551938
2025-03-08 23:09:00,19.68714220366934
2025-03-08 23:10:00,19.684701743525068
2025-03-08 23:11:00,19.68226445952841
2025-03-08 23:12:00,19.679830351220502
2025-03-08 23:13:00,19.677399419762722
2025-03-08 23:14:00,19.674971666309773
2025-03-08 23:15:00,19.672547092009054
2025-03-08 23:16:00,19.670125698019433
2025-03-08 23:17:00,19.667707485515777
2025-03-08 23:18:00,19.665292455625547
2025-03-08 23:19:00,19.662880609521693
2025-03-08 23:20:00,19.66047194835309
2025-03-08 23:21:00,19.658066471648638
2025-03-08 23:22:00,19.655664183795125
2025-03-08 23:23:00,19.65326508433492
2025-03-08 23:24:00,19.650869174401123
2025-03-08 23:25:00,19.648476455137953
2025-03-08 23:26:00,19.64608692770541
2025-03-08 23:27:00,19.643700593257194
2025-03-08 23:28:00,19.64131745291688
2025-03-08 23:29:00,19.638937507836133
2025-03-08 23:30:00,19.636560759159536
2025-03-08 23:31:00,19.634187208030923
2025-03-08 23:32:00,19.63181685399192
2025-03-08 23:33:00,19.62944970137157
2025-03-08 23:34:00,19.627085749724202
2025-03-08 23:35:00,19.624725000167132
2025-03-08 23:36:00,19.622367453867255
2025-03-08 23:37:00,19.62001311191686
2025-03-08 23:38:00,19.6176619754754
2025-03-08 23:39:00,19.615314045690013
2025-03-08 23:40:00,19.612969323678115
2025-03-08 23:41:00,19.610627810567678
2025-03-08 23:42:00,19.60828950749145
2025-03-08 23:43:00,19.605954415580925
2025-03-08 23:44:00,19.603622534402746
2025-03-08 23:45:00,19.601293868210632
2025-03-08 23:46:00,19.598968416578472
2025-03-08 23:47:00,19.59664618060539
2025-03-08 23:48:00,19.59432716143459
2025-03-08 23:49:00,19.59201136019169
2025-03-08 23:50:00,19.589698777978356
2025-03-08 23:51:00,19.58738941592901
2025-03-08 23:52:00,19.585083275177098
2025-03-08 23:53:00,19.582780356821587
2025-03-08 23:54:00,19.580480661987878
2025-03-08 23:55:00,19.57818419025493
2025-03-08 23:56:00,19.575890945817676
2025-03-08 23:57:00,19.573600928234086
2025-03-08 23:58:00,19.571314138653122
2025-03-08 23:59:00,19.569030578167528
2025-03-09 00:00:00,19.56675024788551
2025-03-09 00:01:00,19.564473148908533
2025-03-09 00:02:00,19.56219928237033
2025-03-09 00:03:00,19.55992864936472
2025-03-09 00:04:00,19.55766125099578
2025-03-09 00:05:00,19.555397088393462
2025-03-09 00:06:00,19.553136161110814
2025-03-09 00:07:00,19.550878473310107
2025-03-09 00:08:00,19.548624024572817
2025-03-09 00:09:00,19.546372816008045
2025-03-09 00:10:00,19.54412484869181
2025-03-09 00:11:00,19.54188012373649
2025-03-09 00:12:00,19.53963864225362
2025-03-09 00:13:00,19.537400405326537
2025-03-09 00:14:00,19.53516541404825
2025-03-09 00:15:00,19.53293366953234
2025-03-09 00:16:00,19.530705172848158
2025-03-09 00:17:00,19.528479923635857
2025-03-09 00:18:00,19.52625792592282
2025-03-09 00:19:00,19.524039179328952
2025-03-09 00:20:00,19.521823684956544
2025-03-09 00:21:00,19.519611443890923
2025-03-09 00:22:00,19.51740245720029
2025-03-09 00:23:00,19.515196725978342
2025-03-09 00:24:00,19.512994251328365
2025-03-09 00:25:00,19.510795034304465
2025-03-09 00:26:00,19.5085990760183
2025-03-09 00:27:00,19.506406377532443
2025-03-09 00:28:00,19.50421693993512
2025-03-09 00:29:00,19.502030762841386
2025-03-09 00:30:00,19.49984785026122
2025-03-09 00:31:00,19.497668201794866
2025-03-09 00:32:00,19.495491818536223
2025-03-09 00:33:00,19.493318701536197
2025-03-09 00:34:00,19.49114885190714
2025-03-09 00:35:00,19.488982270681973
2025-03-09 00:36:00,19.48681895896013
2025-03-09 00:37:00,19.484658917793297
2025-03-09 00:38:00,19.48250214824742
2025-03-09 00:39:00,19.48034865141331
2025-03-09 00:40:00,19.478198426896952
2025-03-09 00:41:00,19.47605147865255
2025-03-09 00:42:00,19.47390780631237
2025-03-09 00:43:00,19.47176741093685
2025-03-09 00:44:00,19.46963029356418
2025-03-09 00:45:00,19.46749645526785
2025-03-09 00:46:00,19.46536589713513
2025-03-09 00:47:00,19.46323862019598
2025-03-09 00:48:00,19.461114625509765
2025-03-09 00:49:00,19.458993914139867
2025-03-09 00:50:00,19.45687648713816
2025-03-09 00:51:00,19.45476234413755
2025-03-09 00:52:00,19.452651489035688
2025-03-09 00:53:00,19.450543921460877
2025-03-09 00:54:00,19.44843964246037
2025-03-09 00:55:00,19.446338653085007
2025-03-09 00:56:00,19.444240954389954
2025-03-09 00:57:00,19.44214654740827
2025-03-09 00:58:00,19.44005543319274
2025-03-09 00:59:00,19.43796761278449
2025-03-09 01:00:00,19.435883087233492
2025-03-09 01:01:00,19.4338018575733
2025-03-09 01:02:00,19.43172392345319
2025-03-09 01:03:00,19.42964928871345
2025-03-09 01:04:00,19.427577952963773
2025-03-09 01:05:00,19.425509917282668
2025-03-09 01:06:00,19.42344518267811
2025-03-09 01:07:00,19.421383750186266
2025-03-09 01:08:00,19.419325620857293
2025-03-09 01:09:00,19.417270795700418
2025-03-09 01:10:00,19.415219275772827
2025-03-09 01:11:00,19.413171062081403
2025-03-09 01:12:00,19.411126155656248
2025-03-09 01:13:00,19.409084557536403
2025-03-09 01:14:00,19.407046267372365
2025-03-09 01:15:00,19.405011288926985
2025-03-09 01:16:00,19.402979621851372
2025-03-09 01:17:00,19.400951267169262
2025-03-09 01:18:00,19.398926225898563
2025-03-09 01:19:00,19.39690449907053
2025-03-09 01:20:00,19.394886087690466
2025-03-09 01:21:00,19.392870992782193
2025-03-09 01:22:00,19.390859215353657
2025-03-09 01:23:00,19.388850756426038
2025-03-09 01:24:00,19.386845617004596
2025-03-09 01:25:00,19.3848437967751
2025-03-09 01:26:00,19.38284529941332
2025-03-09 01:27:00,19.38085012459534
2025-03-09 01:28:00,19.378858273340626
2025-03-09 01:29:00,19.376869746638604
2025-03-09 01:30:00,19.374884545482317
2025-03-09 01:31:00,19.37290267091622
2025-03-09 01:32:00,19.370924123911394
2025-03-09 01:33:00,19.368948905476216
2025-03-09 01:34:00,19.36697701661292
2025-03-09 01:35:00,19.36500845831766
2025-03-09 01:36:00,19.36304323028132
2025-03-09 01:37:00,19.361081336126404
2025-03-09 01:38:00,19.359122775524696
2025-03-09 01:39:00,19.3571675494767
2025-03-09 01:40:00,19.355215658972185
2025-03-09 01:41:00,19.35326710501805
2025-03-09 01:42:00,19.351321888573125
2025-03-09 01:43:00,19.349380010642093
2025-03-09 01:44:00,19.347441472223323
2025-03-09 01:45:00,19.345506274285682
2025-03-09 01:46:00,19.34357441782508
2025-03-09 01:47:00,19.341645902519275
2025-03-09 01:48:00,19.339720731950194
2025-03-09 01:49:00,19.33779890579072
2025-03-09 01:50:00,19.33588042504077
2025-03-09 01:51:00,19.33396529065189
2025-03-09 01:52:00,19.332053503607455
2025-03-09 01:53:00,19.33014506490281
2025-03-09 01:54:00,19.328239975495464
2025-03-09 01:55:00,19.32633823635493
2025-03-09 01:56:00,19.324439848449813
2025-03-09 01:57:00,19.322544812770033
2025-03-09 01:58:00,19.32065313025865
2025-03-09 01:59:00,19.318764800631584
2025-03-09 02:00:00,19.31687982739639
2025-03-09 02:01:00,19.3149982102277
2025-03-09 02:02:00,19.313119950104124
2025-03-09 02:03:00,19.311245047984656
2025-03-09 02:04:00,19.309373504817785
2025-03-09 02:05:00,19.307505321577906
2025-03-09 02:06:00,19.30564049921074
2025-03-09 02:07:00,19.303779038683558
2025-03-09 02:08:00,19.301920940943972
2025-03-09 02:09:00,19.300066206938098
2025-03-09 02:10:00,19.29821483639617
2025-03-09 02:11:00,19.296366832742862
2025-03-09 02:12:00,19.294522195680912
2025-03-09 02:13:00,19.292680926151235
2025-03-09 02:14:00,19.290843025119756
2025-03-09 02:15:00,19.28900849351146
2025-03-09 02:16:00,19.28717733229378
2025-03-09 02:17:00,19.28534954238887
2025-03-09 02:18:00,19.283525124739427
2025-03-09 02:19:00,19.281704080291334
2025-03-09 02:20:00,19.27988640998008
2025-03-09 02:21:00,19.278072113522967
2025-03-09 02:22:00,19.276261194301625
2025-03-09 02:23:00,19.274453652006684
2025-03-09 02:24:00,19.27264948759411
2025-03-09 02:25:00,19.27084870198813
2025-03-09 02:26:00,19.269051296120153
2025-03-09 02:27:00,19.267257270915863
2025-03-09 02:28:00,19.265466627290905
2025-03-09 02:29:00,19.26367936618989
2025-03-09 02:30:00,19.26189548852109
2025-03-09 02:31:00,19.260114995221755
2025-03-09 02:32:00,19.258337886014488
2025-03-09 02:33:00,19.2565641641894
2025-03-09 02:34:00,19.254793829493934
2025-03-09 02:35:00,19.253026882838057
2025-03-09 02:36:00,19.25126332512606
2025-03-09 02:37:00,19.24950315728222
2025-03-09 02:38:00,19.247746380216597
2025-03-09 02:39:00,19.24599299484605
2025-03-09 02:40:00,19.244243002056592
2025-03-09 02:41:00,19.242496402779395
2025-03-09 02:42:00,19.240753197927006
2025-03-09 02:43:00,19.239013388381082
2025-03-09 02:44:00,19.237276973903732
2025-03-09 02:45:00,19.23554395769662
2025-03-09 02:46:00,19.233814339525182
2025-03-09 02:47:00,19.232088120273502
2025-03-09 02:48:00,19.23036530084984
2025-03-09 02:49:00,19.228645882139475
2025-03-09 02:50:00,19.226929865035558
2025-03-09 02:51:00,19.225217250445382
2025-03-09 02:52:00,19.223508039250206
2025-03-09 02:53:00,19.221802232334483
2025-03-09 02:54:00,19.22009983060093
2025-03-09 02:55:00,19.218400833799777
2025-03-09 02:56:00,19.216705245083276
2025-03-09 02:57:00,19.215013064200434
2025-03-09 02:58:00,19.21332429203582
2025-03-09 02:59:00,19.211638929468947
2025-03-09 03:00:00,19.209956977381538
2025-03-09 03:01:00,19.208278436658063
2025-03-09 03:02:00,19.206603308153078
2025-03-09 03:03:00,19.204931592768247
2025-03-09 03:04:00,19.20326329137528
2025-03-09 03:05:00,19.20159840482046
2025-03-09 03:06:00,19.19993693289031
2025-03-09 03:07:00,19.198278878667182
2025-03-09 03:08:00,19.196624241916027
2025-03-09 03:09:00,19.194973023485474
2025-03-09 03:10:00,19.193325224262125
2025-03-09 03:11:00,19.19168084509127
2025-03-09 03:12:00,19.190039886836757
2025-03-09 03:13:00,19.188402350376563
2025-03-09 03:14:00,19.186768236543926
2025-03-09 03:15:00,19.185137546217334
2025-03-09 03:16:00,19.183510280239048
2025-03-09 03:17:00,19.18188643838384
2025-03-09 03:18:00,19.180266023678797
2025-03-09 03:19:00,19.178649035885456
2025-03-09 03:20:00,19.177035475851753
2025-03-09 03:21:00,19.17542534442741
2025-03-09 03:22:00,19.173818642453114
2025-03-09 03:23:00,19.17221537079118
2025-03-09 03:24:00,19.170615530271505
2025-03-09 03:25:00,19.169019121733925
2025-03-09 03:26:00,19.167426146016894
2025-03-09 03:27:00,19.16583660398011
2025-03-09 03:28:00,19.164250496432274
2025-03-09 03:29:00,19.162667823168448
2025-03-09 03:30:00,19.16108858714206
2025-03-09 03:31:00,19.159512788112565
2025-03-09 03:32:00,19.157940426923986
2025-03-09 03:33:00,19.15637150440773
2025-03-09 03:34:00,19.154806021374583
2025-03-09 03:35:00,19.153243978667845
2025-03-09 03:36:00,19.15168537710653
2025-03-09 03:37:00,19.150130217504284
2025-03-09 03:38:00,19.148578500699458
2025-03-09 03:39:00,19.14703022750291
2025-03-09 03:40:00,19.145485397694898
2025-03-09 03:41:00,19.143944014172405
2025-03-09 03:42:00,19.142406076717634
2025-03-09 03:43:00,19.140871586120355
2025-03-09 03:44:00,19.139340543220143
2025-03-09 03:45:00,19.13781294881484
2025-03-09 03:46:00,19.13628880371121
2025-03-09 03:47:00,19.134768108722184
2025-03-09 03:48:00,19.133250864644268
2025-03-09 03:49:00,19.13173707229828
2025-03-09 03:50:00,19.130226732477055
2025-03-09 03:51:00,19.128719844976757
2025-03-09 03:52:00,19.12721641260005
2025-03-09 03:53:00,19.12571643515173
2025-03-09 03:54:00,19.124219913425947
2025-03-09 03:55:00,19.122726848211926
2025-03-09 03:56:00,19.121237240304254
2025-03-09 03:57:00,19.119751090492286
2025-03-09 03:58:00,19.118268399574873
2025-03-09 03:59:00,19.116789168327216
2025-03-09 04:00:00,19.11531339753779
2025-03-09 04:01:00,19.113841087996477
2025-03-09 04:02:00,19.11237223950694
2025-03-09 04:03:00,19.11090685481743
2025-03-09 04:04:00,19.10944493371565
2025-03-09 04:05:00,19.107986476977842
2025-03-09 04:06:00,19.106531485389482
2025-03-09 04:07:00,19.105079959727306
2025-03-09 04:08:00,19.103631900759524
2025-03-09 04:09:00,19.10218730924916
2025-03-09 04:10:00,19.100746185975012
2025-03-09 04:11:00,19.09930853172446
2025-03-09 04:12:00,19.097874347231524
2025-03-09 04:13:00,19.09644363327368
2025-03-09 04:14:00,19.09501638966222
2025-03-09 04:15:00,19.093592619077356
2025-03-09 04:16:00,19.092172321307928
2025-03-09 04:17:00,19.090755497131312
2025-03-09 04:18:00,19.089342147282167
2025-03-09 04:19:00,19.08793227252434
2025-03-09 04:20:00,19.08652587361648
2025-03-09 04:21:00,19.08512295131233
2025-03-09 04:22:00,19.083723506356904
2025-03-09 04:23:00,19.08232753949723
2025-03-09 04:24:00,19.08093505147872
2025-03-09 04:25:00,19.079546042123184
2025-03-09 04:26:00,19.078160514028227
2025-03-09 04:27:00,19.076778467016695
2025-03-09 04:28:00,19.075399901817164
2025-03-09 04:29:00,19.07402481916678
2025-03-09 04:30:00,19.072653219820566
2025-03-09 04:31:00,19.071285104488837
2025-03-09 04:32:00,19.069920473920206
2025-03-09 04:33:00,19.06855932884453
2025-03-09 04:34:00,19.06720166999078
2025-03-09 04:35:00,19.065847498082135
2025-03-09 04:36:00,19.064496812951433
2025-03-09 04:37:00,19.06314961712897
2025-03-09 04:38:00,19.061805910425647
2025-03-09 04:39:00,19.060465693574173
2025-03-09 04:40:00,19.059128967293304
2025-03-09 04:41:00,19.057795732289662
2025-03-09 04:42:00,19.056465989294523
2025-03-09 04:43:00,19.055139739018045
2025-03-09 04:44:00,19.05381698216536
2025-03-09 04:45:00,19.052497719452646
2025-03-09 04:46:00,19.05118195158822
2025-03-09 04:47:00,19.04986967841141
2025-03-09 04:48:00,19.048560902379435
2025-03-09 04:49:00,19.047255623319643
2025-03-09 04:50:00,19.045953841923804
2025-03-09 04:51:00,19.044655558907337
2025-03-09 04:52:00,19.043360774964867
2025-03-09 04:53:00,19.042069490792798
2025-03-09 04:54:00,19.040781707085557
2025-03-09 04:55:00,19.039497424535867
2025-03-09 04:56:00,19.038216643847136
2025-03-09 04:57:00,19.03693936570251
2025-03-09 04:58:00,19.035665590792632
2025-03-09 04:59:00,19.034395318945613
2025-03-09 05:00:00,19.0331285525604
2025-03-09 05:01:00,19.03186529146855
2025-03-09 05:02:00,19.030605536347466
2025-03-09 05:03:00,19.029349287873274
2025-03-09 05:04:00,19.028096546740983
2025-03-09 05:05:00,19.026847313611356
2025-03-09 05:06:00,19.02560158916974
2025-03-09 05:07:00,19.02435937407631
2025-03-09 05:08:00,19.02312066901328
2025-03-09 05:09:00,19.021885474655036
2025-03-09 05:10:00,19.020653790830437
2025-03-09 05:11:00,19.019425619873445
2025-03-09 05:12:00,19.018200961604308
2025-03-09 05:13:00,19.01697981669905
2025-03-09 05:14:00,19.015762185814665
2025-03-09 05:15:00,19.014548069620716
2025-03-09 05:16:00,19.013337468749995
2025-03-09 05:17:00,19.012130383880177
2025-03-09 05:18:00,19.01092681566405
2025-03-09 05:19:00,19.00972676473512
2025-03-09 05:20:00,19.00853023176262
2025-03-09 05:21:00,19.007337216591267
2025-03-09 05:22:00,19.006147721465823
2025-03-09 05:23:00,19.00496174623359
2025-03-09 05:24:00,19.003779291536617
2025-03-09 05:25:00,19.002600358015286
2025-03-09 05:26:00,19.00142494630792
2025-03-09 05:27:00,19.000253057051424
2025-03-09 05:28:00,18.999084690894648
2025-03-09 05:29:00,18.997919848451303
2025-03-09 05:30:00,18.996758530380347
2025-03-09 05:31:00,18.995600737289365
2025-03-09 05:32:00,18.994446469040597
2025-03-09 05:33:00,18.993295727807293
2025-03-09 05:34:00,18.992148513454083
2025-03-09 05:35:00,18.99100482659516
2025-03-09 05:36:00,18.98986466784274
2025-03-09 05:37:00,18.988728037832246
2025-03-09 05:38:00,18.98759493717516
2025-03-09 05:39:00,18.98646536648681
2025-03-09 05:40:00,18.98533932638594
2025-03-09 05:41:00,18.98421681748694
2025-03-09 05:42:00,18.983097840388865
2025-03-09 05:43:00,18.98198239571053
2025-03-09 05:44:00,18.98087048331807
2025-03-09 05:45:00,18.979762105303493
2025-03-09 05:46:00,18.97865726151943
2025-03-09 05:47:00,18.97755595257695
2025-03-09 05:48:00,18.976458179067095
2025-03-09 05:49:00,18.975363941594978
2025-03-09 05:50:00,18.974273240756105
2025-03-09 05:51:00,18.973186077146224
2025-03-09 05:52:00,18.972102451349514
2025-03-09 05:53:00,18.9710223639662
2025-03-09 05:54:00,18.96994581558691
2025-03-09 05:55:00,18.968872806070678
2025-03-09 05:56:00,18.967803337453432
2025-03-09 05:57:00,18.966737409588063
2025-03-09 05:58:00,18.965675023065742
2025-03-09 05:59:00,18.96461617846269
2025-03-09 06:00:00,18.963560876351096
2025-03-09 06:01:00,18.962509117313616
2025-03-09 06:02:00,18.961460901923687
2025-03-09 06:03:00,18.960416230755484
2025-03-09 06:04:00,18.95937510437861
2025-03-09 06:05:00,18.958337523361024
2025-03-09 06:06:00,18.957303487578017
2025-03-09 06:07:00,18.956272998984943
2025-03-09 06:08:00,18.95524605744626
2025-03-09 06:09:00,18.954222663522458
2025-03-09 06:10:00,18.953202817774553
2025-03-09 06:11:00,18.95218652076673
2025-03-09 06:12:00,18.951173773053824
2025-03-09 06:13:00,18.950164575177027
2025-03-09 06:14:00,18.94915892769957
2025-03-09 06:15:00,18.948156831175453
2025-03-09 06:16:00,18.947158286145253
2025-03-09 06:17:00,18.946163292490013
2025-03-09 06:18:00,18.945171852092216
2025-03-09 06:19:00,18.944183964829193
2025-03-09 06:20:00,18.94319963123148
2025-03-09 06:21:00,18.94221885184922
2025-03-09 06:22:00,18.941241627218687
2025-03-09 06:23:00,18.940267957867263
2025-03-09 06:24:00,18.939297844337062
2025-03-09 06:25:00,18.938331287156345
2025-03-09 06:26:00,18.937368286851807
2025-03-09 06:27:00,18.93640884395704
2025-03-09 06:28:00,18.93545295899301
2025-03-09 06:29:00,18.934500631853496
2025-03-09 06:30:00,18.933551864332046
2025-03-09 06:31:00,18.9326066563099
2025-03-09 06:32:00,18.93166500831333
2025-03-09 06:33:00,18.93072692084705
2025-03-09 06:34:00,18.92979239442937
2025-03-09 06:35:00,18.928861429581303
2025-03-09 06:36:00,18.92793402680138
2025-03-09 06:37:00,18.92701018660692
2025-03-09 06:38:00,18.926089909506445
2025-03-09 06:39:00,18.925173196001907
2025-03-09 06:40:00,18.924260045981626
2025-03-09 06:41:00,18.923350461181656
2025-03-09 06:42:00,18.922444441479314
2025-03-09 06:43:00,18.921541987373914
2025-03-09 06:44:00,18.920643099362422
2025-03-09 06:45:00,18.919747777942106
2025-03-09 06:46:00,18.918856023595524
2025-03-09 06:47:00,18.917967836824644
2025-03-09 06:48:00,18.91708321811464
2025-03-09 06:49:00,18.916202167942544
2025-03-09 06:50:00,18.915324686804368
2025-03-09 06:51:00,18.914450774589753
2025-03-09 06:52:00,18.91358043295628
2025-03-09 06:53:00,18.91271366179349
2025-03-09 06:54:00,18.91185046157969
2025-03-09 06:55:00,18.91099083278425
2025-03-09 06:56:00,18.91013477588355
2025-03-09 06:57:00,18.909282291351687
2025-03-09 06:58:00,18.908433379652834
2025-03-09 06:59:00,18.907588041259203
2025-03-09 07:00:00,18.90674627662726
2025-03-09 07:01:00,18.905908086229374
2025-03-09 07:02:00,18.90507346996462
2025-03-09 07:03:00,18.904242429412804
2025-03-09 07:04:00,18.903414964466734
2025-03-09 07:05:00,18.90259107558711
2025-03-09 07:06:00,18.901770763226708
2025-03-09 07:07:00,18.900954027832483
2025-03-09 07:08:00,18.900140869853487
2025-03-09 07:09:00,18.89933128974816
2025-03-09 07:10:00,18.898525287957952
2025-03-09 07:11:00,18.89772286491997
2025-03-09 07:12:00,18.896924021077467
2025-03-09 07:13:00,18.896128756879364
2025-03-09 07:14:00,18.89533707222853
2025-03-09 07:15:00,18.894548968619986
2025-03-09 07:16:00,18.893764445960073
2025-03-09 07:17:00,18.892983504679933
2025-03-09 07:18:00,18.89220614520589
2025-03-09 07:19:00,18.891432367976307
2025-03-09 07:20:00,18.890662173407947
2025-03-09 07:21:00,18.889895561926053
2025-03-09 07:22:00,18.889132533958218
2025-03-09 07:23:00,18.888373089925892
2025-03-09 07:24:00,18.887617230238007
2025-03-09 07:25:00,18.886864954818947
2025-03-09 07:26:00,18.886116265086187
2025-03-09 07:27:00,18.88537116094696
2025-03-09 07:28:00,18.884629642813124
2025-03-09 07:29:00,18.883891711098244
2025-03-09 07:30:00,18.88315736620126
2025-03-09 07:31:00,18.882426608529983
2025-03-09 07:32:00,18.88169943849188
2025-03-09 07:33:00,18.88097585647853
2025-03-09 07:34:00,18.880255862895254
2025-03-09 07:35:00,18.879539458140087
2025-03-09 07:36:00,18.878826642129965
2025-03-09 07:37:00,18.87811741621117
2025-03-09 07:38:00,18.877411780299582
2025-03-09 07:39:00,18.876709734781784
2025-03-09 07:40:00,18.8760112800461
2025-03-09 07:41:00,18.87531641647884
2025-03-09 07:42:00,18.874625144460808
2025-03-09 07:43:00,18.873937464371096
2025-03-09 07:44:00,18.87325337659658
2025-03-09 07:45:00,18.872572881510507
2025-03-09 07:46:00,18.871895979485984
2025-03-09 07:47:00,18.87122267044805
2025-03-09 07:48:00,18.870552955671968
2025-03-09 07:49:00,18.86988683507289
2025-03-09 07:50:00,18.869224309016246
2025-03-09 07:51:00,18.86856537787621
2025-03-09 07:52:00,18.867910042006187
2025-03-09 07:53:00,18.867258301770164
2025-03-09 07:54:00,18.866610157531724
2025-03-09 07:55:00,18.86596560964324
2025-03-09 07:56:00,18.865324658467003
2025-03-09 07:57:00,18.864687304348408
2025-03-09 07:58:00,18.86405354764321
2025-03-09 07:59:00,18.863423388278008
2025-03-09 08:00:00,18.862796827444853
2025-03-09 08:01:00,18.862173865071796
2025-03-09 08:02:00,18.86155450149566
2025-03-09 08:03:00,18.86093873706203
2025-03-09 08:04:00,18.860326572106928
2025-03-09 08:05:00,18.859718006967555
2025-03-09 08:06:00,18.85911304198281
2025-03-09 08:07:00,18.858511677484785
2025-03-09 08:08:00,18.857913913807053
2025-03-09 08:09:00,18.85731975127436
2025-03-09 08:10:00,18.856729189822644
2025-03-09 08:11:00,18.856142230570185
2025-03-09 08:12:00,18.855558873442135
2025-03-09 08:13:00,18.85497911876216
2025-03-09 08:14:00,18.854402966843963
2025-03-09 08:15:00,18.853830418008656
2025-03-09 08:16:00,18.853261472572612
2025-03-09 08:17:00,18.852696130850063
2025-03-09 08:18:00,18.852134393152184
2025-03-09 08:19:00,18.85157625978256
2025-03-09 08:20:00,18.851021731058722
2025-03-09 08:21:00,18.8504708069091
2025-03-09 08:22:00,18.84992348838304
2025-03-09 08:23:00,18.84937977540517
2025-03-09 08:24:00,18.84883966827843
2025-03-09 08:25:00,18.84830316729837
2025-03-09 08:26:00,18.847770272763782
2025-03-09 08:27:00,18.847240984962454
2025-03-09 08:28:00,18.846715304191633
2025-03-09 08:29:00,18.846193230738933
2025-03-09 08:30:00,18.8456747648912
2025-03-09 08:31:00,18.845159906928558
2025-03-09 08:32:00,18.844648656801184
2025-03-09 08:33:00,18.84414101547317
2025-03-09 08:34:00,18.84363698287497
2025-03-09 08:35:00,18.843136559290727
2025-03-09 08:36:00,18.842639744991686
2025-03-09 08:37:00,18.84214654025162
2025-03-09 08:38:00,18.84165694534235
2025-03-09 08:39:00,18.841170960536218
2025-03-09 08:40:00,18.84068858608954
2025-03-09 08:41:00,18.840209822278084
2025-03-09 08:42:00,18.83973466935936
2025-03-09 08:43:00,18.839263127600233
2025-03-09 08:44:00,18.838795196940794
2025-03-09 08:45:00,18.83833087826838
2025-03-09 08:46:00,18.837870171522127
2025-03-09 08:47:00,18.837413076955244
2025-03-09 08:48:00,18.83695959481959
2025-03-09 08:49:00,18.836509725361466
2025-03-09 08:50:00,18.836063468828343
2025-03-09 08:51:00,18.835620825466407
2025-03-09 08:52:00,18.83518179552047
2025-03-09 08:53:00,18.834746379224214
2025-03-09 08:54:00,18.834314576822507
2025-03-09 08:55:00,18.83388638826591
2025-03-09 08:56:00,18.83346181435877
2025-03-09 08:57:00,18.833040855046647
2025-03-09 08:58:00,18.832623510564503
2025-03-09 08:59:00,18.832209781135447
2025-03-09 09:00:00,18.831799666987592
2025-03-09 09:01:00,18.83139316834597
2025-03-09 09:02:00,18.83099028543336
2025-03-09 09:03:00,18.8305910184679
2025-03-09 09:04:00,18.83019536766939
2025-03-09 09:05:00,18.829803333256365
2025-03-09 09:06:00,18.829414915176656
2025-03-09 09:07:00,18.829030114168276
2025-03-09 09:08:00,18.828648930180776
2025-03-09 09:09:00,18.828271363420768
2025-03-09 09:10:00,18.82789741409222
2025-03-09 09:11:00,18.827527082400564
2025-03-09 09:12:00,18.827160368548945
2025-03-09 09:13:00,18.82679727273438
2025-03-09 09:14:00,18.826437795156124
2025-03-09 09:15:00,18.82608193601277
2025-03-09 09:16:00,18.825729695492
2025-03-09 09:17:00,18.82538107355714
2025-03-09 09:18:00,18.825036070863902
2025-03-09 09:19:00,18.824694687362935
2025-03-09 09:20:00,18.82435692324559
2025-03-09 09:21:00,18.824022778689383
2025-03-09 09:22:00,18.823692253877013
2025-03-09 09:23:00,18.82336534898839
2025-03-09 09:24:00,18.82304206420197
2025-03-09 09:25:00,18.822722399691827
2025-03-09 09:26:00,18.822406355628644
2025-03-09 09:27:00,18.82209393218838
2025-03-09 09:28:00,18.821785129537673
2025-03-09 09:29:00,18.821479947636604
2025-03-09 09:30:00,18.82117838706607
2025-03-09 09:31:00,18.820880447778435
2025-03-09 09:32:00,18.820586129934725
2025-03-09 09:33:00,18.820295433696273
2025-03-09 09:34:00,18.820008359216146
2025-03-09 09:35:00,18.819724906651402
2025-03-09 09:36:00,18.819445076154352
2025-03-09 09:37:00,18.819168867875263
2025-03-09 09:38:00,18.81889628196106
2025-03-09 09:39:00,18.81862731855918
2025-03-09 09:40:00,18.818361977639228
2025-03-09 09:41:00,18.81810025969763
2025-03-09 09:42:00,18.817842164693815
2025-03-09 09:43:00,18.817587692768214
2025-03-09 09:44:00,18.81733684405536
2025-03-09 09:45:00,18.81708961869016
2025-03-09 09:46:00,18.816846016803993
2025-03-09 09:47:00,18.816606038527382
2025-03-09 09:48:00,18.816369683986935
2025-03-09 09:49:00,18.81613695330941
2025-03-09 09:50:00,18.815907846619098
2025-03-09 09:51:00,18.81568236388523
2025-03-09 09:52:00,18.8154605055322
2025-03-09 09:53:00,18.81524227152292
2025-03-09 09:54:00,18.81502766197471
2025-03-09 09:55:00,18.81481667699883
2025-03-09 09:56:00,18.814609316709237
2025-03-09 09:57:00,18.81440558121251
2025-03-09 09:58:00,18.814205470616727
2025-03-09 09:59:00,18.81400898502841
2025-03-09 10:00:00,18.813816124547373
2025-03-09 10:01:00,18.813626889276932
2025-03-09 10:02:00,18.81344127919249
2025-03-09 10:03:00,18.813259294639366
2025-03-09 10:04:00,18.81308093558559
2025-03-09 10:05:00,18.81290620212576
2025-03-09 10:06:00,18.812735094348596
2025-03-09 10:07:00,18.812567612343457
2025-03-09 10:08:00,18.81240375619737
2025-03-09 10:09:00,18.81224352599334
2025-03-09 10:10:00,18.8120869218142
2025-03-09 10:11:00,18.811933943740684
2025-03-09 10:12:00,18.811784591850184
2025-03-09 10:13:00,18.811638866219155
2025-03-09 10:14:00,18.811496766827418
2025-03-09 10:15:00,18.811358293937147
2025-03-09 10:16:00,18.811223447522337
2025-03-09 10:17:00,18.81109222765005
2025-03-09 10:18:00,18.810964634387062
2025-03-09 10:19:00,18.810840667795375
2025-03-09 10:20:00,18.810720327937872
2025-03-09 10:21:00,18.8106036148732
2025-03-09 10:22:00,18.810490528659514
2025-03-09 10:23:00,18.810381069351806
2025-03-09 10:24:00,18.81027523700284
2025-03-09 10:25:00,18.810173031597202
2025-03-09 10:26:00,18.810074453320638
2025-03-09 10:27:00,18.809979502150924
2025-03-09 10:28:00,18.80988817813244
2025-03-09 10:29:00,18.809800481308258
2025-03-09 10:30:00,18.809716411719066
2025-03-09 10:31:00,18.809635969404198
2025-03-09 10:32:00,18.809559154399324
2025-03-09 10:33:00,18.809485966739658
2025-03-09 10:34:00,18.809416406457814
2025-03-09 10:35:00,18.809350473584175
2025-03-09 10:36:00,18.80928816810588
2025-03-09 10:37:00,18.809229490133845
2025-03-09 10:38:00,18.809174439648245
2025-03-09 10:39:00,18.809123016671947
2025-03-09 10:40:00,18.80907522122469
2025-03-09 10:41:00,18.809031053324333
2025-03-09 10:42:00,18.80899051298691
2025-03-09 10:43:00,18.808953600226488
2025-03-09 10:44:00,18.808920315054607
2025-03-09 10:45:00,18.808890657480802
2025-03-09 10:46:00,18.808864627512833
2025-03-09 10:47:00,18.808842225142584
2025-03-09 10:48:00,18.808823450403267
2025-03-09 10:49:00,18.808808303280088
2025-03-09 10:50:00,18.808796783772507
2025-03-09 10:51:00,18.80878889187757
2025-03-09 10:52:00,18.808784627590384
2025-03-09 10:53:00,18.808783990904246
2025-03-09 10:54:00,18.808786981810044
2025-03-09 10:55:00,18.808793600296582
2025-03-09 10:56:00,18.808803846350912
2025-03-09 10:57:00,18.80881771995756
2025-03-09 10:58:00,18.808835221099628
2025-03-09 10:59:00,18.80885634977257
2025-03-09 11:00:00,18.808881105926943
2025-03-09 11:01:00,18.808909489552363
2025-03-09 11:02:00,18.80894150062278
2025-03-09 11:03:00,18.808977139110752
2025-03-09 11:04:00,18.809016404986536
2025-03-09 11:05:00,18.809059298218315
2025-03-09 11:06:00,18.809105818771584
2025-03-09 11:07:00,18.8091559666114
2025-03-09 11:08:00,18.80920974169905
2025-03-09 11:09:00,18.809267143995157
2025-03-09 11:10:00,18.809328173497946
2025-03-09 11:11:00,18.809392830083425
2025-03-09 11:12:00,18.80946111374331
2025-03-09 11:13:00,18.80953302443038
2025-03-09 11:14:00,18.809608562093246
2025-03-09 11:15:00,18.809687726679726
2025-03-09 11:16:00,18.80977051813541
2025-03-09 11:17:00,18.80985693640261
2025-03-09 11:18:00,18.80994698142355
2025-03-09 11:19:00,18.810040653137293
2025-03-09 11:20:00,18.810137951481096
2025-03-09 11:21:00,18.81023887645749
2025-03-09 11:22:00,18.810343427865234
2025-03-09 11:23:00,18.810451605701942
2025-03-09 11:24:00,18.81056340989491
2025-03-09 11:25:00,18.810678840372177
2025-03-09 11:26:00,18.810797897057796
2025-03-09 11:27:00,18.810920579875315
2025-03-09 11:28:00,18.81104688874376
2025-03-09 11:29:00,18.811176823581604
2025-03-09 11:30:00,18.81131038430712
2025-03-09 11:31:00,18.81144757083311
2025-03-09 11:32:00,18.811588383166466
2025-03-09 11:33:00,18.811732821030034
2025-03-09 11:34:00,18.811880884425236
2025-03-09 11:35:00,18.81203257325751
2025-03-09 11:36:00,18.812187887430312
2025-03-09 11:37:00,18.812346826847048
2025-03-09 11:38:00,18.812509391404532
2025-03-09 11:39:00,18.81267558100471
2025-03-09 11:40:00,18.81284539553961
2025-03-09 11:41:00,18.813018834904454
2025-03-09 11:42:00,18.813195898989775
2025-03-09 11:43:00,18.813376587687415
2025-03-09 11:44:00,18.81356090100749
2025-03-09 11:45:00,18.813748838588822
2025-03-09 11:46:00,18.813940400436053
2025-03-09 11:47:00,18.814135586431846
2025-03-09 11:48:00,18.814334396454527
2025-03-09 11:49:00,18.814536830381144
2025-03-09 11:50:00,18.814742888087167
2025-03-09 11:51:00,18.81495256944551
2025-03-09 11:52:00,18.815165874326496
2025-03-09 11:53:00,18.815382802600013
2025-03-09 11:54:00,18.815603354130374
2025-03-09 11:55:00,18.81582752893715
2025-03-09 11:56:00,18.816055326580837
2025-03-09 11:57:00,18.81628674706988
2025-03-09 11:58:00,18.816521790263934
2025-03-09 11:59:00,18.81676045602019
2025-03-09 12:00:00,18.817002744192237
2025-03-09 12:01:00,18.817248654632976
2025-03-09 12:02:00,18.817498187191532
2025-03-09 12:03:00,18.817751341717127
2025-03-09 12:04:00,18.818008118054664
2025-03-09 12:05:00,18.81826851605034
2025-03-09 12:06:00,18.81853253572163
2025-03-09 12:07:00,18.81880017655797
2025-03-09 12:08:00,18.819071438570347
2025-03-09 12:09:00,18.819346321596
2025-03-09 12:10:00,18.81962482546699
2025-03-09 12:11:00,18.819906950017995
2025-03-09 12:12:00,18.820192695076557
2025-03-09 12:13:00,18.820482060470226
2025-03-09 12:14:00,18.820775046026725
2025-03-09 12:15:00,18.821071651565973
2025-03-09 12:16:00,18.821371876913517
2025-03-09 12:17:00,18.821675722091413
2025-03-09 12:18:00,18.82198318650937
2025-03-09 12:19:00,18.8222942701847
2025-03-09 12:20:00,18.82260897293466
2025-03-09 12:21:00,18.82292729456661
2025-03-09 12:22:00,18.82324923489253
2025-03-09 12:23:00,18.82357479371565
2025-03-09 12:24:00,18.823903970843574
2025-03-09 12:25:00,18.824236766078798
2025-03-09 12:26:00,18.82457317922433
2025-03-09 12:27:00,18.824913210077426
2025-03-09 12:28:00,18.82525685843362
2025-03-09 12:29:00,18.82560412432433
2025-03-09 12:30:00,18.82595500707569
2025-03-09 12:31:00,18.82630950671104
2025-03-09 12:32:00,18.826667623014686
2025-03-09 12:33:00,18.82702935578004
2025-03-09 12:34:00,18.827394704787167
2025-03-09 12:35:00,18.827763669820882
2025-03-09 12:36:00,18.82813625066011
2025-03-09 12:37:00,18.828512447085444
2025-03-09 12:38:00,18.828892258869743
2025-03-09 12:39:00,18.82927568579072
2025-03-09 12:40:00,18.829662727881953
2025-03-09 12:41:00,18.830053384392457
2025-03-09 12:42:00,18.830447655350227
2025-03-09 12:43:00,18.830845540520926
2025-03-09 12:44:00,18.831247039668042
2025-03-09 12:45:00,18.831652152558306
2025-03-09 12:46:00,18.832060878946635
2025-03-09 12:47:00,18.83247321859382
2025-03-09 12:48:00,18.83288917125506
2025-03-09 12:49:00,18.83330873668153
2025-03-09 12:50:00,18.833731914631883
2025-03-09 12:51:00,18.834158705137952
2025-03-09 12:52:00,18.83458910738105
2025-03-09 12:53:00,18.835023121387493
2025-03-09 12:54:00,18.835460746900267
2025-03-09 12:55:00,18.835901983664968
2025-03-09 12:56:00,18.836346831419377
2025-03-09 12:57:00,18.83679528990298
2025-03-09 12:58:00,18.83724735884934
2025-03-09 12:59:00,18.837703037993975
2025-03-09 13:00:00,18.838162327070876
2025-03-09 13:01:00,18.838625225804634
2025-03-09 13:02:00,18.839091734241123
2025-03-09 13:03:00,18.83956185147848
2025-03-09 13:04:00,18.840035577550523
2025-03-09 13:05:00,18.84051291218384
2025-03-09 13:06:00,18.84099385509252
2025-03-09 13:07:00,18.841478405999183
2025-03-09 13:08:00,18.841966564616143
2025-03-09 13:09:00,18.842458330661017
2025-03-09 13:10:00,18.84295370384072
2025-03-09 13:11:00,18.843452683865067
2025-03-09 13:12:00,18.84395527044441
2025-03-09 13:13:00,18.84446146328338
2025-03-09 13:14:00,18.84497126242819
2025-03-09 13:15:00,18.845484666896894
2025-03-09 13:16:00,18.846001676730708
2025-03-09 13:17:00,18.846522291624794
2025-03-09 13:18:00,18.847046511276048
2025-03-09 13:19:00,18.84757433538131
2025-03-09 13:20:00,18.848105763625483
2025-03-09 13:21:00,18.848640795702337
2025-03-09 13:22:00,18.849179431299603
2025-03-09 13:23:00,18.84972167009768
2025-03-09 13:24:00,18.850267511788815
2025-03-09 13:25:00,18.850816956417646
2025-03-09 13:26:00,18.85137000292478
2025-03-09 13:27:00,18.851926651362632
2025-03-09 13:28:00,18.85248690140277
2025-03-09 13:29:00,18.853050752719128
2025-03-09 13:30:00,18.853618204980663
2025-03-09 13:31:00,18.85418925785976
2025-03-09 13:32:00,18.854763911022957
2025-03-09 13:33:00,18.855342164134413
2025-03-09 13:34:00,18.855924016859717
2025-03-09 13:35:00,18.856509468864715
2025-03-09 13:36:00,18.857098520193134
2025-03-09 13:37:00,18.857691169723083
2025-03-09 13:38:00,18.858287417501842
2025-03-09 13:39:00,18.858887263176044
2025-03-09 13:40:00,18.859490706404884
2025-03-09 13:41:00,18.86009774683818
2025-03-09 13:42:00,18.86070838412084
2025-03-09 13:43:00,18.86132261789595
2025-03-09 13:44:00,18.86194044781324
2025-03-09 13:45:00,18.862561873508596
2025-03-09 13:46:00,18.863186894625244
2025-03-09 13:47:00,18.86381551122281
2025-03-09 13:48:00,18.864447722092848
2025-03-09 13:49:00,18.86508352729045
2025-03-09 13:50:00,18.86572292644925
2025-03-09 13:51:00,18.866365919194664
2025-03-09 13:52:00,18.86701250515948
2025-03-09 13:53:00,18.867662683961626
2025-03-09 13:54:00,18.868316455235274
2025-03-09 13:55:00,18.868973818595947
2025-03-09 13:56:00,18.869634773665354
2025-03-09 13:57:00,18.870299320058635
2025-03-09 13:58:00,18.870967457393476
2025-03-09 13:59:00,18.871639185738715
2025-03-09 14:00:00,18.87231450380041
2025-03-09 14:01:00,18.87299341164089
2025-03-09 14:02:00,18.873675908868464
2025-03-09 14:03:00,18.874361995087824
2025-03-09 14:04:00,18.875051669905375
2025-03-09 14:05:00,18.875744932920128
2025-03-09 14:06:00,18.87644178373432
2025-03-09 14:07:00,18.877142221948347
2025-03-09 14:08:00,18.877846247148284
2025-03-09 14:09:00,18.878553858944684
2025-03-09 14:10:00,18.879265057400474
2025-03-09 14:11:00,18.879979841145627
2025-03-09 14:12:00,18.88069821025249
2025-03-09 14:13:00,18.881420164304387
2025-03-09 14:14:00,18.88214570288831
2025-03-09 14:15:00,18.882874825587066
2025-03-09 14:16:00,18.883607531977844
2025-03-09 14:17:00,18.8843438216456
2025-03-09 14:18:00,18.885083694159945
2025-03-09 14:19:00,18.885827149099768
2025-03-09 14:20:00,18.886574186036455
2025-03-09 14:21:00,18.88732480504315
2025-03-09 14:22:00,18.888079004689985
2025-03-09 14:23:00,18.888836785039814
2025-03-09 14:24:00,18.889598145658326
2025-03-09 14:25:00,18.890363086112856
2025-03-09 14:26:00,18.89113160596122
2025-03-09 14:27:00,18.891903704764957
2025-03-09 14:28:00,18.89267938207408
2025-03-09 14:29:00,18.89345863745625
2025-03-09 14:30:00,18.894241470455356
2025-03-09 14:31:00,18.895027880627424
2025-03-09 14:32:00,18.895817868052475
2025-03-09 14:33:00,18.89661143121704
2025-03-09 14:34:00,18.8974085701969
2025-03-09 14:35:00,18.898209284542276
2025-03-09 14:36:00,18.899013573785638
2025-03-09 14:37:00,18.899821437467253
2025-03-09 14:38:00,18.900632875131663
2025-03-09 14:39:00,18.90144788631153
2025-03-09 14:40:00,18.90226647053734
2025-03-09 14:41:00,18.903088627352076
2025-03-09 14:42:00,18.90391435628031
2025-03-09 14:43:00,18.90474365684493
2025-03-09 14:44:00,18.905576529141953
2025-03-09 14:45:00,18.90641297157103
2025-03-09 14:46:00,18.907252984217934
2025-03-09 14:47:00,18.908096566601785
2025-03-09 14:48:00,18.90894371824608
2025-03-09 14:49:00,18.909794438660057
2025-03-09 14:50:00,18.91064872735926
2025-03-09 14:51:00,18.91150658386337
2025-03-09 14:52:00,18.912368007682403
2025-03-09 14:53:00,18.913232998323934
2025-03-09 14:54:00,18.914101555291595
2025-03-09 14:55:00,18.914973678682756
2025-03-09 14:56:00,18.915849366832006
2025-03-09 14:57:00,18.916728619826287
2025-03-09 14:58:00,18.917611437155088
2025-03-09 14:59:00,18.91849781832569
2025-03-09 15:00:00,18.919387762834546
2025-03-09 15:01:00,18.920281270176446
2025-03-09 15:02:00,18.92117833983741
2025-03-09 15:03:00,18.922078971313027
2025-03-09 15:04:00,18.922983164092315
2025-03-09 15:05:00,18.923890917662206
2025-03-09 15:06:00,18.924802232110252
2025-03-09 15:07:00,18.92571710571582
2025-03-09 15:08:00,18.926635538553086
2025-03-09 15:09:00,18.927557530110874
2025-03-09 15:10:00,18.928483079864776
2025-03-09 15:11:00,18.929412187290595
2025-03-09 15:12:00,18.93034485185538
2025-03-09 15:13:00,18.93128107304048
2025-03-09 15:14:00,18.932220850313925
2025-03-09 15:15:00,18.93316418313485
2025-03-09 15:16:00,18.934111070978872
2025-03-09 15:17:00,18.93506151395067
2025-03-09 15:18:00,18.936015510228785
2025-03-09 15:19:00,18.93697305991371
2025-03-09 15:20:00,18.937934162471777
2025-03-09 15:21:00,18.938898817348445
2025-03-09 15:22:00,18.939867024001146
2025-03-09 15:23:00,18.940838781888303
2025-03-09 15:24:00,18.941814090461605
2025-03-09 15:25:00,18.942792949163476
2025-03-09 15:26:00,18.943775357446853
2025-03-09 15:27:00,18.944761314755084
2025-03-09 15:28:00,18.94575082052799
2025-03-09 15:29:00,18.94674387489289
2025-03-09 15:30:00,18.947740475934296
2025-03-09 15:31:00,18.948740623764124
2025-03-09 15:32:00,18.9497443178291
2025-03-09 15:33:00,18.95075155755427
2025-03-09 15:34:00,18.951762342370486
2025-03-09 15:35:00,18.952776671711405
2025-03-09 15:36:00,18.95379454501139
2025-03-09 15:37:00,18.95481596169087
2025-03-09 15:38:00,18.955840921175465
2025-03-09 15:39:00,18.95686942289433
2025-03-09 15:40:00,18.9579014669538
2025-03-09 15:41:00,18.95893705140307
2025-03-09 15:42:00,18.95997617633975
2025-03-09 15:43:00,18.961018841185776
2025-03-09 15:44:00,18.962065045348268
2025-03-09 15:45:00,18.963114788247992
2025-03-09 15:46:00,18.96416806929875
2025-03-09 15:47:00,18.965224887896852
2025-03-09 15:48:00,18.966285243457705
2025-03-09 15:49:00,18.967349135392396
2025-03-09 15:50:00,18.96841656309168
2025-03-09 15:51:00,18.96948752668621
2025-03-09 15:52:00,18.970562024132136
2025-03-09 15:53:00,18.97164005555146
2025-03-09 15:54:00,18.972721620335406
2025-03-09 15:55:00,18.9738067178898
2025-03-09 15:56:00,18.974895347591627
2025-03-09 15:57:00,18.97598750883475
2025-03-09 15:58:00,18.977083201022012
2025-03-09 15:59:00,18.97818242352787
2025-03-09 16:00:00,18.979285175740827
2025-03-09 16:01:00,18.980391457044618
2025-03-09 16:02:00,18.98150126756606
2025-03-09 16:03:00,18.982614605199515
2025-03-09 16:04:00,18.98373147006849
2025-03-09 16:05:00,18.984851861541216
2025-03-09 16:06:00,18.985975778996064
2025-03-09 16:07:00,18.98710322181141
2025-03-09 16:08:00,18.98823418935342
2025-03-09 16:09:00,18.98936868099203
2025-03-09 16:10:00,18.990506696095224
2025-03-09 16:11:00,18.991648234026215
2025-03-09 16:12:00,18.99279329416069
2025-03-09 16:13:00,18.993941875844527
2025-03-09 16:14:00,18.995093979222148
2025-03-09 16:15:00,18.99624960210197
2025-03-09 16:16:00,18.997408744622575
2025-03-09 16:17:00,18.998571406125166
2025-03-09 16:18:00,18.9997375859693
2025-03-09 16:19:00,19.00090728350716
2025-03-09 16:20:00,19.002080498094685
2025-03-09 16:21:00,19.003257229071664
2025-03-09 16:22:00,19.004437475787782
2025-03-09 16:23:00,19.005621237590972
2025-03-09 16:24:00,19.006808513815812
2025-03-09 16:25:00,19.007999304607623
2025-03-09 16:26:00,19.00919360770932
2025-03-09 16:27:00,19.01039142325743
2025-03-09 16:28:00,19.011592750579567
2025-03-09 16:29:00,19.012797589024828
2025-03-09 16:30:00,19.014005937911122
2025-03-09 16:31:00,19.015217796581496
2025-03-09 16:32:00,19.016433164356087
2025-03-09 16:33:00,19.01765204056248
2025-03-09 16:34:00,19.018874424526345
2025-03-09 16:35:00,19.020100315571767
2025-03-09 16:36:00,19.021329713860197
2025-03-09 16:37:00,19.02256261704217
2025-03-09 16:38:00,19.02379902526738
2025-03-09 16:39:00,19.025038937855783
2025-03-09 16:40:00,19.026282354116816
2025-03-09 16:41:00,19.027529273370277
2025-03-09 16:42:00,19.02877969492485
2025-03-09 16:43:00,19.030033618084616
2025-03-09 16:44:00,19.031291042170494
2025-03-09 16:45:00,19.032551966473733
2025-03-09 16:46:00,19.033816390311742
2025-03-09 16:47:00,19.035084313831504
2025-03-09 16:48:00,19.036355734646435
2025-03-09 16:49:00,19.037630652888566
2025-03-09 16:50:00,19.038909067862207
2025-03-09 16:51:00,19.040190978864047
2025-03-09 16:52:00,19.041476385185405
2025-03-09 16:53:00,19.042765286132195
2025-03-09 16:54:00,19.04405768097662
2025-03-09 16:55:00,19.04535356901492
2025-03-09 16:56:00,19.046652949547664
2025-03-09 16:57:00,19.047955821841825
2025-03-09 16:58:00,19.049262185191864
2025-03-09 16:59:00,19.05057203975845
2025-03-09 17:00:00,19.051885383062896
2025-03-09 17:01:00,19.053202215266694
2025-03-09 17:02:00,19.054522535650918
2025-03-09 17:03:00,19.05584634347217
2025-03-09 17:04:00,19.057173638024494
2025-03-09 17:05:00,19.058504418574245
2025-03-09 17:06:00,19.05983868439219
2025-03-09 17:07:00,19.061176434741583
2025-03-09 17:08:00,19.062517668903027
2025-03-09 17:09:00,19.0638623861295
2025-03-09 17:10:00,19.065210586599022
2025-03-09 17:11:00,19.066562267756055
2025-03-09 17:12:00,19.067917429779527
2025-03-09 17:13:00,19.069276071915652
2025-03-09 17:14:00,19.070638193425438
2025-03-09 17:15:00,19.072003793568186
2025-03-09 17:16:00,19.073372871588376
2025-03-09 17:17:00,19.074745426748848
2025-03-09 17:18:00,19.07612145829728
2025-03-09 17:19:00,19.07750096548648
2025-03-09 17:20:00,19.078883947547325
2025-03-09 17:21:00,19.080270404685805
2025-03-09 17:22:00,19.081660334256185
2025-03-09 17:23:00,19.083053736452086
2025-03-09 17:24:00,19.08445061050095
2025-03-09 17:25:00,19.085850955652873
2025-03-09 17:26:00,19.087254771135363
2025-03-09 17:27:00,19.088662056188042
2025-03-09 17:28:00,19.090072810045527
2025-03-09 17:29:00,19.09148703194461
2025-03-09 17:30:00,19.092904721112873
2025-03-09 17:31:00,19.09432587677668
2025-03-09 17:32:00,19.095750499122573
2025-03-09 17:33:00,19.097178585473102
2025-03-09 17:34:00,19.09861013600225
2025-03-09 17:35:00,19.100045149926174
2025-03-09 17:36:00,19.10148362647365
2025-03-09 17:37:00,19.10292556486101
2025-03-09 17:38:00,19.104370964313887
2025-03-09 17:39:00,19.105819824038406
2025-03-09 17:40:00,19.107272143256722
2025-03-09 17:41:00,19.108727921182606
2025-03-09 17:42:00,19.110187157020647
2025-03-09 17:43:00,19.111649849988623
2025-03-09 17:44:00,19.1131160002777
2025-03-09 17:45:00,19.114585605114215
2025-03-09 17:46:00,19.116058664716547
2025-03-09 17:47:00,19.11753517826682
2025-03-09 17:48:00,19.119015144963967
2025-03-09 17:49:00,19.120498564012024
2025-03-09 17:50:00,19.121985434621564
2025-03-09 17:51:00,19.123475755975136
2025-03-09 17:52:00,19.124969527280058
2025-03-09 17:53:00,19.126466747715767
2025-03-09 17:54:00,19.127967416501335
2025-03-09 17:55:00,19.129471533805983
2025-03-09 17:56:00,19.130979096824433
2025-03-09 17:57:00,19.132490105743187
2025-03-09 17:58:00,19.134004559744795
2025-03-09 17:59:00,19.13552245802181
2025-03-09 18:00:00,19.137043799757564
2025-03-09 18:01:00,19.13856858412649
2025-03-09 18:02:00,19.140096810308634
2025-03-09 18:03:00,19.141628477497818
2025-03-09 18:04:00,19.143163584856353
2025-03-09 18:05:00,19.1447021315594
2025-03-09 18:06:00,19.146244117822135
2025-03-09 18:07:00,19.1477895407412
2025-03-09 18:08:00,19.149338400533722
2025-03-09 18:09:00,19.15089069635762
2025-03-09 18:10:00,19.152446427380738
2025-03-09 18:11:00,19.154005592769238
2025-03-09 18:12:00,19.155568191699473
2025-03-09 18:13:00,19.157134223322956
2025-03-09 18:14:00,19.158703686786154
2025-03-09 18:15:00,19.160276581287334
2025-03-09 18:16:00,19.161852905954362
2025-03-09 18:17:00,19.163432661022384
2025-03-09 18:18:00,19.165015843508428
2025-03-09 18:19:00,19.166602453634496
2025-03-09 18:20:00,19.168192490552997
2025-03-09 18:21:00,19.169785953430633
2025-03-09 18:22:00,19.17138284139314
2025-03-09 18:23:00,19.172983153600228
2025-03-09 18:24:00,19.174586889182507
2025-03-09 18:25:00,19.1761940473084
2025-03-09 18:26:00,19.17780462710941
2025-03-09 18:27:00,19.179418627715435
2025-03-09 18:28:00,19.181036048290665
2025-03-09 18:29:00,19.182656889039976
2025-03-09 18:30:00,19.184281146938744
2025-03-09 18:31:00,19.18590882221062
2025-03-09 18:32:00,19.18753991398583
2025-03-09 18:33:00,19.189174421385218
2025-03-09 18:34:00,19.1908123435598
2025-03-09 18:35:00,19.192453679623668
2025-03-09 18:36:00,19.19409842871299
2025-03-09 18:37:00,19.195746589954524
2025-03-09 18:38:00,19.197398162477867
2025-03-09 18:39:00,19.199053145390323
2025-03-09 18:40:00,19.200711538946095
2025-03-09 18:41:00,19.202373340025105
2025-03-09 18:42:00,19.204038548864318
2025-03-09 18:43:00,19.205707164589413
2025-03-09 18:44:00,19.20737918631295
2025-03-09 18:45:00,19.20905461314159
2025-03-09 18:46:00,19.21073344419726
2025-03-09 18:47:00,19.21241567858341
2025-03-09 18:48:00,19.214101315418944
2025-03-09 18:49:00,19.215790353813134
2025-03-09 18:50:00,19.217482792856813
2025-03-09 18:51:00,19.219178632821652
2025-03-09 18:52:00,19.220877870517043
2025-03-09 18:53:00,19.222580506192813
2025-03-09 18:54:00,19.224286538946444
2025-03-09 18:55:00,19.225995967874354
2025-03-09 18:56:00,19.227708792079454
2025-03-09 18:57:00,19.229425010659156
2025-03-09 18:58:00,19.231144622713828
2025-03-09 18:59:00,19.232867627325348
2025-03-09 19:00:00,19.23459402360386
2025-03-09 19:01:00,19.23632381062822
2025-03-09 19:02:00,19.238056988654378
2025-03-09 19:03:00,19.239793554446408
2025-03-09 19:04:00,19.241533508263657
2025-03-09 19:05:00,19.24327684916645
2025-03-09 19:06:00,19.245023576264884
2025-03-09 19:07:00,19.246773688638086
2025-03-09 19:08:00,19.248527185350355
2025-03-09 19:09:00,19.250284065499258
2025-03-09 19:10:00,19.25204432816365
2025-03-09 19:11:00,19.25380797240817
2025-03-09 19:12:00,19.25557499731309
2025-03-09 19:13:00,19.25734540195714
2025-03-09 19:14:00,19.259119186606895
2025-03-09 19:15:00,19.26089634795028
2025-03-09 19:16:00,19.262676886248656
2025-03-09 19:17:00,19.264460800562077
2025-03-09 19:18:00,19.26624808996263
2025-03-09 19:19:00,19.268038753525403
2025-03-09 19:20:00,19.269832790315064
2025-03-09 19:21:00,19.271630199373178
2025-03-09 19:22:00,19.273430979783754
2025-03-09 19:23:00,19.275235130598602
2025-03-09 19:24:00,19.27704265088606
2025-03-09 19:25:00,19.278853540908358
2025-03-09 19:26:00,19.28066779729751
2025-03-09 19:27:00,19.282485420320057
2025-03-09 19:28:00,19.284306409029412
2025-03-09 19:29:00,19.286130762482514
2025-03-09 19:30:00,19.28795847973072
2025-03-09 19:31:00,19.28978955981424
2025-03-09 19:32:00,19.29162400179061
2025-03-09 19:33:00,19.2934618046976
2025-03-09 19:34:00,19.295302967594665
2025-03-09 19:35:00,19.297147489525713
2025-03-09 19:36:00,19.298995370749097
2025-03-09 19:37:00,19.3008466078642
2025-03-09 19:38:00,19.302701201115084
2025-03-09 19:39:00,19.30455914955894
2025-03-09 19:40:00,19.306420452228494
2025-03-09 19:41:00,19.308285108159964
2025-03-09 19:42:00,19.310153116397117
2025-03-09 19:43:00,19.31202447595524
2025-03-09 19:44:00,19.31389918588927
2025-03-09 19:45:00,19.315777245206846
2025-03-09 19:46:00,19.317658652956027
2025-03-09 19:47:00,19.31954340942302
2025-03-09 19:48:00,19.321431511097273
2025-03-09 19:49:00,19.323322958274062
2025-03-09 19:50:00,19.32521774997754
2025-03-09 19:51:00,19.327115885249142
2025-03-09 19:52:00,19.329017363087004
2025-03-09 19:53:00,19.330922182501823
2025-03-09 19:54:00,19.3328303425359
2025-03-09 19:55:00,19.33474184219739
2025-03-09 19:56:00,19.33665668050719
2025-03-09 19:57:00,19.338574856480307
2025-03-09 19:58:00,19.34049636912067
2025-03-09 19:59:00,19.34242121873514
2025-03-09 20:00:00,19.344349401767175
2025-03-09 20:01:00,19.34628091849956
2025-03-09 20:02:00,19.348215767945447
2025-03-09 20:03:00,19.350153949116688
2025-03-09 20:04:00,19.352095461009625
2025-03-09 20:05:00,19.35404030264789
2025-03-09 20:06:00,19.35598847301084
2025-03-09 20:07:00,19.35793997111469
2025-03-09 20:08:00,19.35989479595537
2025-03-09 20:09:00,19.36185294653241
2025-03-09 20:10:00,19.363814423162623
2025-03-09 20:11:00,19.365779222226777
2025-03-09 20:12:00,19.367747343993543
2025-03-09 20:13:00,19.369718787505633
2025-03-09 20:14:00,19.37169355172219
2025-03-09 20:15:00,19.373671635644698
2025-03-09 20:16:00,19.375653038268467
2025-03-09 20:17:00,19.37763775858268
2025-03-09 20:18:00,19.37962579558051
2025-03-09 20:19:00,19.381617148219192
2025-03-09 20:20:00,19.383611815518464
2025-03-09 20:21:00,19.38560979779119
2025-03-09 20:22:00,19.387611091345832
2025-03-09 20:23:00,19.38961569648548
2025-03-09 20:24:00,19.39162361221031
2025-03-09 20:25:00,19.39363483748987
2025-03-09 20:26:00,19.39564937130693
2025-03-09 20:27:00,19.39766721263851
2025-03-09 20:28:00,19.39968836045007
2025-03-09 20:29:00,19.401712813725936
2025-03-09 20:30:00,19.40374057144416
2025-03-09 20:31:00,19.405771632571515
2025-03-09 20:32:00,19.40780599743185
2025-03-09 20:33:00,19.409843662275662
2025-03-09 20:34:00,19.411884627437146
2025-03-09 20:35:00,19.413928891888006
2025-03-09 20:36:00,19.415976454584268
2025-03-09 20:37:00,19.41802731449542
2025-03-09 20:38:00,19.42008147057966
2025-03-09 20:39:00,19.42213892180932
2025-03-09 20:40:00,19.424199667125023
2025-03-09 20:41:00,19.426263705511943
2025-03-09 20:42:00,19.428331035923364
2025-03-09 20:43:00,19.430401657306746
2025-03-09 20:44:00,19.432475570007412
2025-03-09 20:45:00,19.434552770219213
2025-03-09 20:46:00,19.436633258257316
2025-03-09 20:47:00,19.4387170330899
2025-03-09 20:48:00,19.440804093673293
2025-03-09 20:49:00,19.442894438962796
2025-03-09 20:50:00,19.444988067887067
2025-03-09 20:51:00,19.447084979404025
2025-03-09 20:52:00,19.449185172465675
2025-03-09 20:53:00,19.451288646001885
2025-03-09 20:54:00,19.453395398977804
2025-03-09 20:55:00,19.45550543174477
2025-03-09 20:56:00,19.45761874041486
2025-03-09 20:57:00,19.459735325324715
2025-03-09 20:58:00,19.461855185450148
2025-03-09 20:59:00,19.463978319703827
2025-03-09 21:00:00,19.466104727023108
2025-03-09 21:01:00,19.46823440635451
2025-03-09 21:02:00,19.470367356633076
2025-03-09 21:03:00,19.472503576787545
2025-03-09 21:04:00,19.474643065750797
2025-03-09 21:05:00,19.476785822459348
2025-03-09 21:06:00,19.478931847281487
2025-03-09 21:07:00,19.4810811362683
2025-03-09 21:08:00,19.48323368978859
2025-03-09 21:09:00,19.485389506758807
2025-03-09 21:10:00,19.48754858612604
2025-03-09 21:11:00,19.48971092680455
2025-03-09 21:12:00,19.491876527701933
2025-03-09 21:13:00,19.494045387751484
2025-03-09 21:14:00,19.49621750589587
2025-03-09 21:15:00,19.498392881034164
2025-03-09 21:16:00,19.500571512085358
2025-03-09 21:17:00,19.50275339943991
2025-03-09 21:18:00,19.5049385390884
2025-03-09 21:19:00,19.507126931389976
2025-03-09 21:20:00,19.509318575297016
2025-03-09 21:21:00,19.51151346968537
2025-03-09 21:22:00,19.51371161348932
2025-03-09 21:23:00,19.515913005614664
2025-03-09 21:24:00,19.518117644977195
2025-03-09 21:25:00,19.520325530486204
2025-03-09 21:26:00,19.522536661028184
2025-03-09 21:27:00,19.524751035537236
2025-03-09 21:28:00,19.526968652913723
2025-03-09 21:29:00,19.52918951355059
2025-03-09 21:30:00,19.53141361336722
2025-03-09 21:31:00,19.533640952757423
2025-03-09 21:32:00,19.535871530633926
2025-03-09 21:33:00,19.53810534588031
2025-03-09 21:34:00,19.54034239741307
2025-03-09 21:35:00,19.54258268411391
2025-03-09 21:36:00,19.544826204896637
2025-03-09 21:37:00,19.54707295865198
2025-03-09 21:38:00,19.549322944269747
2025-03-09 21:39:00,19.55157616063866
2025-03-09 21:40:00,19.553832608190575
2025-03-09 21:41:00,19.556092282775012
2025-03-09 21:42:00,19.558355184792035
2025-03-09 21:43:00,19.560621313137034
2025-03-09 21:44:00,19.56289066670469
2025-03-09 21:45:00,19.565163244377118
2025-03-09 21:46:00,19.56743904504674
2025-03-09 21:47:00,19.569718067588013
2025-03-09 21:48:00,19.572000310880256
2025-03-09 21:49:00,19.57428577383493
2025-03-09 21:50:00,19.57657445531791
2025-03-09 21:51:00,19.578866355746
2025-03-09 21:52:00,19.58116147094863
2025-03-09 21:53:00,19.583459801309857
2025-03-09 21:54:00,19.585761345714076
2025-03-09 21:55:00,19.58806610306131
2025-03-09 21:56:00,19.59037407221666
2025-03-09 21:57:00,19.592685252038848
2025-03-09 21:58:00,19.594999641435976
2025-03-09 21:59:00,19.5973172392534
2025-03-09 22:00:00,19.59963804437487
2025-03-09 22:01:00,19.60196205567162
2025-03-09 22:02:00,19.60428927357873
2025-03-09 22:03:00,19.606619693832926
2025-03-09 22:04:00,19.608953316870696
2025-03-09 22:05:00,19.61129014157676
2025-03-09 22:06:00,19.61363016678881
2025-03-09 22:07:00,19.615973391389602
2025-03-09 22:08:00,19.61831981423755
2025-03-09 22:09:00,19.62066943419626
2025-03-09 22:10:00,19.623022250139798
2025-03-09 22:11:00,19.625378260906444
2025-03-09 22:12:00,19.62773746537978
2025-03-09 22:13:00,19.630099862419442
2025-03-09 22:14:00,19.632465452451044
2025-03-09 22:15:00,19.634834231176825
2025-03-09 22:16:00,19.637206199030203
2025-03-09 22:17:00,19.639581354883873
2025-03-09 22:18:00,19.641959697575274
2025-03-09 22:19:00,19.64434122595803
2025-03-09 22:20:00,19.646725938885055
2025-03-09 22:21:00,19.64911383521944
2025-03-09 22:22:00,19.65150491383001
2025-03-09 22:23:00,19.653899173519505
2025-03-09 22:24:00,19.65629661317206
2025-03-09 22:25:00,19.658697233225993
2025-03-09 22:26:00,19.661101029332215
2025-03-09 22:27:00,19.663508001930992
2025-03-09 22:28:00,19.66591814986137
2025-03-09 22:29:00,19.668331471979457
2025-03-09 22:30:00,19.670747967140414
2025-03-09 22:31:00,19.673167634162752
2025-03-09 22:32:00,19.675590471905707
2025-03-09 22:33:00,19.67801647919194
2025-03-09 22:34:00,19.68044565487888
2025-03-09 22:35:00,19.682877997799125
2025-03-09 22:36:00,19.68531350842771
2025-03-09 22:37:00,19.687752182328992
2025-03-09 22:38:00,19.690194019973916
2025-03-09 22:39:00,19.692639020209498
2025-03-09 22:40:00,19.695087181845693
2025-03-09 22:41:00,19.697538503739764
2025-03-09 22:42:00,19.69999298471187
2025-03-09 22:43:00,19.70245062359932
2025-03-09 22:44:00,19.704911419238556
2025-03-09 22:45:00,19.707375370434903
2025-03-09 22:46:00,19.70984247602918
2025-03-09 22:47:00,19.712312736521554
2025-03-09 22:48:00,19.714786147426224
2025-03-09 22:49:00,19.717262709203084
2025-03-09 22:50:00,19.719742420701564
2025-03-09 22:51:00,19.722225280721602
2025-03-09 22:52:00,19.724711288104544
2025-03-09 22:53:00,19.727200441679017
2025-03-09 22:54:00,19.729692740242
2025-03-09 22:55:00,19.7321881826267
2025-03-09 22:56:00,19.73468676767692
2025-03-09 22:57:00,19.737188494175157
2025-03-09 22:58:00,19.73969336095766
2025-03-09 22:59:00,19.74220136852766
2025-03-09 23:00:00,19.744712512331674
2025-03-09 23:01:00,19.74722679287514
2025-03-09 23:02:00,19.749744208941763
2025-03-09 23:03:00,19.7522647594009
2025-03-09 23:04:00,19.75478844300983
2025-03-09 23:05:00,19.757315258623862
2025-03-09 23:06:00,19.759845205035518
2025-03-09 23:07:00,19.762378281061515
2025-03-09 23:08:00,19.764914485492554
2025-03-09 23:09:00,19.76745381716232
2025-03-09 23:10:00,19.769996276574915
2025-03-09 23:11:00,19.77254185914039
2025-03-09 23:12:00,19.775090565340577
2025-03-09 23:13:00,19.77764239400547
2025-03-09 23:14:00,19.780197343933693
2025-03-09 23:15:00,19.782755413934908
2025-03-09 23:16:00,19.785316602812173
2025-03-09 23:17:00,19.78788090933591
2025-03-09 23:18:00,19.790448332351232
2025-03-09 23:19:00,19.793018870646236
2025-03-09 23:20:00,19.795592523013937
2025-03-09 23:21:00,19.79816928998521
2025-03-09 23:22:00,19.800749166902264
2025-03-09 23:23:00,19.80333215427973
2025-03-09 23:24:00,19.805918250938916
2025-03-09 23:25:00,19.808507455669258
2025-03-09 23:26:00,19.811099767246546
2025-03-09 23:27:00,19.813695184464407
2025-03-09 23:28:00,19.81629370614789
2025-03-09 23:29:00,19.818895331076632
2025-03-09 23:30:00,19.821500058029514
2025-03-09 23:31:00,19.824107885803443
2025-03-09 23:32:00,19.82671881495635
2025-03-09 23:33:00,19.829332840750467
2025-03-09 23:34:00,19.831949963745984
2025-03-09 23:35:00,19.834570182724462
2025-03-09 23:36:00,19.837193496446815
2025-03-09 23:37:00,19.839819903757075
2025-03-09 23:38:00,19.84244940339555
2025-03-09 23:39:00,19.845081994166023
2025-03-09 23:40:00,19.8477176748396
2025-03-09 23:41:00,19.850356444205374
2025-03-09 23:42:00,19.852998301058875
2025-03-09 23:43:00,19.855643244161925
2025-03-09 23:44:00,19.858291274094825
2025-03-09 23:45:00,19.86094238606013
2025-03-09 23:46:00,19.8635965806412
2025-03-09 23:47:00,19.866253856583754
2025-03-09 23:48:00,19.868914212704567
2025-03-09 23:49:00,19.87157764774831
2025-03-09 23:50:00,19.874244160503892
2025-03-09 23:51:00,19.876913749766715
2025-03-09 23:52:00,19.879586414278776
2025-03-09 23:53:00,19.882262152827224
2025-03-09 23:54:00,19.884940964198506
2025-03-09 23:55:00,19.887622848954535
2025-03-09 23:56:00,19.890307802270584
2025-03-09 23:57:00,19.89299582472519
2025-03-09 23:58:00,19.895686915062143
2025-03-09 23:59:00,19.89838107208402
2025-03-10 00:00:00,19.901078294540113
2025-03-10 00:01:00,19.903778581225268
2025-03-10 00:02:00,19.906481930860394
2025-03-10 00:03:00,19.90918834227206
2025-03-10 00:04:00,19.911897814186602
2025-03-10 00:05:00,19.914610345369482
2025-03-10 00:06:00,19.91732593642368
2025-03-10 00:07:00,19.920044582478397
2025-03-10 00:08:00,19.9227662840933
2025-03-10 00:09:00,19.925491040051043
2025-03-10 00:10:00,19.928218849106898
2025-03-10 00:11:00,19.93094971000862
2025-03-10 00:12:00,19.933683621550088
2025-03-10 00:13:00,19.936420582471342
2025-03-10 00:14:00,19.939160591544777
2025-03-10 00:15:00,19.94190364749545
2025-03-10 00:16:00,19.94464974911446
2025-03-10 00:17:00,19.9473988970002
2025-03-10 00:18:00,19.950151086222235
2025-03-10 00:19:00,19.952906317375394
2025-03-10 00:20:00,19.955664589208013
2025-03-10 00:21:00,19.958425900481288
2025-03-10 00:22:00,19.961190249969164
2025-03-10 00:23:00,19.9639576364045
2025-03-10 00:24:00,19.966728058526343
2025-03-10 00:25:00,19.969501515106515
2025-03-10 00:26:00,19.972278004909953
2025-03-10 00:27:00,19.97505752667334
2025-03-10 00:28:00,19.977840079133173
2025-03-10 00:29:00,19.980625662930947
2025-03-10 00:30:00,19.983414273066174
2025-03-10 00:31:00,19.98620591014995
2025-03-10 00:32:00,19.989000572963818
2025-03-10 00:33:00,19.991798260206338
2025-03-10 00:34:00,19.994598970657876
2025-03-10 00:35:00,19.997402703063557
2025-03-10 00:36:00,20.00020945615458
2025-03-10 00:37:00,20.003019228667938
2025-03-10 00:38:00,20.00583201938835
2025-03-10 00:39:00,20.008647827010464
2025-03-10 00:40:00,20.011466652205343
2025-03-10 00:41:00,20.01428848990699
2025-03-10 00:42:00,20.017113340769527
2025-03-10 00:43:00,20.019941203512474
2025-03-10 00:44:00,20.022772076889254
2025-03-10 00:45:00,20.0256059596462
2025-03-10 00:46:00,20.028442850514693
2025-03-10 00:47:00,20.031282748232584
2025-03-10 00:48:00,20.034125651530218
2025-03-10 00:49:00,20.036971559172173
2025-03-10 00:50:00,20.03982046985965
2025-03-10 00:51:00,20.042672384265458
2025-03-10 00:52:00,20.045527297286668
2025-03-10 00:53:00,20.04838520959285
2025-03-10 00:54:00,20.051246119889797
2025-03-10 00:55:00,20.05411002693151
2025-03-10 00:56:00,20.05697692942971
2025-03-10 00:57:00,20.059846826151215
2025-03-10 00:58:00,20.062719715806395
2025-03-10 00:59:00,20.06559559712599
2025-03-10 01:00:00,20.0684744688332
2025-03-10 01:01:00,20.071356329685813
2025-03-10 01:02:00,20.074241180323412
2025-03-10 01:03:00,20.077129015612968
2025-03-10 01:04:00,20.0800198362264
2025-03-10 01:05:00,20.082913640883888
2025-03-10 01:06:00,20.085810428326525
2025-03-10 01:07:00,20.08871019724478
2025-03-10 01:08:00,20.091612946414287
2025-03-10 01:09:00,20.094518674517417
2025-03-10 01:10:00,20.097427380314286
2025-03-10 01:11:00,20.10033906249319
2025-03-10 01:12:00,20.103253719813353
2025-03-10 01:13:00,20.106171350990635
2025-03-10 01:14:00,20.10909195668843
2025-03-10 01:15:00,20.11201553171952
2025-03-10 01:16:00,20.114942076787486
2025-03-10 01:17:00,20.1178715905842
2025-03-10 01:18:00,20.120804071837256
2025-03-10 01:19:00,20.12373951928764
2025-03-10 01:20:00,20.126677931633196
2025-03-10 01:21:00,20.129619307606703
2025-03-10 01:22:00,20.1325636459119
2025-03-10 01:23:00,20.135510945280757
2025-03-10 01:24:00,20.138461204423137
2025-03-10 01:25:00,20.141414424040207
2025-03-10 01:26:00,20.14437059888772
2025-03-10 01:27:00,20.14732972967849
2025-03-10 01:28:00,20.15029181509132
2025-03-10 01:29:00,20.15325685386938
2025-03-10 01:30:00,20.156224844726864
2025-03-10 01:31:00,20.159195786369935
2025-03-10 01:32:00,20.16216967751882
2025-03-10 01:33:00,20.16514651687112
2025-03-10 01:34:00,20.168126303168293
2025-03-10 01:35:00,20.171109035085152
2025-03-10 01:36:00,20.174094713368135
2025-03-10 01:37:00,20.177083332717146
2025-03-10 01:38:00,20.180074893838977
2025-03-10 01:39:00,20.183069395443226
2025-03-10 01:40:00,20.186066836246326
2025-03-10 01:41:00,20.189067214934724
2025-03-10 01:42:00,20.192070530275004
2025-03-10 01:43:00,20.19507678090126
2025-03-10 01:44:00,20.198085965564914
2025-03-10 01:45:00,20.20109808297235
2025-03-10 01:46:00,20.2041131318298
2025-03-10 01:47:00,20.207131112848842
2025-03-10 01:48:00,20.210152020717345
2025-03-10 01:49:00,20.2131758561366
2025-03-10 01:50:00,20.216202617818283
2025-03-10 01:51:00,20.219232304495904
2025-03-10 01:52:00,20.222264914835478
2025-03-10 01:53:00,20.22530044756971
2025-03-10 01:54:00,20.228338901363998
2025-03-10 01:55:00,20.231380274957232
2025-03-10 01:56:00,20.234424567043718
2025-03-10 01:57:00,20.237471776309505
2025-03-10 01:58:00,20.240521901485124
2025-03-10 01:59:00,20.243574943292245
2025-03-10 02:00:00,20.246630896359676
2025-03-10 02:01:00,20.249689761413606
2025-03-10 02:02:00,20.25275153716808
2025-03-10 02:03:00,20.25581622231394
2025-03-10 02:04:00,20.258883815564047
2025-03-10 02:05:00,20.261954315578606
2025-03-10 02:06:00,20.265027721114848
2025-03-10 02:07:00,20.26810403081683
2025-03-10 02:08:00,20.271183243418392
2025-03-10 02:09:00,20.274265357615462
2025-03-10 02:10:00,20.277350374123856
2025-03-10 02:11:00,20.280438287562177
2025-03-10 02:12:00,20.283529098666122
2025-03-10 02:13:00,20.28662280613723
2025-03-10 02:14:00,20.28971940867706
2025-03-10 02:15:00,20.292818904971327
2025-03-10 02:16:00,20.295921293690313
2025-03-10 02:17:00,20.29902657358737
2025-03-10 02:18:00,20.302134743293607
2025-03-10 02:19:00,20.305245801546747
2025-03-10 02:20:00,20.30835974700763
2025-03-10 02:21:00,20.31147658047665
2025-03-10 02:22:00,20.314596296450276
2025-03-10 02:23:00,20.31771889574138
2025-03-10 02:24:00,20.320844377009394
2025-03-10 02:25:00,20.323972738959
2025-03-10 02:26:00,20.327103980263786
2025-03-10 02:27:00,20.330238099635523
2025-03-10 02:28:00,20.333375095770137
2025-03-10 02:29:00,20.336514967309427
2025-03-10 02:30:00,20.339657712987076
2025-03-10 02:31:00,20.34280333147477
2025-03-10 02:32:00,20.345951823574907
2025-03-10 02:33:00,20.349103183744504
2025-03-10 02:34:00,20.352257412814296
2025-03-10 02:35:00,20.35541450941578
2025-03-10 02:36:00,20.35857447228082
2025-03-10 02:37:00,20.361737300086347
2025-03-10 02:38:00,20.364902991493935
2025-03-10 02:39:00,20.368071545210952
2025-03-10 02:40:00,20.371242959928964
2025-03-10 02:41:00,20.374417234308424
2025-03-10 02:42:00,20.377594367047863
2025-03-10 02:43:00,20.380774356837918
2025-03-10 02:44:00,20.383957204476317
2025-03-10 02:45:00,20.387142904408833
2025-03-10 02:46:00,20.390331457430577
2025-03-10 02:47:00,20.393522862223037
2025-03-10 02:48:00,20.396717117451686
2025-03-10 02:49:00,20.399914221844057
2025-03-10 02:50:00,20.403114174057364
2025-03-10 02:51:00,20.406316972763804
2025-03-10 02:52:00,20.409522616650833
2025-03-10 02:53:00,20.412731104413737
2025-03-10 02:54:00,20.415942434715944
2025-03-10 02:55:00,20.419156608388036
2025-03-10 02:56:00,20.422373619822594
2025-03-10 02:57:00,20.425593469831966
2025-03-10 02:58:00,20.428816157101735
2025-03-10 02:59:00,20.432041680317283
2025-03-10 03:00:00,20.435270038132245
2025-03-10 03:01:00,20.438501229271168
2025-03-10 03:02:00,20.44173525237069
2025-03-10 03:03:00,20.44497210613116
2025-03-10 03:04:00,20.44821178920472
2025-03-10 03:05:00,20.451454300298693
2025-03-10 03:06:00,20.454699640253153
2025-03-10 03:07:00,20.45794780337637
2025-03-10 03:08:00,20.461198790537182
2025-03-10 03:09:00,20.46445260041041
2025-03-10 03:10:00,20.467709231678242
2025-03-10 03:11:00,20.47096868301459
2025-03-10 03:12:00,20.47423095306094
2025-03-10 03:13:00,20.477496040530824
2025-03-10 03:14:00,20.48076394406519
2025-03-10 03:15:00,20.48403466238493
2025-03-10 03:16:00,20.487308194122377
2025-03-10 03:17:00,20.49058454017532
2025-03-10 03:18:00,20.493863694798648
2025-03-10 03:19:00,20.497145658879816
2025-03-10 03:20:00,20.500430431081924
2025-03-10 03:21:00,20.50371801009247
2025-03-10 03:22:00,20.50700839455797
2025-03-10 03:23:00,20.51030158316513
2025-03-10 03:24:00,20.513597574576366
2025-03-10 03:25:00,20.516896367485856
2025-03-10 03:26:00,20.52019796054732
2025-03-10 03:27:00,20.523502352422256
2025-03-10 03:28:00,20.526809541812327
2025-03-10 03:29:00,20.5301195295618
2025-03-10 03:30:00,20.533432309950342
2025-03-10 03:31:00,20.53674788383624
2025-03-10 03:32:00,20.540066249903873
2025-03-10 03:33:00,20.54338740680504
2025-03-10 03:34:00,20.5467113532239
2025-03-10 03:35:00,20.550038087836114
2025-03-10 03:36:00,20.55336760927659
2025-03-10 03:37:00,20.556699916252953
2025-03-10 03:38:00,20.56003500740772
2025-03-10 03:39:00,20.563372881415773
2025-03-10 03:40:00,20.56671353920416
2025-03-10 03:41:00,20.57005697492754
2025-03-10 03:42:00,20.5734031895109
2025-03-10 03:43:00,20.576752181619767
2025-03-10 03:44:00,20.580103949936245
2025-03-10 03:45:00,20.583458493084592
2025-03-10 03:46:00,20.586815809762555
2025-03-10 03:47:00,20.59017589864314
2025-03-10 03:48:00,20.593538758374834
2025-03-10 03:49:00,20.596904387630047
2025-03-10 03:50:00,20.600272785056603
2025-03-10 03:51:00,20.603643951607992
2025-03-10 03:52:00,20.607017881428476
2025-03-10 03:53:00,20.610394575428145
2025-03-10 03:54:00,20.613774032261944
2025-03-10 03:55:00,20.61715625060158
2025-03-10 03:56:00,20.6205412291347
2025-03-10 03:57:00,20.623928966499193
2025-03-10 03:58:00,20.62731946135773
2025-03-10 03:59:00,20.630712712397596
2025-03-10 04:00:00,20.634108718281027
2025-03-10 04:01:00,20.637507477644945
2025-03-10 04:02:00,20.640908991436575
2025-03-10 04:03:00,20.644313253790486
2025-03-10 04:04:00,20.647720265609877
2025-03-10 04:05:00,20.651130025572613
2025-03-10 04:06:00,20.654542532356643
2025-03-10 04:07:00,20.6579577845977
2025-03-10 04:08:00,20.661375780981643
2025-03-10 04:09:00,20.664796520169006
2025-03-10 04:10:00,20.668220000795046
2025-03-10 04:11:00,20.671646221528448
2025-03-10 04:12:00,20.675075181054353
2025-03-10 04:13:00,20.678506878041006
2025-03-10 04:14:00,20.68194131339665
2025-03-10 04:15:00,20.68537848122699
2025-03-10 04:16:00,20.68881838247991
2025-03-10 04:17:00,20.692261015814992
2025-03-10 04:18:00,20.695706379907833
2025-03-10 04:19:00,20.699154473383672
2025-03-10 04:20:00,20.702605294935125
2025-03-10 04:21:00,20.70605884319555
2025-03-10 04:22:00,20.709515116865504
2025-03-10 04:23:00,20.71297411456105
2025-03-10 04:24:00,20.716435834965992
2025-03-10 04:25:00,20.719900279056787
2025-03-10 04:26:00,20.72336744082199
2025-03-10 04:27:00,20.726837321295463
2025-03-10 04:28:00,20.730309919118
2025-03-10 04:29:00,20.733785232921534
2025-03-10 04:30:00,20.737263261371794
2025-03-10 04:31:00,20.740744003160373
2025-03-10 04:32:00,20.74422745690994
2025-03-10 04:33:00,20.747713621311632
2025-03-10 04:34:00,20.751202494971267
2025-03-10 04:35:00,20.754694076613646
2025-03-10 04:36:00,20.75818836717444
2025-03-10 04:37:00,20.76168536066845
2025-03-10 04:38:00,20.765185058089045
2025-03-10 04:39:00,20.768687458101027
2025-03-10 04:40:00,20.772192559326143
2025-03-10 04:41:00,20.775700360463418
2025-03-10 04:42:00,20.779210860151338
2025-03-10 04:43:00,20.782724057037314
2025-03-10 04:44:00,20.78623994979398
2025-03-10 04:45:00,20.789758537085717
2025-03-10 04:46:00,20.793279817542043
2025-03-10 04:47:00,20.796803792202525
2025-03-10 04:48:00,20.800330454998857
2025-03-10 04:49:00,20.80385980694264
2025-03-10 04:50:00,20.807391846688986
2025-03-10 04:51:00,20.810926572910205
2025-03-10 04:52:00,20.81446398423519
2025-03-10 04:53:00,20.818004079327324
2025-03-10 04:54:00,20.82154685688451
2025-03-10 04:55:00,20.82509231551822
2025-03-10 04:56:00,20.828640453865432
2025-03-10 04:57:00,20.832191270641275
2025-03-10 04:58:00,20.835744764465616
2025-03-10 04:59:00,20.839300936381193
2025-03-10 05:00:00,20.842859780292613
2025-03-10 05:01:00,20.84642129721486
2025-03-10 05:02:00,20.84998548580205
2025-03-10 05:03:00,20.853552344725315
2025-03-10 05:04:00,20.857121872656208
2025-03-10 05:05:00,20.86069406820485
2025-03-10 05:06:00,20.86426893005971
2025-03-10 05:07:00,20.867846456892153
2025-03-10 05:08:00,20.87142664731205
2025-03-10 05:09:00,20.875009499972904
2025-03-10 05:10:00,20.878595015989077
2025-03-10 05:11:00,20.882183189163968
2025-03-10 05:12:00,20.88577402055759
2025-03-10 05:13:00,20.88936750885823
2025-03-10 05:14:00,20.89296365267539
2025-03-10 05:15:00,20.89656245068855
2025-03-10 05:16:00,20.90016390155975
2025-03-10 05:17:00,20.903768003915545
2025-03-10 05:18:00,20.90737475642665
2025-03-10 05:19:00,20.910984157745986
2025-03-10 05:20:00,20.91459620654433
2025-03-10 05:21:00,20.918210903875988
2025-03-10 05:22:00,20.9218282435574
2025-03-10 05:23:00,20.92544822667631
2025-03-10 05:24:00,20.92907085186799
2025-03-10 05:25:00,20.932696117802806
2025-03-10 05:26:00,20.936324023115873
2025-03-10 05:27:00,20.93995456646863
2025-03-10 05:28:00,20.94358774654053
2025-03-10 05:29:00,20.94722356193965
2025-03-10 05:30:00,20.950862011363
2025-03-10 05:31:00,20.95450309343677
2025-03-10 05:32:00,20.958146809296196
2025-03-10 05:33:00,20.961793152638876
2025-03-10 05:34:00,20.96544212463384
2025-03-10 05:35:00,20.969093723906965
2025-03-10 05:36:00,20.972747949093062
2025-03-10 05:37:00,20.97640479888021
2025-03-10 05:38:00,20.980064271894065
2025-03-10 05:39:00,20.983726366804888
2025-03-10 05:40:00,20.987391082265276
2025-03-10 05:41:00,20.99105841690971
2025-03-10 05:42:00,20.994728369417487
2025-03-10 05:43:00,20.998400938449947
2025-03-10 05:44:00,21.002076125083164
2025-03-10 05:45:00,21.00575392308832
2025-03-10 05:46:00,21.009434333557465
2025-03-10 05:47:00,21.01311735514308
2025-03-10 05:48:00,21.016802986524695
2025-03-10 05:49:00,21.020491226327522
2025-03-10 05:50:00,21.024182073195163
2025-03-10 05:51:00,21.027875525825067
2025-03-10 05:52:00,21.03157158285164
2025-03-10 05:53:00,21.035270242900367
2025-03-10 05:54:00,21.038971504686828
2025-03-10 05:55:00,21.04267536928812
2025-03-10 05:56:00,21.046381830428203
2025-03-10 05:57:00,21.050090889227576
2025-03-10 05:58:00,21.05380254433871
2025-03-10 05:59:00,21.057516794423307
2025-03-10 06:00:00,21.061233638142923
2025-03-10 06:01:00,21.06495307414123
2025-03-10 06:02:00,21.068675101070895
2025-03-10 06:03:00,21.07239971757552
2025-03-10 06:04:00,21.076126922334893
2025-03-10 06:05:00,21.079856714011257
2025-03-10 06:06:00,21.083589093699985
2025-03-10 06:07:00,21.087324055115346
2025-03-10 06:08:00,21.09106159939671
2025-03-10 06:09:00,21.094801725178954
2025-03-10 06:10:00,21.098544431142244
2025-03-10 06:11:00,21.10228971591222
2025-03-10 06:12:00,21.10603757816925
2025-03-10 06:13:00,21.109788016566483
2025-03-10 06:14:00,21.113541029747864
2025-03-10 06:15:00,21.117296616366588
2025-03-10 06:16:00,21.121054775075706
2025-03-10 06:17:00,21.124815507072682
2025-03-10 06:18:00,21.128578805933472
2025-03-10 06:19:00,21.132344672881473
2025-03-10 06:20:00,21.13611310652398
2025-03-10 06:21:00,21.139884105551346
2025-03-10 06:22:00,21.143657668598976
2025-03-10 06:23:00,21.147433794338312
2025-03-10 06:24:00,21.15121248140511
2025-03-10 06:25:00,21.154993728443642
2025-03-10 06:26:00,21.158777534163036
2025-03-10 06:27:00,21.162563897170983
2025-03-10 06:28:00,21.16635281613071
2025-03-10 06:29:00,21.17014429225172
2025-03-10 06:30:00,21.173938319106497
2025-03-10 06:31:00,21.177734897875155
2025-03-10 06:32:00,21.181534027230583
2025-03-10 06:33:00,21.185335705817522
2025-03-10 06:34:00,21.189139932309175
2025-03-10 06:35:00,21.192946705332076
2025-03-10 06:36:00,21.196756023577947
2025-03-10 06:37:00,21.200567885664
2025-03-10 06:38:00,21.20438229027306
2025-03-10 06:39:00,21.208199236069078
2025-03-10 06:40:00,21.212018724244146
2025-03-10 06:41:00,21.21584074835272
2025-03-10 06:42:00,21.21966530960387
2025-03-10 06:43:00,21.22349240665274
2025-03-10 06:44:00,21.227322038145203
2025-03-10 06:45:00,21.23115420277398
2025-03-10 06:46:00,21.234988899147638
2025-03-10 06:47:00,21.238826125978065
2025-03-10 06:48:00,21.242665881864482
2025-03-10 06:49:00,21.246508165500202
2025-03-10 06:50:00,21.25035297554099
2025-03-10 06:51:00,21.25420031322659
2025-03-10 06:52:00,21.25805017203767
2025-03-10 06:53:00,21.26190255319392
2025-03-10 06:54:00,21.26575745542651
2025-03-10 06:55:00,21.26961487731664
2025-03-10 06:56:00,21.273474817577366
2025-03-10 06:57:00,21.27733727480863
2025-03-10 06:58:00,21.28120224772364
2025-03-10 06:59:00,21.28506973496995
2025-03-10 07:00:00,21.288939735175987
2025-03-10 07:01:00,21.292812247017707
2025-03-10 07:02:00,21.29668727177345
2025-03-10 07:03:00,21.30056480286001
2025-03-10 07:04:00,21.304444841582438
2025-03-10 07:05:00,21.308327386579407
2025-03-10 07:06:00,21.3122124364898
2025-03-10 07:07:00,21.316099990009036
2025-03-10 07:08:00,21.319990045776294
2025-03-10 07:09:00,21.32388260245898
2025-03-10 07:10:00,21.327777658686884
2025-03-10 07:11:00,21.331675213184695
2025-03-10 07:12:00,21.335575264563474
2025-03-10 07:13:00,21.33947781147215
2025-03-10 07:14:00,21.343382855220312
2025-03-10 07:15:00,21.347290389233507
2025-03-10 07:16:00,21.351200414772364
2025-03-10 07:17:00,21.355112930505356
2025-03-10 07:18:00,21.35902793508231
2025-03-10 07:19:00,21.3629454271627
2025-03-10 07:20:00,21.366865405453822
2025-03-10 07:21:00,21.370787868586845
2025-03-10 07:22:00,21.374712815192737
2025-03-10 07:23:00,21.37864024396042
2025-03-10 07:24:00,21.382570153540257
2025-03-10 07:25:00,21.38650254527181
2025-03-10 07:26:00,21.390437412507012
2025-03-10 07:27:00,21.39437475654556
2025-03-10 07:28:00,21.3983145760579
2025-03-10 07:29:00,21.402256869685644
2025-03-10 07:30:00,21.406201636128372
2025-03-10 07:31:00,21.410148874028195
2025-03-10 07:32:00,21.414098582036956
2025-03-10 07:33:00,21.418050758864283
2025-03-10 07:34:00,21.422005403094886
2025-03-10 07:35:00,21.42596251346798
2025-03-10 07:36:00,21.429922091265638
2025-03-10 07:37:00,21.433884129853666
2025-03-10 07:38:00,21.437848630532457
2025-03-10 07:39:00,21.441815591983655
2025-03-10 07:40:00,21.44578501287991
2025-03-10 07:41:00,21.449756891874614
2025-03-10 07:42:00,21.453731227621034
2025-03-10 07:43:00,21.457708018792246
2025-03-10 07:44:00,21.461687264061467
2025-03-10 07:45:00,21.465668962082745
2025-03-10 07:46:00,21.469653111529453
2025-03-10 07:47:00,21.473639713732965
2025-03-10 07:48:00,21.47762876202485
2025-03-10 07:49:00,21.48162025774461
2025-03-10 07:50:00,21.48561419954747
2025-03-10 07:51:00,21.48961058609784
2025-03-10 07:52:00,21.49360941607074
2025-03-10 07:53:00,21.497610688121327
2025-03-10 07:54:00,21.50161440093467
2025-03-10 07:55:00,21.50562055317647
2025-03-10 07:56:00,21.50962914348287
2025-03-10 07:57:00,21.51364017056885
2025-03-10 07:58:00,21.517653633051708
2025-03-10 07:59:00,21.52166953234301
2025-03-10 08:00:00,21.525687861688994
2025-03-10 08:01:00,21.529708622460703
2025-03-10 08:02:00,21.533731813335194
2025-03-10 08:03:00,21.53775743298918
2025-03-10 08:04:00,21.541785480041156
2025-03-10 08:05:00,21.545815953237224
2025-03-10 08:06:00,21.549848851186184
2025-03-10 08:07:00,21.55388417256586
2025-03-10 08:08:00,21.557921916054283
2025-03-10 08:09:00,21.56196208035935
2025-03-10 08:10:00,21.566004666814763
2025-03-10 08:11:00,21.570049668662136
2025-03-10 08:12:00,21.574097087332973
2025-03-10 08:13:00,21.578146921446873
2025-03-10 08:14:00,21.582199169722927
2025-03-10 08:15:00,21.586253830781303
2025-03-10 08:16:00,21.590310903331627
2025-03-10 08:17:00,21.594370386004385
2025-03-10 08:18:00,21.598432277519578
2025-03-10 08:19:00,21.602496576537803
2025-03-10 08:20:00,21.606563281710223
2025-03-10 08:21:00,21.61063239446949
2025-03-10 08:22:00,21.614703908005012
2025-03-10 08:23:00,21.618777823718418
2025-03-10 08:24:00,21.62285414029145
2025-03-10 08:25:00,21.626932856396152
2025-03-10 08:26:00,21.63101397072478
2025-03-10 08:27:00,21.635097481909696
2025-03-10 08:28:00,21.63918338867373
2025-03-10 08:29:00,21.643271689659727
2025-03-10 08:30:00,21.64736238353106
2025-03-10 08:31:00,21.651455469000908
2025-03-10 08:32:00,21.655550947462686
2025-03-10 08:33:00,21.659648812122654
2025-03-10 08:34:00,21.663749064382912
2025-03-10 08:35:00,21.667851702937938
2025-03-10 08:36:00,21.67195672643244
2025-03-10 08:37:00,21.676064133581335
2025-03-10 08:38:00,21.680173923009377
2025-03-10 08:39:00,21.684286093442594
2025-03-10 08:40:00,21.68840064354613
2025-03-10 08:41:00,21.692517571986073
2025-03-10 08:42:00,21.696636877458744
2025-03-10 08:43:00,21.70075855861016
2025-03-10 08:44:00,21.70488261693623
2025-03-10 08:45:00,21.70900904552761
2025-03-10 08:46:00,21.713137845848678
2025-03-10 08:47:00,21.71726901662737
2025-03-10 08:48:00,21.721402556460703
2025-03-10 08:49:00,21.725538464077175
2025-03-10 08:50:00,21.729676738144704
2025-03-10 08:51:00,21.733817377352096
2025-03-10 08:52:00,21.737960380357777
2025-03-10 08:53:00,21.742105745871044
2025-03-10 08:54:00,21.74625347254093
2025-03-10 08:55:00,21.750403561873725
2025-03-10 08:56:00,21.754556006958126
2025-03-10 08:57:00,21.758710809258957
2025-03-10 08:58:00,21.76286796744637
2025-03-10 08:59:00,21.76702748023139
2025-03-10 09:00:00,21.771189346274767
2025-03-10 09:01:00,21.775353564277992
2025-03-10 09:02:00,21.77952013290215
2025-03-10 09:03:00,21.783689050849375
2025-03-10 09:04:00,21.787860316791622
2025-03-10 09:05:00,21.792033929400986
2025-03-10 09:06:00,21.796209890204082
2025-03-10 09:07:00,21.800388192248207
2025-03-10 09:08:00,21.80456883701818
2025-03-10 09:09:00,21.80875182321789
2025-03-10 09:10:00,21.812937149531095
2025-03-10 09:11:00,21.817124814631825
2025-03-10 09:12:00,21.82131481720414
2025-03-10 09:13:00,21.825507155953048
2025-03-10 09:14:00,21.82970182954331
2025-03-10 09:15:00,21.833898836680362
2025-03-10 09:16:00,21.838098176029177
2025-03-10 09:17:00,21.842299849106425
2025-03-10 09:18:00,21.846503848999717
2025-03-10 09:19:00,21.85071017713217
2025-03-10 09:20:00,21.85491883227273
2025-03-10 09:21:00,21.8591298130672
2025-03-10 09:22:00,21.863343118223483
2025-03-10 09:23:00,21.86755874640845
2025-03-10 09:24:00,21.871776696330656
2025-03-10 09:25:00,21.875996966688618
2025-03-10 09:26:00,21.880219556150152
2025-03-10 09:27:00,21.884444463393734
2025-03-10 09:28:00,21.888671687149724
2025-03-10 09:29:00,21.892901228946684
2025-03-10 09:30:00,21.897133081746006
2025-03-10 09:31:00,21.90136724712677
2025-03-10 09:32:00,21.905603723769147
2025-03-10 09:33:00,21.9098425103534
2025-03-10 09:34:00,21.91408360559123
2025-03-10 09:35:00,21.918327008153014
2025-03-10 09:36:00,21.92257271676165
2025-03-10 09:37:00,21.926820730067476
2025-03-10 09:38:00,21.931071046824854
2025-03-10 09:39:00,21.935323665674588
2025-03-10 09:40:00,21.939578588176047
2025-03-10 09:41:00,21.943835807332277
2025-03-10 09:42:00,21.94809532469158
2025-03-10 09:43:00,21.9523571389269
2025-03-10 09:44:00,21.956621248742678
2025-03-10 09:45:00,21.960887652875286
2025-03-10 09:46:00,21.965156349956857
2025-03-10 09:47:00,21.969427338734633
2025-03-10 09:48:00,21.97370061787275
2025-03-10 09:49:00,21.9779761860775
2025-03-10 09:50:00,21.982254042055516
2025-03-10 09:51:00,21.986534187365535
2025-03-10 09:52:00,21.990816614949594
2025-03-10 09:53:00,21.99510132642854
2025-03-10 09:54:00,21.99938832046834
2025-03-10 09:55:00,22.003677595777404
2025-03-10 09:56:00,22.00796915101192
2025-03-10 09:57:00,22.0122629849226
2025-03-10 09:58:00,22.01655909619778
2025-03-10 09:59:00,22.02085748353656
2025-03-10 10:00:00,22.025158145628126
2025-03-10 10:01:00,22.02946108117206
2025-03-10 10:02:00,22.033766291789746
2025-03-10 10:03:00,22.03807377040397
2025-03-10 10:04:00,22.042383518571995
2025-03-10 10:05:00,22.046695534995195
2025-03-10 10:06:00,22.05100981840657
2025-03-10 10:07:00,22.0553263674974
2025-03-10 10:08:00,22.05964518099111
2025-03-10 10:09:00,22.063966257537544
2025-03-10 10:10:00,22.068289595902897
2025-03-10 10:11:00,22.072615194748195
2025-03-10 10:12:00,22.076943052798256
2025-03-10 10:13:00,22.081273168746364
2025-03-10 10:14:00,22.08560554423653
2025-03-10 10:15:00,22.089940172116897
2025-03-10 10:16:00,22.09427705405183
2025-03-10 10:17:00,22.098616188693725
2025-03-10 10:18:00,22.102957574790807
2025-03-10 10:19:00,22.107301211027902
2025-03-10 10:20:00,22.111647096122084
2025-03-10 10:21:00,22.115995228780335
2025-03-10 10:22:00,22.120345607699008
2025-03-10 10:23:00,22.124698231628344
2025-03-10 10:24:00,22.12905309923363
2025-03-10 10:25:00,22.133410212147652
2025-03-10 10:26:00,22.137769563263674
2025-03-10 10:27:00,22.142131154203057
2025-03-10 10:28:00,22.146494983685685
2025-03-10 10:29:00,22.15086105038938
2025-03-10 10:30:00,22.155229353067014
2025-03-10 10:31:00,22.15959989039699
2025-03-10 10:32:00,22.16397266112226
2025-03-10 10:33:00,22.168347663921978
2025-03-10 10:34:00,22.17272489753978
2025-03-10 10:35:00,22.17710436068785
2025-03-10 10:36:00,22.18148605499755
2025-03-10 10:37:00,22.185869973312748
2025-03-10 10:38:00,22.190256117285585
2025-03-10 10:39:00,22.194644485640197
2025-03-10 10:40:00,22.19903507709064
2025-03-10 10:41:00,22.20342789035105
2025-03-10 10:42:00,22.207822924136053
2025-03-10 10:43:00,22.212220177160745
2025-03-10 10:44:00,22.216619648129637
2025-03-10 10:45:00,22.221021335791008
2025-03-10 10:46:00,22.22542523883918
2025-03-10 10:47:00,22.22983135893719
2025-03-10 10:48:00,22.234239688921647
2025-03-10 10:49:00,22.238650230476154
2025-03-10 10:50:00,22.24306298225386
2025-03-10 10:51:00,22.247477943048096
2025-03-10 10:52:00,22.25189511155608
2025-03-10 10:53:00,22.25631448646415
2025-03-10 10:54:00,22.26073606654549
2025-03-10 10:55:00,22.265159850465807
2025-03-10 10:56:00,22.269585836999298
2025-03-10 10:57:00,22.274014024823074
2025-03-10 10:58:00,22.278444412711963
2025-03-10 10:59:00,22.282877002297127
2025-03-10 11:00:00,22.287311786406292
2025-03-10 11:01:00,22.291748766723785
2025-03-10 11:02:00,22.296187941983135
2025-03-10 11:03:00,22.300629310852955
2025-03-10 11:04:00,22.305072872121116
2025-03-10 11:05:00,22.309518624489982
2025-03-10 11:06:00,22.31396656668349
2025-03-10 11:07:00,22.318416697447617
2025-03-10 11:08:00,22.32286901548565
2025-03-10 11:09:00,22.327323519500922
2025-03-10 11:10:00,22.331780211253516
2025-03-10 11:11:00,22.33623908347832
2025-03-10 11:12:00,22.34070013788049
2025-03-10 11:13:00,22.345163373230108
2025-03-10 11:14:00,22.349628788200206
2025-03-10 11:15:00,22.354096381562
2025-03-10 11:16:00,22.358566151989052
2025-03-10 11:17:00,22.36303809829701
2025-03-10 11:18:00,22.367512219138575
2025-03-10 11:19:00,22.371988513286666
2025-03-10 11:20:00,22.37646697943819
2025-03-10 11:21:00,22.380947619373813
2025-03-10 11:22:00,22.385430425790133
2025-03-10 11:23:00,22.389915400445375
2025-03-10 11:24:00,22.394402542027038
2025-03-10 11:25:00,22.398891849288972
2025-03-10 11:26:00,22.403383321007183
2025-03-10 11:27:00,22.40787695584845
2025-03-10 11:28:00,22.412372752589903
2025-03-10 11:29:00,22.416870709975754
2025-03-10 11:30:00,22.421370826696204
2025-03-10 11:31:00,22.425873101518334
2025-03-10 11:32:00,22.430377536199714
2025-03-10 11:33:00,22.434884123420645
2025-03-10 11:34:00,22.439392864926816
2025-03-10 11:35:00,22.443903759509368
2025-03-10 11:36:00,22.44841680586063
2025-03-10 11:37:00,22.4529320027287
2025-03-10 11:38:00,22.457449348850744
2025-03-10 11:39:00,22.46196884297538
2025-03-10 11:40:00,22.46649048385197
2025-03-10 11:41:00,22.471014270152935
2025-03-10 11:42:00,22.47554020070541
2025-03-10 11:43:00,22.480068274226895
2025-03-10 11:44:00,22.484598492452847
2025-03-10 11:45:00,22.4891308481007
2025-03-10 11:46:00,22.493665342916273
2025-03-10 11:47:00,22.49820197566318
2025-03-10 11:48:00,22.50274074508266
2025-03-10 11:49:00,22.50728164989478
2025-03-10 11:50:00,22.51182468889752
2025-03-10 11:51:00,22.51636986076724
2025-03-10 11:52:00,22.520917164291546
2025-03-10 11:53:00,22.525466598203323
2025-03-10 11:54:00,22.530018161213277
2025-03-10 11:55:00,22.534571855210714
2025-03-10 11:56:00,22.539127672753096
2025-03-10 11:57:00,22.54368561566271
2025-03-10 11:58:00,22.54824568270739
2025-03-10 11:59:00,22.55280787262265
2025-03-10 12:00:00,22.557372184155398
2025-03-10 12:01:00,22.561938616030673
2025-03-10 12:02:00,22.566507167029613
2025-03-10 12:03:00,22.571077835900553
2025-03-10 12:04:00,22.575650621380916
2025-03-10 12:05:00,22.58022552224226
2025-03-10 12:06:00,22.5848025402492
2025-03-10 12:07:00,22.589381668055864
2025-03-10 12:08:00,22.59396290750479
2025-03-10 12:09:00,22.598546257335542
2025-03-10 12:10:00,22.603131716266148
2025-03-10 12:11:00,22.60771928305938
2025-03-10 12:12:00,22.612308956501224
2025-03-10 12:13:00,22.616900735322048
2025-03-10 12:14:00,22.621494618263597
2025-03-10 12:15:00,22.626090604135825
2025-03-10 12:16:00,22.63068869162541
2025-03-10 12:17:00,22.63528888260693
2025-03-10 12:18:00,22.63989116967535
2025-03-10 12:19:00,22.644495554648472
2025-03-10 12:20:00,22.649102036293613
2025-03-10 12:21:00,22.653710613366968
2025-03-10 12:22:00,22.658321284636756
2025-03-10 12:23:00,22.662934048849053
2025-03-10 12:24:00,22.667548904783985
2025-03-10 12:25:00,22.6721658511548
2025-03-10 12:26:00,22.676784886776517
2025-03-10 12:27:00,22.681406010374374
2025-03-10 12:28:00,22.68602922070808
2025-03-10 12:29:00,22.690654519663354
2025-03-10 12:30:00,22.695281899795788
2025-03-10 12:31:00,22.699911362945656
2025-03-10 12:32:00,22.704542907885653
2025-03-10 12:33:00,22.70917653340024
2025-03-10 12:34:00,22.713812238229252
2025-03-10 12:35:00,22.71845002112437
2025-03-10 12:36:00,22.723089880893994
2025-03-10 12:37:00,22.727731816267976
2025-03-10 12:38:00,22.73237582603332
2025-03-10 12:39:00,22.73702190890951
2025-03-10 12:40:00,22.74167006685923
2025-03-10 12:41:00,22.746320292345032
2025-03-10 12:42:00,22.750972587295294
2025-03-10 12:43:00,22.755626950465313
2025-03-10 12:44:00,22.760283380576766
2025-03-10 12:45:00,22.764941876465414
2025-03-10 12:46:00,22.76960243686517
2025-03-10 12:47:00,22.77426506057857
2025-03-10 12:48:00,22.778929746318042
2025-03-10 12:49:00,22.78359649289824
2025-03-10 12:50:00,22.78826529910073
2025-03-10 12:51:00,22.7929361667952
2025-03-10 12:52:00,22.797609088498277
2025-03-10 12:53:00,22.802284066136394
2025-03-10 12:54:00,22.806961098435693
2025-03-10 12:55:00,22.811640184202787
2025-03-10 12:56:00,22.816321322233335
2025-03-10 12:57:00,22.821004511266437
2025-03-10 12:58:00,22.825689750075753
2025-03-10 12:59:00,22.83037703745859
2025-03-10 13:00:00,22.835066372166736
2025-03-10 13:01:00,22.83975775298694
2025-03-10 13:02:00,22.84445118186619
2025-03-10 13:03:00,22.849146651250763
2025-03-10 13:04:00,22.8538441630875
2025-03-10 13:05:00,22.85854371613054
2025-03-10 13:06:00,22.863245309214918
2025-03-10 13:07:00,22.867948941061528
2025-03-10 13:08:00,22.87265461047187
2025-03-10 13:09:00,22.87736231622513
2025-03-10 13:10:00,22.882072057089346
2025-03-10 13:11:00,22.88678383185629
2025-03-10 13:12:00,22.891497639317862
2025-03-10 13:13:00,22.89621347825532
2025-03-10 13:14:00,22.90093135060353
2025-03-10 13:15:00,22.90565124881614
2025-03-10 13:16:00,22.910373174862443
2025-03-10 13:17:00,22.915097127467817
2025-03-10 13:18:00,22.919823105496334
2025-03-10 13:19:00,22.924551107697724
2025-03-10 13:20:00,22.929281132821743
2025-03-10 13:21:00,22.934013179711215
2025-03-10 13:22:00,22.938747247128475
2025-03-10 13:23:00,22.943483333848107
2025-03-10 13:24:00,22.94822143869139
2025-03-10 13:25:00,22.952961563590065
2025-03-10 13:26:00,22.9577037009971
2025-03-10 13:27:00,22.962447852843866
2025-03-10 13:28:00,22.96719401800017
2025-03-10 13:29:00,22.971942195173867
2025-03-10 13:30:00,22.976692383177536
2025-03-10 13:31:00,22.981444580836182
2025-03-10 13:32:00,22.986198786893723
2025-03-10 13:33:00,22.99095500016456
2025-03-10 13:34:00,22.995713219451815
2025-03-10 13:35:00,23.000473443524157
2025-03-10 13:36:00,23.00523567438016
2025-03-10 13:37:00,23.009999904448733
2025-03-10 13:38:00,23.014766135693293
2025-03-10 13:39:00,23.019534366884656
2025-03-10 13:40:00,23.02430459687524
2025-03-10 13:41:00,23.029076824425516
2025-03-10 13:42:00,23.033851048319264
2025-03-10 13:43:00,23.038627267387483
2025-03-10 13:44:00,23.043405480426813
2025-03-10 13:45:00,23.04818568622268
2025-03-10 13:46:00,23.052967883537747
2025-03-10 13:47:00,23.05775207443719
2025-03-10 13:48:00,23.062538251256584
2025-03-10 13:49:00,23.067326416061007
2025-03-10 13:50:00,23.07211656760333
2025-03-10 13:51:00,23.07690870469544
2025-03-10 13:52:00,23.081702826138027
2025-03-10 13:53:00,23.086498930755525
2025-03-10 13:54:00,23.091297017314616
2025-03-10 13:55:00,23.09609708464086
2025-03-10 13:56:00,23.100899131537105
2025-03-10 13:57:00,23.105703156794632
2025-03-10 13:58:00,23.11050915922901
2025-03-10 13:59:00,23.115317140845832
2025-03-10 14:00:00,23.120127094060223
2025-03-10 14:01:00,23.124939020830723
2025-03-10 14:02:00,23.129752920021602
2025-03-10 14:03:00,23.13456879041567
2025-03-10 14:04:00,23.139386630831766
2025-03-10 14:05:00,23.14420644005355
2025-03-10 14:06:00,23.149028216900703
2025-03-10 14:07:00,23.153851960181598
2025-03-10 14:08:00,23.158677668705053
2025-03-10 14:09:00,23.16350534130413
2025-03-10 14:10:00,23.168334980016212
2025-03-10 14:11:00,23.173166577139455
2025-03-10 14:12:00,23.17800013479325
2025-03-10 14:13:00,23.182835651718435
2025-03-10 14:14:00,23.187673126774257
2025-03-10 14:15:00,23.19251255876145
2025-03-10 14:16:00,23.19735394648133
2025-03-10 14:17:00,23.20219728875925
2025-03-10 14:18:00,23.2070425843976
2025-03-10 14:19:00,23.21188983223449
2025-03-10 14:20:00,23.21673903109712
2025-03-10 14:21:00,23.221590183007194
2025-03-10 14:22:00,23.226443280310917
2025-03-10 14:23:00,23.231298325053558
2025-03-10 14:24:00,23.236155316064185
2025-03-10 14:25:00,23.24101425217232
2025-03-10 14:26:00,23.245875132220178
2025-03-10 14:27:00,23.250737954955483
2025-03-10 14:28:00,23.2556027192568
2025-03-10 14:29:00,23.260469423944087
2025-03-10 14:30:00,23.265338067802247
2025-03-10 14:31:00,23.270208649664184
2025-03-10 14:32:00,23.275081171642512
2025-03-10 14:33:00,23.27995562598997
2025-03-10 14:34:00,23.28483201483094
2025-03-10 14:35:00,23.289710337000415
2025-03-10 14:36:00,23.294590591262505
2025-03-10 14:37:00,23.29947277647733
2025-03-10 14:38:00,23.304356891493143
2025-03-10 14:39:00,23.309242935087568
2025-03-10 14:40:00,23.314130906110265
2025-03-10 14:41:00,23.319020803411306
2025-03-10 14:42:00,23.323912625781716
2025-03-10 14:43:00,23.3288063720847
2025-03-10 14:44:00,23.333702044371435
2025-03-10 14:45:00,23.338599634989308
2025-03-10 14:46:00,23.343499145965254
2025-03-10 14:47:00,23.348400576200618
2025-03-10 14:48:00,23.35330392450139
2025-03-10 14:49:00,23.358209189662375
2025-03-10 14:50:00,23.363116370538506
2025-03-10 14:51:00,23.368025465997405
2025-03-10 14:52:00,23.37293647483527
2025-03-10 14:53:00,23.377849395873
2025-03-10 14:54:00,23.38276422800358
2025-03-10 14:55:00,23.387680973262135
2025-03-10 14:56:00,23.392599623985873
2025-03-10 14:57:00,23.397520182257708
2025-03-10 14:58:00,23.402442646949027
2025-03-10 14:59:00,23.40736701682367
2025-03-10 15:00:00,23.41229329079023
2025-03-10 15:01:00,23.41722146764964
2025-03-10 15:02:00,23.4221515462757
2025-03-10 15:03:00,23.427083525482388
2025-03-10 15:04:00,23.432017404084306
2025-03-10 15:05:00,23.4369531809447
2025-03-10 15:06:00,23.441890858214435
2025-03-10 15:07:00,23.44683042816108
2025-03-10 15:08:00,23.451771892827082
2025-03-10 15:09:00,23.45671525114993
2025-03-10 15:10:00,23.461660501923475
2025-03-10 15:11:00,23.466607644026354
2025-03-10 15:12:00,23.471556676265394
2025-03-10 15:13:00,23.476507597508245
2025-03-10 15:14:00,23.48146040656283
2025-03-10 15:15:00,23.486415102346314
2025-03-10 15:16:00,23.491371683619334
2025-03-10 15:17:00,23.496330152636816
2025-03-10 15:18:00,23.501290501512514
2025-03-10 15:19:00,23.506252732476852
2025-03-10 15:20:00,23.51121684435327
2025-03-10 15:21:00,23.516182836001818
2025-03-10 15:22:00,23.521150706258766
2025-03-10 15:23:00,23.526120453985314
2025-03-10 15:24:00,23.53109207804313
2025-03-10 15:25:00,23.536065577233998
2025-03-10 15:26:00,23.541040950444867
2025-03-10 15:27:00,23.546018196551117
2025-03-10 15:28:00,23.550997314332022
2025-03-10 15:29:00,23.55597830606436
2025-03-10 15:30:00,23.56096116387434
2025-03-10 15:31:00,23.565945889929694
2025-03-10 15:32:00,23.570932483144972
2025-03-10 15:33:00,23.5759209423627
2025-03-10 15:34:00,23.58091126638935
2025-03-10 15:35:00,23.58590345412908
2025-03-10 15:36:00,23.590897504413917
2025-03-10 15:37:00,23.595893416136974
2025-03-10 15:38:00,23.600891188107056
2025-03-10 15:39:00,23.605890819206266
2025-03-10 15:40:00,23.61089231163409
2025-03-10 15:41:00,23.61589565760518
2025-03-10 15:42:00,23.620900859233572
2025-03-10 15:43:00,23.62590791542806
2025-03-10 15:44:00,23.63091682503729
2025-03-10 15:45:00,23.635927586958672
2025-03-10 15:46:00,23.640940200042095
2025-03-10 15:47:00,23.64595466307658
2025-03-10 15:48:00,23.65097097503464
2025-03-10 15:49:00,23.655989134718894
2025-03-10 15:50:00,23.661009141017686
2025-03-10 15:51:00,23.66603099613789
2025-03-10 15:52:00,23.67105469221221
2025-03-10 15:53:00,23.67608023147183
2025-03-10 15:54:00,23.681107612831994
2025-03-10 15:55:00,23.68613683509811
2025-03-10 15:56:00,23.69116789716226
2025-03-10 15:57:00,23.69620079790431
2025-03-10 15:58:00,23.701235536168298
2025-03-10 15:59:00,23.706272110823278
2025-03-10 16:00:00,23.711310520763334
2025-03-10 16:01:00,23.71635076488313
2025-03-10 16:02:00,23.721392845347594
2025-03-10 16:03:00,23.726436754317874
2025-03-10 16:04:00,23.731482494057104
2025-03-10 16:05:00,23.736530063437684
2025-03-10 16:06:00,23.74157946128321
2025-03-10 16:07:00,23.74663068655343
2025-03-10 16:08:00,23.751683737999244
2025-03-10 16:09:00,23.756738614618527
2025-03-10 16:10:00,23.761795315249344
2025-03-10 16:11:00,23.76685383873054
2025-03-10 16:12:00,23.77191418395074
2025-03-10 16:13:00,23.77697634979917
2025-03-10 16:14:00,23.782040338572642
2025-03-10 16:15:00,23.78710614232395
2025-03-10 16:16:00,23.79217376331266
2025-03-10 16:17:00,23.797243200479812
2025-03-10 16:18:00,23.80231445265555
2025-03-10 16:19:00,23.80738751869555
2025-03-10 16:20:00,23.812462397554683
2025-03-10 16:21:00,23.81753908805264
2025-03-10 16:22:00,23.82261758909597
2025-03-10 16:23:00,23.82769789957966
2025-03-10 16:24:00,23.832780018349524
2025-03-10 16:25:00,23.837863947722198
2025-03-10 16:26:00,23.842949679779252
2025-03-10 16:27:00,23.84803721678756
2025-03-10 16:28:00,23.853126557632706
2025-03-10 16:29:00,23.85821770121268
2025-03-10 16:30:00,23.863310646414035
2025-03-10 16:31:00,23.86840539213631
2025-03-10 16:32:00,23.873501937205177
2025-03-10 16:33:00,23.878600280570623
2025-03-10 16:34:00,23.883700421109126
2025-03-10 16:35:00,23.88880235771012
2025-03-10 16:36:00,23.89390609269688
2025-03-10 16:37:00,23.899011618081616
2025-03-10 16:38:00,23.904118936175337
2025-03-10 16:39:00,23.90922804588189
2025-03-10 16:40:00,23.91433894613091
2025-03-10 16:41:00,23.919451635753006
2025-03-10 16:42:00,23.92456611369107
2025-03-10 16:43:00,23.929682378839146
2025-03-10 16:44:00,23.934800430016807
2025-03-10 16:45:00,23.93992026619398
2025-03-10 16:46:00,23.945041886253733
2025-03-10 16:47:00,23.95016529250144
2025-03-10 16:48:00,23.955290477016746
2025-03-10 16:49:00,23.960417442067154
2025-03-10 16:50:00,23.965546186563472
2025-03-10 16:51:00,23.9706767094289
2025-03-10 16:52:00,23.97580900954992
2025-03-10 16:53:00,23.980943085863814
2025-03-10 16:54:00,23.986078937158126
2025-03-10 16:55:00,23.99121656244607
2025-03-10 16:56:00,23.9963559605916
2025-03-10 16:57:00,24.001497130508923
2025-03-10 16:58:00,24.006640071050626
2025-03-10 16:59:00,24.01178478464317
2025-03-10 17:00:00,24.01693126320683
2025-03-10 17:01:00,24.022079509168307
2025-03-10 17:02:00,24.027229521394617
2025-03-10 17:03:00,24.032381298803784
2025-03-10 17:04:00,24.037534840288956
2025-03-10 17:05:00,24.042690144756804
2025-03-10 17:06:00,24.047847211152046
2025-03-10 17:07:00,24.053006038306776
2025-03-10 17:08:00,24.058166625217268
2025-03-10 17:09:00,24.0633289707295
2025-03-10 17:10:00,24.068493077213972
2025-03-10 17:11:00,24.07365893668451
2025-03-10 17:12:00,24.078826551524273
2025-03-10 17:13:00,24.083995920568896
2025-03-10 17:14:00,24.089167042817948
2025-03-10 17:15:00,24.09433991714603
2025-03-10 17:16:00,24.099514542440943
2025-03-10 17:17:00,24.104690917653528
2025-03-10 17:18:00,24.109869041697934
2025-03-10 17:19:00,24.11504891346344
2025-03-10 17:20:00,24.120230531877908
2025-03-10 17:21:00,24.12541389933068
2025-03-10 17:22:00,24.13059900775376
2025-03-10 17:23:00,24.135785859599707
2025-03-10 17:24:00,24.140974453760833
2025-03-10 17:25:00,24.146164789129728
2025-03-10 17:26:00,24.151356864662958
2025-03-10 17:27:00,24.156550679241846
2025-03-10 17:28:00,24.161746231798602
2025-03-10 17:29:00,24.166943521266376
2025-03-10 17:30:00,24.172142546553218
2025-03-10 17:31:00,24.17734330660616
2025-03-10 17:32:00,24.18254580377038
2025-03-10 17:33:00,24.18775003005976
2025-03-10 17:34:00,24.192955987844968
2025-03-10 17:35:00,24.198163676050072
2025-03-10 17:36:00,24.203373093637012
2025-03-10 17:37:00,24.208584239480402
2025-03-10 17:38:00,24.213797112556335
2025-03-10 17:39:00,24.219011711714828
2025-03-10 17:40:00,24.224228035958717
2025-03-10 17:41:00,24.229446084177184
2025-03-10 17:42:00,24.234665855310823
2025-03-10 17:43:00,24.239887348262627
2025-03-10 17:44:00,24.245110565474533
2025-03-10 17:45:00,24.25033549890226
2025-03-10 17:46:00,24.25556215094963
2025-03-10 17:47:00,24.26079052052188
2025-03-10 17:48:00,24.26602060658874
2025-03-10 17:49:00,24.271252408056355
2025-03-10 17:50:00,24.27648592388293
2025-03-10 17:51:00,24.281721152988723
2025-03-10 17:52:00,24.28695809428197
2025-03-10 17:53:00,24.29219674673503
2025-03-10 17:54:00,24.297437109244527
2025-03-10 17:55:00,24.30267918430981
2025-03-10 17:56:00,24.30792296379127
2025-03-10 17:57:00,24.313168450149774
2025-03-10 17:58:00,24.318415642309972
2025-03-10 17:59:00,24.323664539234912
2025-03-10 18:00:00,24.328915139850224
2025-03-10 18:01:00,24.334167443107674
2025-03-10 18:02:00,24.339421447908208
2025-03-10 18:03:00,24.34467715323042
2025-03-10 18:04:00,24.349934558002047
2025-03-10 18:05:00,24.355193661113276
2025-03-10 18:06:00,24.360454465133344
2025-03-10 18:07:00,24.36571696187869
2025-03-10 18:08:00,24.370981153816345
2025-03-10 18:09:00,24.376247039915384
2025-03-10 18:10:00,24.38151461910722
2025-03-10 18:11:00,24.386783890336602
2025-03-10 18:12:00,24.39205485257456
2025-03-10 18:13:00,24.397327504676966
2025-03-10 18:14:00,24.402601845706045
2025-03-10 18:15:00,24.407877874518803
2025-03-10 18:16:00,24.41315559012726
2025-03-10 18:17:00,24.418434994952833
2025-03-10 18:18:00,24.42371608094753
2025-03-10 18:19:00,24.428998850507142
2025-03-10 18:20:00,24.43428330260751
2025-03-10 18:21:00,24.43956943625058
2025-03-10 18:22:00,24.444857250335986
2025-03-10 18:23:00,24.450146743802648
2025-03-10 18:24:00,24.455437915654286
2025-03-10 18:25:00,24.46073076481821
2025-03-10 18:26:00,24.466025290209146
2025-03-10 18:27:00,24.47132149083285
2025-03-10 18:28:00,24.47661936563094
2025-03-10 18:29:00,24.481918917070857
2025-03-10 18:30:00,24.487220137059552
2025-03-10 18:31:00,24.492523028064355
2025-03-10 18:32:00,24.49782758906818
2025-03-10 18:33:00,24.503133819002713
2025-03-10 18:34:00,24.508441716826127
2025-03-10 18:35:00,24.513751281523128
2025-03-10 18:36:00,24.51906251201413
2025-03-10 18:37:00,24.524375407285035
2025-03-10 18:38:00,24.52968996629629
2025-03-10 18:39:00,24.535006187983086
2025-03-10 18:40:00,24.540324074883173
2025-03-10 18:41:00,24.54564361884681
2025-03-10 18:42:00,24.550964822347083
2025-03-10 18:43:00,24.556287684411927
2025-03-10 18:44:00,24.561612203979664
2025-03-10 18:45:00,24.566938379988954
2025-03-10 18:46:00,24.57226621141797
2025-03-10 18:47:00,24.57759569723241
2025-03-10 18:48:00,24.582926836424704
2025-03-10 18:49:00,24.588259627909792
2025-03-10 18:50:00,24.593594070668374
2025-03-10 18:51:00,24.598930167282333
2025-03-10 18:52:00,24.604267909519635
2025-03-10 18:53:00,24.609607299962548
2025-03-10 18:54:00,24.614948337528745
2025-03-10 18:55:00,24.620291021228027
2025-03-10 18:56:00,24.62563535000521
2025-03-10 18:57:00,24.63098132288397
2025-03-10 18:58:00,24.636328938784644
2025-03-10 18:59:00,24.641678196640996
2025-03-10 19:00:00,24.64702909550435
2025-03-10 19:01:00,24.65238163432292
2025-03-10 19:02:00,24.657735815645026
2025-03-10 19:03:00,24.663091631247113
2025-03-10 19:04:00,24.66844908374287
2025-03-10 19:05:00,24.673808172069414
2025-03-10 19:06:00,24.679168895216932
2025-03-10 19:07:00,24.684531252149668
2025-03-10 19:08:00,24.68989524184603
2025-03-10 19:09:00,24.69526086331055
2025-03-10 19:10:00,24.700628115483383
2025-03-10 19:11:00,24.705996997344542
2025-03-10 19:12:00,24.711367507900505
2025-03-10 19:13:00,24.716739646119223
2025-03-10 19:14:00,24.722113414569222
2025-03-10 19:15:00,24.72748880504689
2025-03-10 19:16:00,24.732865820094872
2025-03-10 19:17:00,24.738244458735707
2025-03-10 19:18:00,24.743624719966334
2025-03-10 19:19:00,24.749006602732194
2025-03-10 19:20:00,24.754390106018462
2025-03-10 19:21:00,24.75977522879765
2025-03-10 19:22:00,24.76516197009552
2025-03-10 19:23:00,24.77055032888569
2025-03-10 19:24:00,24.775940304129634
2025-03-10 19:25:00,24.7813318984402
2025-03-10 19:26:00,24.786725103596822
2025-03-10 19:27:00,24.792119922133793
2025-03-10 19:28:00,24.797516353119747
2025-03-10 19:29:00,24.802914395505653
2025-03-10 19:30:00,24.808314048269537
2025-03-10 19:31:00,24.813715310455436
2025-03-10 19:32:00,24.819118180963557
2025-03-10 19:33:00,24.824522658865646
2025-03-10 19:34:00,24.829928743115588
2025-03-10 19:35:00,24.835336432694206
2025-03-10 19:36:00,24.84074573025883
2025-03-10 19:37:00,24.84615662750636
2025-03-10 19:38:00,24.851569127107467
2025-03-10 19:39:00,24.856983228018876
2025-03-10 19:40:00,24.86239892921128
2025-03-10 19:41:00,24.867816229761132
2025-03-10 19:42:00,24.87323512858734
2025-03-10 19:43:00,24.878655624715094
2025-03-10 19:44:00,24.884077717156742
2025-03-10 19:45:00,24.889501404872647
2025-03-10 19:46:00,24.89492668690265
2025-03-10 19:47:00,24.900353565843304
2025-03-10 19:48:00,24.905782033453676
2025-03-10 19:49:00,24.9112120923169
2025-03-10 19:50:00,24.916643741528375
2025-03-10 19:51:00,24.922076980025352
2025-03-10 19:52:00,24.92751180679852
2025-03-10 19:53:00,24.932948220839293
2025-03-10 19:54:00,24.93838622121885
2025-03-10 19:55:00,24.943825806916365
2025-03-10 19:56:00,24.949266976858937
2025-03-10 19:57:00,24.954709730172397
2025-03-10 19:58:00,24.96015406578482
2025-03-10 19:59:00,24.965599986365135
2025-03-10 20:00:00,24.971047483627814
2025-03-10 20:01:00,24.97649656022861
2025-03-10 20:02:00,24.98194721515098
2025-03-10 20:03:00,24.987399447405082
2025-03-10 20:04:00,24.992853256081673
2025-03-10 20:05:00,24.998308640086165
2025-03-10 20:06:00,25.003765598470565
2025-03-10 20:07:00,25.00922413024753
2025-03-10 20:08:00,25.014684234417174
2025-03-10 20:09:00,25.020145909993445
2025-03-10 20:10:00,25.025609159676364
2025-03-10 20:11:00,25.03107397511097
2025-03-10 20:12:00,25.036540359010857
2025-03-10 20:13:00,25.04200831033907
2025-03-10 20:14:00,25.04747782816554
2025-03-10 20:15:00,25.052948911454664
2025-03-10 20:16:00,25.058421559290835
2025-03-10 20:17:00,25.06389577063969
2025-03-10 20:18:00,25.06937154450695
2025-03-10 20:19:00,25.07484887992571
2025-03-10 20:20:00,25.080327775943104
2025-03-10 20:21:00,25.085808235197007
2025-03-10 20:22:00,25.091290249409482
2025-03-10 20:23:00,25.09677382123185
2025-03-10 20:24:00,25.102258949713487
2025-03-10 20:25:00,25.107745633864482
2025-03-10 20:26:00,25.113233872695275
2025-03-10 20:27:00,25.118723665270466
2025-03-10 20:28:00,25.124215010535067
2025-03-10 20:29:00,25.129707907594707
2025-03-10 20:30:00,25.13520235539565
2025-03-10 20:31:00,25.140698353044826
2025-03-10 20:32:00,25.146195903171062
2025-03-10 20:33:00,25.151694997507036
2025-03-10 20:34:00,25.157195638695057
2025-03-10 20:35:00,25.1626978257776
2025-03-10 20:36:00,25.168201557824645
2025-03-10 20:37:00,25.173706833799613
2025-03-10 20:38:00,25.179213652800357
2025-03-10 20:39:00,25.1847220137781
2025-03-10 20:40:00,25.1902319158049
2025-03-10 20:41:00,25.195743357954058
2025-03-10 20:42:00,25.201256339164615
2025-03-10 20:43:00,25.206770858524223
2025-03-10 20:44:00,25.21228691874788
2025-03-10 20:45:00,25.217804511483763
2025-03-10 20:46:00,25.223323639447003
2025-03-10 20:47:00,25.228844301660388
2025-03-10 20:48:00,25.23436649718741
2025-03-10 20:49:00,25.239890225079037
2025-03-10 20:50:00,25.245415484279107
2025-03-10 20:51:00,25.250942273920245
2025-03-10 20:52:00,25.25647059298774
2025-03-10 20:53:00,25.262000440548263
2025-03-10 20:54:00,25.26753181560187
2025-03-10 20:55:00,25.273064720921155
2025-03-10 20:56:00,25.278599148111766
2025-03-10 20:57:00,25.284135099973568
2025-03-10 20:58:00,25.289672575495374
2025-03-10 20:59:00,25.29521157367995
2025-03-10 21:00:00,25.300752093625064
2025-03-10 21:01:00,25.306294134374923
2025-03-10 21:02:00,25.311837694974813
2025-03-10 21:03:00,25.317382774402574
2025-03-10 21:04:00,25.32292937179878
2025-03-10 21:05:00,25.328477486102386
2025-03-10 21:06:00,25.33402712015753
2025-03-10 21:07:00,25.339578265554223
2025-03-10 21:08:00,25.345130925028926
2025-03-10 21:09:00,25.350685097617045
2025-03-10 21:10:00,25.356240782422418
2025-03-10 21:11:00,25.36179797844106
2025-03-10 21:12:00,25.367356684750973
2025-03-10 21:13:00,25.372916900376467
2025-03-10 21:14:00,25.378478624396465
2025-03-10 21:15:00,25.384041855850143
2025-03-10 21:16:00,25.389606593736417
2025-03-10 21:17:00,25.395172840917155
2025-03-10 21:18:00,25.400740588926112
2025-03-10 21:19:00,25.406309840557782
2025-03-10 21:20:00,25.41188059488107
2025-03-10 21:21:00,25.417452850924803
2025-03-10 21:22:00,25.423026607745896
2025-03-10 21:23:00,25.42860186441483
2025-03-10 21:24:00,25.434178620003237
2025-03-10 21:25:00,25.439756873501466
2025-03-10 21:26:00,25.445336623982243
2025-03-10 21:27:00,25.450917870559252
2025-03-10 21:28:00,25.456500612251915
2025-03-10 21:29:00,25.462084851846214
2025-03-10 21:30:00,25.467670580926836
2025-03-10 21:31:00,25.47325780230703
2025-03-10 21:32:00,25.478846515022113
2025-03-10 21:33:00,25.48443671814867
2025-03-10 21:34:00,25.490028410736727
2025-03-10 21:35:00,25.495621591837008
2025-03-10 21:36:00,25.50121626055487
2025-03-10 21:37:00,25.506812415874208
2025-03-10 21:38:00,25.512410056928914
2025-03-10 21:39:00,25.518009182785676
2025-03-10 21:40:00,25.523609796220143
2025-03-10 21:41:00,25.529211888774682
2025-03-10 21:42:00,25.534815463320626
2025-03-10 21:43:00,25.54042051888605
2025-03-10 21:44:00,25.54602705451292
2025-03-10 21:45:00,25.551635069339568
2025-03-10 21:46:00,25.557244562395553
2025-03-10 21:47:00,25.562855532752195
2025-03-10 21:48:00,25.5684679794402
2025-03-10 21:49:00,25.574081901572796
2025-03-10 21:50:00,25.579697298209396
2025-03-10 21:51:00,25.585314172197286
2025-03-10 21:52:00,25.590932515036428
2025-03-10 21:53:00,25.59655232958798
2025-03-10 21:54:00,25.60217361491354
2025-03-10 21:55:00,25.60779637011629
2025-03-10 21:56:00,25.613420594245184
2025-03-10 21:57:00,25.619046286336328
2025-03-10 21:58:00,25.62467344552178
2025-03-10 21:59:00,25.630302070852366
2025-03-10 22:00:00,25.6359321614068
2025-03-10 22:01:00,25.6415637162371
2025-03-10 22:02:00,25.647196738248525
2025-03-10 22:03:00,25.652831218912496
2025-03-10 22:04:00,25.658467161093398
2025-03-10 22:05:00,25.66410456390028
2025-03-10 22:06:00,25.66974342636064
2025-03-10 22:07:00,25.675383747570876
2025-03-10 22:08:00,25.681025526655247
2025-03-10 22:09:00,25.686668762629267
2025-03-10 22:10:00,25.692313454577416
2025-03-10 22:11:00,25.697959601653352
2025-03-10 22:12:00,25.703607202873982
2025-03-10 22:13:00,25.70925625732552
2025-03-10 22:14:00,25.71490676789098
2025-03-10 22:15:00,25.7205587260664
2025-03-10 22:16:00,25.726212134721138
2025-03-10 22:17:00,25.731866992984905
2025-03-10 22:18:00,25.737523299891834
2025-03-10 22:19:00,25.74318105454533
2025-03-10 22:20:00,25.74884025600818
2025-03-10 22:21:00,25.754500903398565
2025-03-10 22:22:00,25.760162995808074
2025-03-10 22:23:00,25.765826532287363
2025-03-10 22:24:00,25.771491511928758
2025-03-10 22:25:00,25.777157937687406
2025-03-10 22:26:00,25.782825800961803
2025-03-10 22:27:00,25.78849510469341
2025-03-10 22:28:00,25.794165847949373
2025-03-10 22:29:00,25.799838029838995
2025-03-10 22:30:00,25.805511649444412
2025-03-10 22:31:00,25.811186705862198
2025-03-10 22:32:00,25.816863198203393
2025-03-10 22:33:00,25.822541125496684
2025-03-10 22:34:00,25.828220486923044
2025-03-10 22:35:00,25.833901281498726
2025-03-10 22:36:00,25.839583512181534
2025-03-10 22:37:00,25.84526717042442
2025-03-10 22:38:00,25.850952259130565
2025-03-10 22:39:00,25.856638777428458
2025-03-10 22:40:00,25.862326724336995
2025-03-10 22:41:00,25.868016099055325
2025-03-10 22:42:00,25.87370690058961
2025-03-10 22:43:00,25.879399128112155
2025-03-10 22:44:00,25.88509278068581
2025-03-10 22:45:00,25.890787857387323
2025-03-10 22:46:00,25.89648435736352
2025-03-10 22:47:00,25.90218228353355
2025-03-10 22:48:00,25.907881627308456
2025-03-10 22:49:00,25.913582391690767
2025-03-10 22:50:00,25.919284575690995
2025-03-10 22:51:00,25.924988178458662
2025-03-10 22:52:00,25.93069319910255
2025-03-10 22:53:00,25.93639963673165
2025-03-10 22:54:00,25.942107490455896
2025-03-10 22:55:00,25.94781675933004
2025-03-10 22:56:00,25.953527442492685
2025-03-10 22:57:00,25.959239539069173
2025-03-10 22:58:00,25.964953048129942
2025-03-10 22:59:00,25.97066797265387
2025-03-10 23:00:00,25.976384304050228
2025-03-10 23:01:00,25.982102045284208
2025-03-10 23:02:00,25.987821195442393
2025-03-10 23:03:00,25.99354175366753
2025-03-10 23:04:00,25.999263719005327
2025-03-10 23:05:00,26.004987090627665
2025-03-10 23:06:00,26.010711867651004
2025-03-10 23:07:00,26.01643804915083
2025-03-10 23:08:00,26.02216563424485
2025-03-10 23:09:00,26.027894622051335
2025-03-10 23:10:00,26.033625015552055
2025-03-10 23:11:00,26.039356806141605
2025-03-10 23:12:00,26.045089996802048
2025-03-10 23:13:00,26.050824586626085
2025-03-10 23:14:00,26.056560574720827
2025-03-10 23:15:00,26.062297960249758
2025-03-10 23:16:00,26.06803674229348
2025-03-10 23:17:00,26.07377691994686
2025-03-10 23:18:00,26.079518492375144
2025-03-10 23:19:00,26.085261458702355
2025-03-10 23:20:00,26.091005818024996
2025-03-10 23:21:00,26.09675157328555
2025-03-10 23:22:00,26.102498715948336
2025-03-10 23:23:00,26.10824724894183
2025-03-10 23:24:00,26.11399717143474
2025-03-10 23:25:00,26.119748482540537
2025-03-10 23:26:00,26.12550118133113
2025-03-10 23:27:00,26.13125526700513
2025-03-10 23:28:00,26.137010738621484
2025-03-10 23:29:00,26.142767595324038
2025-03-10 23:30:00,26.148525836228785
2025-03-10 23:31:00,26.154285460536713
2025-03-10 23:32:00,26.160046471136006
2025-03-10 23:33:00,26.16580885946366
2025-03-10 23:34:00,26.171572628505984
2025-03-10 23:35:00,26.177337777438275
2025-03-10 23:36:00,26.183104305295906
2025-03-10 23:37:00,26.188872211283197
2025-03-10 23:38:00,26.194641494506797
2025-03-10 23:39:00,26.200412154073966
2025-03-10 23:40:00,26.206184189134675
2025-03-10 23:41:00,26.211957598825244
2025-03-10 23:42:00,26.217732382282648
2025-03-10 23:43:00,26.22350853860246
2025-03-10 23:44:00,26.22928607084455
2025-03-10 23:45:00,26.235064970332857
2025-03-10 23:46:00,26.240845240127598
2025-03-10 23:47:00,26.2466268793263
2025-03-10 23:48:00,26.252409887097656
2025-03-10 23:49:00,26.25819426252633
2025-03-10 23:50:00,26.263980004809888
2025-03-10 23:51:00,26.26976711302016
2025-03-10 23:52:00,26.2755555863561
2025-03-10 23:53:00,26.281345423932677
2025-03-10 23:54:00,26.287136624837288
2025-03-10 23:55:00,26.292929192132178
2025-03-10 23:56:00,26.298723117239987
2025-03-10 23:57:00,26.304518403124412
2025-03-10 23:58:00,26.3103150488893
2025-03-10 23:59:00,26.31611305375153
2025-03-11 00:00:00,26.321912416844228
2025-03-11 00:01:00,26.327713137286814
2025-03-11 00:02:00,26.333515214171157
2025-03-11 00:03:00,26.339318646730533
2025-03-11 00:04:00,26.34512343405791
2025-03-11 00:05:00,26.350929575275103
2025-03-11 00:06:00,26.356737073502465
2025-03-11 00:07:00,26.362545920022313
2025-03-11 00:08:00,26.368356117884943
2025-03-11 00:09:00,26.374167666256476
2025-03-11 00:10:00,26.37998056428968
2025-03-11 00:11:00,26.38579481110967
2025-03-11 00:12:00,26.39161040587004
2025-03-11 00:13:00,26.397427347725312
2025-03-11 00:14:00,26.403245635801945
2025-03-11 00:15:00,26.40906526925565
2025-03-11 00:16:00,26.414886247298973
2025-03-11 00:17:00,26.42070857287044
2025-03-11 00:18:00,26.42653223743679
2025-03-11 00:19:00,26.432357243979276
2025-03-11 00:20:00,26.438183591613708
2025-03-11 00:21:00,26.444011279569665
2025-03-11 00:22:00,26.449840306978295
2025-03-11 00:23:00,26.45567067298522
2025-03-11 00:24:00,26.46150237673691
2025-03-11 00:25:00,26.46733541739428
2025-03-11 00:26:00,26.47316979413324
2025-03-11 00:27:00,26.479005506059053
2025-03-11 00:28:00,26.484842552362892
2025-03-11 00:29:00,26.490680936142134
2025-03-11 00:30:00,26.496520648664976
2025-03-11 00:31:00,26.502361693042992
2025-03-11 00:32:00,26.50820406841278
2025-03-11 00:33:00,26.51404777398254
2025-03-11 00:34:00,26.519892808833106
2025-03-11 00:35:00,26.525739172187677
2025-03-11 00:36:00,26.53158686317093
2025-03-11 00:37:00,26.537435880950632
2025-03-11 00:38:00,26.543286224694846
2025-03-11 00:39:00,26.549137893586618
2025-03-11 00:40:00,26.554990890682333
2025-03-11 00:41:00,26.560845207293447
2025-03-11 00:42:00,26.56670084653348
2025-03-11 00:43:00,26.57255780753082
2025-03-11 00:44:00,26.57841608949952
2025-03-11 00:45:00,26.58427569154066
2025-03-11 00:46:00,26.59013661288381
2025-03-11 00:47:00,26.595998852659477
2025-03-11 00:48:00,26.601862410041356
2025-03-11 00:49:00,26.607727284203776
2025-03-11 00:50:00,26.613593474293204
2025-03-11 00:51:00,26.61946098345262
2025-03-11 00:52:00,26.62532980290934
2025-03-11 00:53:00,26.63119993584943
2025-03-11 00:54:00,26.637071381407097
2025-03-11 00:55:00,26.642944138774276
2025-03-11 00:56:00,26.648818207043604
2025-03-11 00:57:00,26.65469358549361
2025-03-11 00:58:00,26.660570273217786
2025-03-11 00:59:00,26.666448269438995
2025-03-11 01:00:00,26.67232757329461
2025-03-11 01:01:00,26.678208183994194
2025-03-11 01:02:00,26.684090104596343
2025-03-11 01:03:00,26.689973326458087
2025-03-11 01:04:00,26.69585785266691
2025-03-11 01:05:00,26.70174368236301
2025-03-11 01:06:00,26.707630814787166
2025-03-11 01:07:00,26.71351924908084
2025-03-11 01:08:00,26.71940898444287
2025-03-11 01:09:00,26.725300020015723
2025-03-11 01:10:00,26.731192354999493
2025-03-11 01:11:00,26.737085988551932
2025-03-11 01:12:00,26.742980919902955
2025-03-11 01:13:00,26.74887714818272
2025-03-11 01:14:00,26.754774676566726
2025-03-11 01:15:00,26.760673496269433
2025-03-11 01:16:00,26.76657361048082
2025-03-11 01:17:00,26.772475018361867
2025-03-11 01:18:00,26.77837771910299
2025-03-11 01:19:00,26.78428171189467
2025-03-11 01:20:00,26.790186995870855
2025-03-11 01:21:00,26.79609357030963
2025-03-11 01:22:00,26.80200143425965
2025-03-11 01:23:00,26.8079105870288
2025-03-11 01:24:00,26.813821027767368
2025-03-11 01:25:00,26.81973275960882
2025-03-11 01:26:00,26.82564577381229
2025-03-11 01:27:00,26.831560073554378
2025-03-11 01:28:00,26.837475657973435
2025-03-11 01:29:00,26.843392526308648
2025-03-11 01:30:00,26.849310677727935
2025-03-11 01:31:00,26.855230111442985
2025-03-11 01:32:00,26.861150826579717
2025-03-11 01:33:00,26.86707282240822
2025-03-11 01:34:00,26.872996098084414
2025-03-11 01:35:00,26.87892065275002
2025-03-11 01:36:00,26.884846489683284
2025-03-11 01:37:00,26.890773600029846
2025-03-11 01:38:00,26.896701986996128
2025-03-11 01:39:00,26.90263164976927
2025-03-11 01:40:00,26.908562587565868
2025-03-11 01:41:00,26.91449479953097
2025-03-11 01:42:00,26.92042828493969
2025-03-11 01:43:00,26.926363042894984
2025-03-11 01:44:00,26.932299072615486
2025-03-11 01:45:00,26.938236373363736
2025-03-11 01:46:00,26.94417494427298
2025-03-11 01:47:00,26.95011478852114
2025-03-11 01:48:00,26.95605589738573
2025-03-11 01:49:00,26.961998274030535
2025-03-11 01:50:00,26.967941917619797
2025-03-11 01:51:00,26.973886827390345
2025-03-11 01:52:00,26.979833002550755
2025-03-11 01:53:00,26.98578044228134
2025-03-11 01:54:00,26.99172914574843
2025-03-11 01:55:00,26.997679112219863
2025-03-11 01:56:00,27.003630340877628
2025-03-11 01:57:00,27.00958283090396
2025-03-11 01:58:00,27.015536581525105
2025-03-11 01:59:00,27.021491595921105
2025-03-11 02:00:00,27.02744786528349
2025-03-11 02:01:00,27.03340539290822
2025-03-11 02:02:00,27.03936417790802
2025-03-11 02:03:00,27.04532421949731
2025-03-11 02:04:00,27.05128551690556
2025-03-11 02:05:00,27.05724806934826
2025-03-11 02:06:00,27.06321187604157
2025-03-11 02:07:00,27.06917693615859
2025-03-11 02:08:00,27.0751432489309
2025-03-11 02:09:00,27.081110813532753
2025-03-11 02:10:00,27.087079633202507
2025-03-11 02:11:00,27.093049699191887
2025-03-11 02:12:00,27.09902101459445
2025-03-11 02:13:00,27.10499357873156
2025-03-11 02:14:00,27.11096739079447
2025-03-11 02:15:00,27.116942449960554
2025-03-11 02:16:00,27.1229187554368
2025-03-11 02:17:00,27.12889630650301
2025-03-11 02:18:00,27.134875102309216
2025-03-11 02:19:00,27.140855142063828
2025-03-11 02:20:00,27.146836425019238
2025-03-11 02:21:00,27.152818954428867
2025-03-11 02:22:00,27.15880272140162
2025-03-11 02:23:00,27.164787729249078
2025-03-11 02:24:00,27.170773977124114
2025-03-11 02:25:00,27.17676146423849
2025-03-11 02:26:00,27.182750189906045
2025-03-11 02:27:00,27.18874015323773
2025-03-11 02:28:00,27.194731353519373
2025-03-11 02:29:00,27.200723789892038
2025-03-11 02:30:00,27.206717461671843
2025-03-11 02:31:00,27.212712368015318
2025-03-11 02:32:00,27.21870851220502
2025-03-11 02:33:00,27.22470588538137
2025-03-11 02:34:00,27.2307044908271
2025-03-11 02:35:00,27.236704327700913
2025-03-11 02:36:00,27.242705395278364
2025-03-11 02:37:00,27.24870769277743
2025-03-11 02:38:00,27.2547112194313
2025-03-11 02:39:00,27.260715974414936
2025-03-11 02:40:00,27.266721957035422
2025-03-11 02:41:00,27.27272916642542
2025-03-11 02:42:00,27.278737601849024
2025-03-11 02:43:00,27.28474726258574
2025-03-11 02:44:00,27.290758151802905
2025-03-11 02:45:00,27.296770260729758
2025-03-11 02:46:00,27.30278359257766
2025-03-11 02:47:00,27.308798146642822
2025-03-11 02:48:00,27.314813922075835
2025-03-11 02:49:00,27.32083091814468
2025-03-11 02:50:00,27.32684913408866
2025-03-11 02:51:00,27.332868569133183
2025-03-11 02:52:00,27.33888922248913
2025-03-11 02:53:00,27.3449110934121
2025-03-11 02:54:00,27.350934181099724
2025-03-11 02:55:00,27.35695848886516
2025-03-11 02:56:00,27.362984007838293
2025-03-11 02:57:00,27.369010741274153
2025-03-11 02:58:00,27.375038688460094
2025-03-11 02:59:00,27.381067848610805
2025-03-11 03:00:00,27.387098220941624
2025-03-11 03:01:00,27.393129804668355
2025-03-11 03:02:00,27.399162599080483
2025-03-11 03:03:00,27.40519660336546
2025-03-11 03:04:00,27.411231816799237
2025-03-11 03:05:00,27.41726823861429
2025-03-11 03:06:00,27.42330587205049
2025-03-11 03:07:00,27.429344708328472
2025-03-11 03:08:00,27.435384750673606
2025-03-11 03:09:00,27.441425998349892
2025-03-11 03:10:00,27.447468450562972
2025-03-11 03:11:00,27.4535121065924
2025-03-11 03:12:00,27.459556965674324
2025-03-11 03:13:00,27.465603027045418
2025-03-11 03:14:00,27.471650289928007
2025-03-11 03:15:00,27.47769875361839
2025-03-11 03:16:00,27.483748417296233
2025-03-11 03:17:00,27.48979928428892
2025-03-11 03:18:00,27.49585134573207
2025-03-11 03:19:00,27.501904604894904
2025-03-11 03:20:00,27.507959061061484
2025-03-11 03:21:00,27.514014713472612
2025-03-11 03:22:00,27.520071561354904
2025-03-11 03:23:00,27.526129603935352
2025-03-11 03:24:00,27.5321888405444
2025-03-11 03:25:00,27.538249270336628
2025-03-11 03:26:00,27.544310892614106
2025-03-11 03:27:00,27.550373706605974
2025-03-11 03:28:00,27.556437711541747
2025-03-11 03:29:00,27.562502910764515
2025-03-11 03:30:00,27.56856929541228
2025-03-11 03:31:00,27.574636868739923
2025-03-11 03:32:00,27.58070563003794
2025-03-11 03:33:00,27.586775578568044
2025-03-11 03:34:00,27.592846713548028
2025-03-11 03:35:00,27.59891903428474
2025-03-11 03:36:00,27.604992539938237
2025-03-11 03:37:00,27.611067229845666
2025-03-11 03:38:00,27.617143103241773
2025-03-11 03:39:00,27.62322015934705
2025-03-11 03:40:00,27.62929840151854
2025-03-11 03:41:00,27.635377820868214
2025-03-11 03:42:00,27.64145842069454
2025-03-11 03:43:00,27.647540200323192
2025-03-11 03:44:00,27.653623158903294
2025-03-11 03:45:00,27.65970729576167
2025-03-11 03:46:00,27.66579261018125
2025-03-11 03:47:00,27.671879101356943
2025-03-11 03:48:00,27.67796676855793
2025-03-11 03:49:00,27.684055611068928
2025-03-11 03:50:00,27.69014562817476
2025-03-11 03:51:00,27.696236823128693
2025-03-11 03:52:00,27.702329187119737
2025-03-11 03:53:00,27.708422723460473
2025-03-11 03:54:00,27.714517431378702
2025-03-11 03:55:00,27.720613310147442
2025-03-11 03:56:00,27.726710359039714
2025-03-11 03:57:00,27.73280857735906
2025-03-11 03:58:00,27.738907964305866
2025-03-11 03:59:00,27.74500851918448
2025-03-11 04:00:00,27.751110241225753
2025-03-11 04:01:00,27.757213129705633
2025-03-11 04:02:00,27.76331718800946
2025-03-11 04:03:00,27.769422407196757
2025-03-11 04:04:00,27.775528790593953
2025-03-11 04:05:00,27.781636337508452
2025-03-11 04:06:00,27.78774504723343
2025-03-11 04:07:00,27.793854918988487
2025-03-11 04:08:00,27.799965952038235
2025-03-11 04:09:00,27.806078145677233
2025-03-11 04:10:00,27.812191499156306
2025-03-11 04:11:00,27.81830601177115
2025-03-11 04:12:00,27.824421682758505
2025-03-11 04:13:00,27.830538511429992
2025-03-11 04:14:00,27.836656501112095
2025-03-11 04:15:00,27.842775642896513
2025-03-11 04:16:00,27.848895940169157
2025-03-11 04:17:00,27.855017392169493
2025-03-11 04:18:00,27.86113999818182
2025-03-11 04:19:00,27.867263757520725
2025-03-11 04:20:00,27.8733886693825
2025-03-11 04:21:00,27.879514733112444
2025-03-11 04:22:00,27.885641947967237
2025-03-11 04:23:00,27.8917703132041
2025-03-11 04:24:00,27.897899828110305
2025-03-11 04:25:00,27.90403049607047
2025-03-11 04:26:00,27.91016230809113
2025-03-11 04:27:00,27.916295267661184
2025-03-11 04:28:00,27.922429374010655
2025-03-11 04:29:00,27.928564626399442
2025-03-11 04:30:00,27.934701024088305
2025-03-11 04:31:00,27.940838566412744
2025-03-11 04:32:00,27.946977252634348
2025-03-11 04:33:00,27.953117082044955
2025-03-11 04:34:00,27.959258053862534
2025-03-11 04:35:00,27.96540016742457
2025-03-11 04:36:00,27.971543426144336
2025-03-11 04:37:00,27.977687821017092
2025-03-11 04:38:00,27.983833355471212
2025-03-11 04:39:00,27.989980028756783
2025-03-11 04:40:00,27.99612784024375
2025-03-11 04:41:00,28.002276789123457
2025-03-11 04:42:00,28.008426874722268
2025-03-11 04:43:00,28.01457809630702
2025-03-11 04:44:00,28.020730453175013
2025-03-11 04:45:00,28.026883944639053
2025-03-11 04:46:00,28.033038569907973
2025-03-11 04:47:00,28.03919433246803
2025-03-11 04:48:00,28.04535122333366
2025-03-11 04:49:00,28.051509245916975
2025-03-11 04:50:00,28.057668399503115
2025-03-11 04:51:00,28.063828683363084
2025-03-11 04:52:00,28.069990096813193
2025-03-11 04:53:00,28.07615263912507
2025-03-11 04:54:00,28.082316309631054
2025-03-11 04:55:00,28.08848110755909
2025-03-11 04:56:00,28.094647032212507
2025-03-11 04:57:00,28.1008140829247
2025-03-11 04:58:00,28.10698225894017
2025-03-11 04:59:00,28.113151563730504
2025-03-11 05:00:00,28.119321988297862
2025-03-11 05:01:00,28.12549353603913
2025-03-11 05:02:00,28.131666206305525
2025-03-11 05:03:00,28.137839998328772
2025-03-11 05:04:00,28.144014911475864
2025-03-11 05:05:00,28.150190944979634
2025-03-11 05:06:00,28.156368098148157
2025-03-11 05:07:00,28.16254637030508
2025-03-11 05:08:00,28.168725760729508
2025-03-11 05:09:00,28.174906268716057
2025-03-11 05:10:00,28.181087897719713
2025-03-11 05:11:00,28.187270638686968
2025-03-11 05:12:00,28.193454495178024
2025-03-11 05:13:00,28.199639466384504
2025-03-11 05:14:00,28.205825551693387
2025-03-11 05:15:00,28.212012750312176
2025-03-11 05:16:00,28.218201061598833
2025-03-11 05:17:00,28.224390484866944
2025-03-11 05:18:00,28.230581019355334
2025-03-11 05:19:00,28.23677266440842
2025-03-11 05:20:00,28.242965419356395
2025-03-11 05:21:00,28.24915928759222
2025-03-11 05:22:00,28.255354260126857
2025-03-11 05:23:00,28.26155034047393
2025-03-11 05:24:00,28.26774752786023
2025-03-11 05:25:00,28.27394582161797
2025-03-11 05:26:00,28.280145221110253
2025-03-11 05:27:00,28.286345725535092
2025-03-11 05:28:00,28.292547334301403
2025-03-11 05:29:00,28.298750046623205
2025-03-11 05:30:00,28.30495386189564
2025-03-11 05:31:00,28.311158779348645
2025-03-11 05:32:00,28.31736480249367
2025-03-11 05:33:00,28.323571922301184
2025-03-11 05:34:00,28.329780142237794
2025-03-11 05:35:00,28.335989461655693
2025-03-11 05:36:00,28.342199879802436
2025-03-11 05:37:00,28.348411395985984
2025-03-11 05:38:00,28.354624009605295
2025-03-11 05:39:00,28.36083771987898
2025-03-11 05:40:00,28.367052526131722
2025-03-11 05:41:00,28.37326842774874
2025-03-11 05:42:00,28.379485423934995
2025-03-11 05:43:00,28.385703514091915
2025-03-11 05:44:00,28.39192270163999
2025-03-11 05:45:00,28.398142977598248
2025-03-11 05:46:00,28.404364345387393
2025-03-11 05:47:00,28.41058680441084
2025-03-11 05:48:00,28.41681035393656
2025-03-11 05:49:00,28.423034993217954
2025-03-11 05:50:00,28.429260721705212
2025-03-11 05:51:00,28.43548753860736
2025-03-11 05:52:00,28.441715443300012
2025-03-11 05:53:00,28.44794443503841
2025-03-11 05:54:00,28.454174513214156
2025-03-11 05:55:00,28.4604056812759
2025-03-11 05:56:00,28.4666379301719
2025-03-11 05:57:00,28.472871263456582
2025-03-11 05:58:00,28.47910568043295
2025-03-11 05:59:00,28.485341180359114
2025-03-11 06:00:00,28.491577762599256
2025-03-11 06:01:00,28.497815426488017
2025-03-11 06:02:00,28.504054171375664
2025-03-11 06:03:00,28.51029399649172
2025-03-11 06:04:00,28.516534901217575
2025-03-11 06:05:00,28.522776884874588
2025-03-11 06:06:00,28.529019950954435
2025-03-11 06:07:00,28.535264090440442
2025-03-11 06:08:00,28.54150930680926
2025-03-11 06:09:00,28.547755599384217
2025-03-11 06:10:00,28.55400296750401
2025-03-11 06:11:00,28.56025141049284
2025-03-11 06:12:00,28.566500927645116
2025-03-11 06:13:00,28.572751518376727
2025-03-11 06:14:00,28.579003181907147
2025-03-11 06:15:00,28.585255917623094
2025-03-11 06:16:00,28.591509724851086
2025-03-11 06:17:00,28.597764607080208
2025-03-11 06:18:00,28.604020555253534
2025-03-11 06:19:00,28.610277572951418
2025-03-11 06:20:00,28.61653565944153
2025-03-11 06:21:00,28.62279481409832
2025-03-11 06:22:00,28.62905503620552
2025-03-11 06:23:00,28.635316325092752
2025-03-11 06:24:00,28.641578680166305
2025-03-11 06:25:00,28.647842100635238
2025-03-11 06:26:00,28.654106585952277
2025-03-11 06:27:00,28.66037213537308
2025-03-11 06:28:00,28.66663874829046
2025-03-11 06:29:00,28.67290642817725
2025-03-11 06:30:00,28.679175166010623
2025-03-11 06:31:00,28.685444965294003
2025-03-11 06:32:00,28.691715825330895
2025-03-11 06:33:00,28.6979877455774
2025-03-11 06:34:00,28.70426072523137
2025-03-11 06:35:00,28.710534763704267
2025-03-11 06:36:00,28.71680986034705
2025-03-11 06:37:00,28.72308601443507
2025-03-11 06:38:00,28.729363225335476
2025-03-11 06:39:00,28.735641492385398
2025-03-11 06:40:00,28.741920819115897
2025-03-11 06:41:00,28.74820119649415
2025-03-11 06:42:00,28.754482628036165
2025-03-11 06:43:00,28.76076511306576
2025-03-11 06:44:00,28.767048650922348
2025-03-11 06:45:00,28.773333241006696
2025-03-11 06:46:00,28.779618882598385
2025-03-11 06:47:00,28.785905575053505
2025-03-11 06:48:00,28.792193317697873
2025-03-11 06:49:00,28.798482109903922
2025-03-11 06:50:00,28.804771951013826
2025-03-11 06:51:00,28.811062844555842
2025-03-11 06:52:00,28.817354781472076
2025-03-11 06:53:00,28.82364776526053
2025-03-11 06:54:00,28.829941795387157
2025-03-11 06:55:00,28.836236871074505
2025-03-11 06:56:00,28.842532991728604
2025-03-11 06:57:00,28.84883015667956
2025-03-11 06:58:00,28.855128365273167
2025-03-11 06:59:00,28.86142761685575
2025-03-11 07:00:00,28.867727910758937
2025-03-11 07:01:00,28.87402924639087
2025-03-11 07:02:00,28.880331627277045
2025-03-11 07:03:00,28.886635044258092
2025-03-11 07:04:00,28.892939501012414
2025-03-11 07:05:00,28.899244996843095
2025-03-11 07:06:00,28.905551531069214
2025-03-11 07:07:00,28.91185910313235
2025-03-11 07:08:00,28.918167712245314
2025-03-11 07:09:00,28.924477357881315
2025-03-11 07:10:00,28.93078803933045
2025-03-11 07:11:00,28.93709975597514
2025-03-11 07:12:00,28.943412507136912
2025-03-11 07:13:00,28.949726292168478
2025-03-11 07:14:00,28.95604111470051
2025-03-11 07:15:00,28.96235696554738
2025-03-11 07:16:00,28.968673848355344
2025-03-11 07:17:00,28.97499176246349
2025-03-11 07:18:00,28.98131070721159
2025-03-11 07:19:00,28.987630681954826
2025-03-11 07:20:00,28.993951686064413
2025-03-11 07:21:00,29.000273718896565
2025-03-11 07:22:00,29.006596779808042
2025-03-11 07:23:00,29.012920868125413
2025-03-11 07:24:00,29.01924598323682
2025-03-11 07:25:00,29.02557212872407
2025-03-11 07:26:00,29.031899295483676
2025-03-11 07:27:00,29.038227487097508
2025-03-11 07:28:00,29.04455670294037
2025-03-11 07:29:00,29.050886942326173
2025-03-11 07:30:00,29.05721820464572
2025-03-11 07:31:00,29.06355048930581
2025-03-11 07:32:00,29.069883795575777
2025-03-11 07:33:00,29.076218122878423
2025-03-11 07:34:00,29.082553470545093
2025-03-11 07:35:00,29.08888983796915
2025-03-11 07:36:00,29.09522722872928
2025-03-11 07:37:00,29.10156563372739
2025-03-11 07:38:00,29.107905056511775
2025-03-11 07:39:00,29.11424549652331
2025-03-11 07:40:00,29.120586953065533
2025-03-11 07:41:00,29.12692942550349
2025-03-11 07:42:00,29.133272913233526
2025-03-11 07:43:00,29.13961741563726
2025-03-11 07:44:00,29.14596293203499
2025-03-11 07:45:00,29.152309461778245
2025-03-11 07:46:00,29.15865700432692
2025-03-11 07:47:00,29.16500556319457
2025-03-11 07:48:00,29.17135512930453
2025-03-11 07:49:00,29.177705706247806
2025-03-11 07:50:00,29.184057293393487
2025-03-11 07:51:00,29.190409890111233
2025-03-11 07:52:00,29.19676349581721
2025-03-11 07:53:00,29.203118109835813
2025-03-11 07:54:00,29.209473731507224
2025-03-11 07:55:00,29.215830360248873
2025-03-11 07:56:00,29.22218799541728
2025-03-11 07:57:00,29.228546636400104
2025-03-11 07:58:00,29.234906282523852
2025-03-11 07:59:00,29.241266937469213
2025-03-11 08:00:00,29.247628592056856
2025-03-11 08:01:00,29.253991249936924
2025-03-11 08:02:00,29.260354910468394
2025-03-11 08:03:00,29.266719573041648
2025-03-11 08:04:00,29.273085236985807
2025-03-11 08:05:00,29.279451901769043
2025-03-11 08:06:00,29.285819566644243
2025-03-11 08:07:00,29.292188231080644
2025-03-11 08:08:00,29.298557894408923
2025-03-11 08:09:00,29.304928556037524
2025-03-11 08:10:00,29.311300219566725
2025-03-11 08:11:00,29.31767287585373
2025-03-11 08:12:00,29.324046528576204
2025-03-11 08:13:00,29.33042117705169
2025-03-11 08:14:00,29.33679682072154
2025-03-11 08:15:00,29.343173458919622
2025-03-11 08:16:00,29.349551091057357
2025-03-11 08:17:00,29.355929716454106
2025-03-11 08:18:00,29.362309334568245
2025-03-11 08:19:00,29.368689944719968
2025-03-11 08:20:00,29.37507154632261
2025-03-11 08:21:00,29.381454143034496
2025-03-11 08:22:00,29.387837725626085
2025-03-11 08:23:00,29.39422229780253
2025-03-11 08:24:00,29.400607858994192
2025-03-11 08:25:00,29.406994408492693
2025-03-11 08:26:00,29.41338194572954
2025-03-11 08:27:00,29.419770470074276
2025-03-11 08:28:00,29.426159980912814
2025-03-11 08:29:00,29.432550477662353
2025-03-11 08:30:00,29.43894195963201
2025-03-11 08:31:00,29.44533442625523
2025-03-11 08:32:00,29.451727881202316
2025-03-11 08:33:00,29.45812231531181
2025-03-11 08:34:00,29.464517732207604
2025-03-11 08:35:00,29.470914131309506
2025-03-11 08:36:00,29.47731151192918
2025-03-11 08:37:00,29.483709873564756
2025-03-11 08:38:00,29.49010921554428
2025-03-11 08:39:00,29.49650953724273
2025-03-11 08:40:00,29.502910838097506
2025-03-11 08:41:00,29.509313117468956
2025-03-11 08:42:00,29.515716374733252
2025-03-11 08:43:00,29.52212060929819
2025-03-11 08:44:00,29.528525824846696
2025-03-11 08:45:00,29.53493201217612
2025-03-11 08:46:00,29.541339174969764
2025-03-11 08:47:00,29.54774731262151
2025-03-11 08:48:00,29.554156424525658
2025-03-11 08:49:00,29.560566510045753
2025-03-11 08:50:00,29.566977568654842
2025-03-11 08:51:00,29.573389599670705
2025-03-11 08:52:00,29.579802602473926
2025-03-11 08:53:00,29.58621657653854
2025-03-11 08:54:00,29.592631521168137
2025-03-11 08:55:00,29.599047440135195
2025-03-11 08:56:00,29.605464324165546
2025-03-11 08:57:00,29.611882177000695
2025-03-11 08:58:00,29.618300998008145
2025-03-11 08:59:00,29.624720786633475
2025-03-11 09:00:00,29.631141542229393
2025-03-11 09:01:00,29.637563264195812
2025-03-11 09:02:00,29.64398595193296
2025-03-11 09:03:00,29.650409604841457
2025-03-11 09:04:00,29.656834222322423
2025-03-11 09:05:00,29.663259803746264
2025-03-11 09:06:00,29.66968635286578
2025-03-11 09:07:00,29.67611386044439
2025-03-11 09:08:00,29.682542330188447
2025-03-11 09:09:00,29.688971761485575
2025-03-11 09:10:00,29.695402153770544
2025-03-11 09:11:00,29.701833506385064
2025-03-11 09:12:00,29.708265818811505
2025-03-11 09:13:00,29.71469909036125
2025-03-11 09:14:00,29.72113332050187
2025-03-11 09:15:00,29.72756850860793
2025-03-11 09:16:00,29.734004654101135
2025-03-11 09:17:00,29.740441760667913
2025-03-11 09:18:00,29.74687981912487
2025-03-11 09:19:00,29.753318833158723
2025-03-11 09:20:00,29.75975880216157
2025-03-11 09:21:00,29.766199725572868
2025-03-11 09:22:00,29.772641602801208
2025-03-11 09:23:00,29.77908443320886
2025-03-11 09:24:00,29.785528216220833
2025-03-11 09:25:00,29.79197295127834
2025-03-11 09:26:00,29.79841863772898
2025-03-11 09:27:00,29.80486527503062
2025-03-11 09:28:00,29.81131286254727
2025-03-11 09:29:00,29.817761404071554
2025-03-11 09:30:00,29.8242108902853
2025-03-11 09:31:00,29.830661324996846
2025-03-11 09:32:00,29.837112707540847
2025-03-11 09:33:00,29.843565037408716
2025-03-11 09:34:00,29.850018313920067
2025-03-11 09:35:00,29.856472536551678
2025-03-11 09:36:00,29.862927704717826
2025-03-11 09:37:00,29.869383817755207
2025-03-11 09:38:00,29.875840875157266
2025-03-11 09:39:00,29.882298876292786
2025-03-11 09:40:00,29.888757824918642
2025-03-11 09:41:00,29.895217711770265
2025-03-11 09:42:00,29.90167854060472
2025-03-11 09:43:00,29.908140310855046
2025-03-11 09:44:00,29.914603021907574
2025-03-11 09:45:00,29.92106667316491
2025-03-11 09:46:00,29.92753126404549
2025-03-11 09:47:00,29.933996793999597
2025-03-11 09:48:00,29.940463262430946
2025-03-11 09:49:00,29.946930668759208
2025-03-11 09:50:00,29.953399012326443
2025-03-11 09:51:00,29.959868296963336
2025-03-11 09:52:00,29.966338513396302
2025-03-11 09:53:00,29.97280966539379
2025-03-11 09:54:00,29.979281752346168
2025-03-11 09:55:00,29.985754773660155
2025-03-11 09:56:00,29.99222872878959
2025-03-11 09:57:00,29.998703617141807
2025-03-11 09:58:00,30.005179438156
2025-03-11 09:59:00,30.01165619117758
2025-03-11 10:00:00,30.018133875693472
2025-03-11 10:01:00,30.024612491112748
2025-03-11 10:02:00,30.03109204119903
2025-03-11 10:03:00,30.037572516654045
2025-03-11 10:04:00,30.04405392128883
2025-03-11 10:05:00,30.050536254498248
2025-03-11 10:06:00,30.05701951572467
2025-03-11 10:07:00,30.063503704348
2025-03-11 10:08:00,30.069988819843076
2025-03-11 10:09:00,30.07647486159034
2025-03-11 10:10:00,30.082961829049736
2025-03-11 10:11:00,30.089449721587044
2025-03-11 10:12:00,30.09593853869427
2025-03-11 10:13:00,30.10242827980087
2025-03-11 10:14:00,30.108918948604
2025-03-11 10:15:00,30.11541053590578
2025-03-11 10:16:00,30.121903045403563
2025-03-11 10:17:00,30.128396476638528
2025-03-11 10:18:00,30.134890828900737
2025-03-11 10:19:00,30.141386101747806
2025-03-11 10:20:00,30.14788229447054
2025-03-11 10:21:00,30.154379406611724
2025-03-11 10:22:00,30.16087743754162
2025-03-11 10:23:00,30.167376386740948
2025-03-11 10:24:00,30.173876253580552
2025-03-11 10:25:00,30.180377041847244
2025-03-11 10:26:00,30.186878742334528
2025-03-11 10:27:00,30.19338135870342
2025-03-11 10:28:00,30.199884890483766
2025-03-11 10:29:00,30.206389337095835
2025-03-11 10:30:00,30.21289469792859
2025-03-11 10:31:00,30.219400972434627
2025-03-11 10:32:00,30.225908160019408
2025-03-11 10:33:00,30.23241626018352
2025-03-11 10:34:00,30.238925272301877
2025-03-11 10:35:00,30.245435195828385
2025-03-11 10:36:00,30.25194603456076
2025-03-11 10:37:00,30.258457779189413
2025-03-11 10:38:00,30.264970433496217
2025-03-11 10:39:00,30.27148399696849
2025-03-11 10:40:00,30.277998468999144
2025-03-11 10:41:00,30.284513849060367
2025-03-11 10:42:00,30.291030136561673
2025-03-11 10:43:00,30.29754733091307
2025-03-11 10:44:00,30.304065431572077
2025-03-11 10:45:00,30.310584438012576
2025-03-11 10:46:00,30.317104349645625
2025-03-11 10:47:00,30.323625170263725
2025-03-11 10:48:00,30.330146890548775
2025-03-11 10:49:00,30.336669514356714
2025-03-11 10:50:00,30.343193041115846
2025-03-11 10:51:00,30.34971747023929
2025-03-11 10:52:00,30.356242801187875
2025-03-11 10:53:00,30.36276903335957
2025-03-11 10:54:00,30.369296166247473
2025-03-11 10:55:00,30.37582419929779
2025-03-11 10:56:00,30.382353131925576
2025-03-11 10:57:00,30.38888296351456
2025-03-11 10:58:00,30.395413693590996
2025-03-11 10:59:00,30.40194532595921
2025-03-11 11:00:00,30.40847785129168
2025-03-11 11:01:00,30.41501127337697
2025-03-11 11:02:00,30.42154559171157
2025-03-11 11:03:00,30.428080805728897
2025-03-11 11:04:00,30.434616914862637
2025-03-11 11:05:00,30.441153918531512
2025-03-11 11:06:00,30.447691816201633
2025-03-11 11:07:00,30.454230607339703
2025-03-11 11:08:00,30.460770291349554
2025-03-11 11:09:00,30.467310867698522
2025-03-11 11:10:00,30.473852340233222
2025-03-11 11:11:00,30.480394699585972
2025-03-11 11:12:00,30.486937949619268
2025-03-11 11:13:00,30.49348208978636
2025-03-11 11:14:00,30.50002711952485
2025-03-11 11:15:00,30.50657303824127
2025-03-11 11:16:00,30.513119845469078
2025-03-11 11:17:00,30.519667540615636
2025-03-11 11:18:00,30.526216123088325
2025-03-11 11:19:00,30.532765592358544
2025-03-11 11:20:00,30.539315947898054
2025-03-11 11:21:00,30.545867193563943
2025-03-11 11:22:00,30.55241931996411
2025-03-11 11:23:00,30.558972330971827
2025-03-11 11:24:00,30.565526226092068
2025-03-11 11:25:00,30.57208100463982
2025-03-11 11:26:00,30.578636666216028
2025-03-11 11:27:00,30.585193210184123
2025-03-11 11:28:00,30.591750635987154
2025-03-11 11:29:00,30.598308943163843
2025-03-11 11:30:00,30.60486813104682
2025-03-11 11:31:00,30.611428199191472
2025-03-11 11:32:00,30.61798915141788
2025-03-11 11:33:00,30.624550978388932
2025-03-11 11:34:00,30.631113683893126
2025-03-11 11:35:00,30.637677267471418
2025-03-11 11:36:00,30.64424172853824
2025-03-11 11:37:00,30.650807066555906
2025-03-11 11:38:00,30.657373280971356
2025-03-11 11:39:00,30.663940371247648
2025-03-11 11:40:00,30.670508336848307
2025-03-11 11:41:00,30.677077177221406
2025-03-11 11:42:00,30.683646891831188
2025-03-11 11:43:00,30.69021748011047
2025-03-11 11:44:00,30.696788945970134
2025-03-11 11:45:00,30.703361280016345
2025-03-11 11:46:00,30.709934486112473
2025-03-11 11:47:00,30.716508563740575
2025-03-11 11:48:00,30.723083512335336
2025-03-11 11:49:00,30.729659331427357
2025-03-11 11:50:00,30.736236020356614
2025-03-11 11:51:00,30.742813578654506
2025-03-11 11:52:00,30.749392005789012
2025-03-11 11:53:00,30.755971301228584
2025-03-11 11:54:00,30.7625514643465
2025-03-11 11:55:00,30.769132499143602
2025-03-11 11:56:00,30.775714396154058
2025-03-11 11:57:00,30.782297159299397
2025-03-11 11:58:00,30.7888807880817
2025-03-11 11:59:00,30.795465281891936
2025-03-11 12:00:00,30.802050640169433
2025-03-11 12:01:00,30.808636862481123
2025-03-11 12:02:00,30.81522394823515
2025-03-11 12:03:00,30.821811896919478
2025-03-11 12:04:00,30.828400707927152
2025-03-11 12:05:00,30.834990380794785
2025-03-11 12:06:00,30.841580919389955
2025-03-11 12:07:00,30.848172314334526
2025-03-11 12:08:00,30.854764569512177
2025-03-11 12:09:00,30.861357684381503
2025-03-11 12:10:00,30.867951658480962
2025-03-11 12:11:00,30.8745464911582
2025-03-11 12:12:00,30.881142181952406
2025-03-11 12:13:00,30.887738730307795
2025-03-11 12:14:00,30.894336135748347
2025-03-11 12:15:00,30.900934397686868
2025-03-11 12:16:00,30.907533515584483
2025-03-11 12:17:00,30.91413349335098
2025-03-11 12:18:00,30.920734321631706
2025-03-11 12:19:00,30.927336004272895
2025-03-11 12:20:00,30.93393854076882
2025-03-11 12:21:00,30.940541930614422
2025-03-11 12:22:00,30.94714617325706
2025-03-11 12:23:00,30.953751268160254
2025-03-11 12:24:00,30.960357214819865
2025-03-11 12:25:00,30.966964012684457
2025-03-11 12:26:00,30.9735716612187
2025-03-11 12:27:00,30.980180159919527
2025-03-11 12:28:00,30.98678950826846
2025-03-11 12:29:00,30.993399710138412
2025-03-11 12:30:00,31.000010756149926
2025-03-11 12:31:00,31.006622650256126
2025-03-11 12:32:00,31.013235391843835
2025-03-11 12:33:00,31.01984898042835
2025-03-11 12:34:00,31.026463415541393
2025-03-11 12:35:00,31.0330786965388
2025-03-11 12:36:00,31.039694823017072
2025-03-11 12:37:00,31.04631179436489
2025-03-11 12:38:00,31.052929610131322
2025-03-11 12:39:00,31.059548269705843
2025-03-11 12:40:00,31.066167777099352
2025-03-11 12:41:00,31.072788122796418
2025-03-11 12:42:00,31.0794093108561
2025-03-11 12:43:00,31.086031340653406
2025-03-11 12:44:00,31.092654211691396
2025-03-11 12:45:00,31.099277923441896
2025-03-11 12:46:00,31.105902475424777
2025-03-11 12:47:00,31.112527867096446
2025-03-11 12:48:00,31.119154097897663
2025-03-11 12:49:00,31.125781167349295
2025-03-11 12:50:00,31.13240907490895
2025-03-11 12:51:00,31.139037824549547
2025-03-11 12:52:00,31.14566740679544
2025-03-11 12:53:00,31.152297825651914
2025-03-11 12:54:00,31.15892908049765
2025-03-11 12:55:00,31.165561170920007
2025-03-11 12:56:00,31.172194096362517
2025-03-11 12:57:00,31.178827856269073
2025-03-11 12:58:00,31.185462450148066
2025-03-11 12:59:00,31.19209787749209
2025-03-11 13:00:00,31.198734137810277
2025-03-11 13:01:00,31.205371230515937
2025-03-11 13:02:00,31.21200915960771
2025-03-11 13:03:00,31.218647915650443
2025-03-11 13:04:00,31.225287502546884
2025-03-11 13:05:00,31.231927919872035
2025-03-11 13:06:00,31.238569167008812
2025-03-11 13:07:00,31.245211243452758
2025-03-11 13:08:00,31.25185414878007
2025-03-11 13:09:00,31.258497882422773
2025-03-11 13:10:00,31.2651424438292
2025-03-11 13:11:00,31.27178783251255
2025-03-11 13:12:00,31.278434048018354
2025-03-11 13:13:00,31.28508108979603
2025-03-11 13:14:00,31.291728961726633
2025-03-11 13:15:00,31.298377654462755
2025-03-11 13:16:00,31.305027171917814
2025-03-11 13:17:00,31.311677513606917
2025-03-11 13:18:00,31.318328678997425
2025-03-11 13:19:00,31.324980667605246
2025-03-11 13:20:00,31.331633478866216
2025-03-11 13:21:00,31.338287112329077
2025-03-11 13:22:00,31.34494156747877
2025-03-11 13:23:00,31.35159684378408
2025-03-11 13:24:00,31.35825294069864
2025-03-11 13:25:00,31.36490986227399
2025-03-11 13:26:00,31.371567598977826
2025-03-11 13:27:00,31.37822615484589
2025-03-11 13:28:00,31.384885529316918
2025-03-11 13:29:00,31.39154572192637
2025-03-11 13:30:00,31.398206732129708
2025-03-11 13:31:00,31.40486855941473
2025-03-11 13:32:00,31.411531203350435
2025-03-11 13:33:00,31.41819466332879
2025-03-11 13:34:00,31.42485893891927
2025-03-11 13:35:00,31.431524029579045
2025-03-11 13:36:00,31.438189939289025
2025-03-11 13:37:00,31.444856658621838
2025-03-11 13:38:00,31.451524191526246
2025-03-11 13:39:00,31.45819253746088
2025-03-11 13:40:00,31.464861695997335
2025-03-11 13:41:00,31.4715316665625
2025-03-11 13:42:00,31.47820244869672
2025-03-11 13:43:00,31.48487404190802
2025-03-11 13:44:00,31.49154644564058
2025-03-11 13:45:00,31.498219659451763
2025-03-11 13:46:00,31.504893682770202
2025-03-11 13:47:00,31.511568519666994
2025-03-11 13:48:00,31.518244160594264
2025-03-11 13:49:00,31.524920609590914
2025-03-11 13:50:00,31.53159786613547
2025-03-11 13:51:00,31.538275929722744
2025-03-11 13:52:00,31.54495479984807
2025-03-11 13:53:00,31.5516344760715
2025-03-11 13:54:00,31.558314957824443
2025-03-11 13:55:00,31.564996244603073
2025-03-11 13:56:00,31.571678335968684
2025-03-11 13:57:00,31.578361231369705
2025-03-11 13:58:00,31.5850449303681
2025-03-11 13:59:00,31.591729436883917
2025-03-11 14:00:00,31.598414741473817
2025-03-11 14:01:00,31.605100848138846
2025-03-11 14:02:00,31.611787756377517
2025-03-11 14:03:00,31.61847546573764
2025-03-11 14:04:00,31.62516397562124
2025-03-11 14:05:00,31.631853285609033
2025-03-11 14:06:00,31.638543395200976
2025-03-11 14:07:00,31.645234303881274
2025-03-11 14:08:00,31.651926011134435
2025-03-11 14:09:00,31.65861851652616
2025-03-11 14:10:00,31.665311824050825
2025-03-11 14:11:00,31.672005924160125
2025-03-11 14:12:00,31.6787008209456
2025-03-11 14:13:00,31.6853965138287
2025-03-11 14:14:00,31.692093002377042
2025-03-11 14:15:00,31.69879028606111
2025-03-11 14:16:00,31.70548836441683
2025-03-11 14:17:00,31.712187236947912
2025-03-11 14:18:00,31.718886903126148
2025-03-11 14:19:00,31.725587362504363
2025-03-11 14:20:00,31.73228861461994
2025-03-11 14:21:00,31.73899066336287
2025-03-11 14:22:00,31.745693499388132
2025-03-11 14:23:00,31.752397126618376
2025-03-11 14:24:00,31.759101544592184
2025-03-11 14:25:00,31.765806752799612
2025-03-11 14:26:00,31.772512750763767
2025-03-11 14:27:00,31.779219538008135
2025-03-11 14:28:00,31.785927114056214
2025-03-11 14:29:00,31.792635478399568
2025-03-11 14:30:00,31.799344630530193
2025-03-11 14:31:00,31.80605456995651
2025-03-11 14:32:00,31.812765300772433
2025-03-11 14:33:00,31.819476813365966
2025-03-11 14:34:00,31.826189111879977
2025-03-11 14:35:00,31.832902195759253
2025-03-11 14:36:00,31.839616064514004
2025-03-11 14:37:00,31.846330717703346
2025-03-11 14:38:00,31.853046154773132
2025-03-11 14:39:00,31.859762375315647
2025-03-11 14:40:00,31.866479378761262
2025-03-11 14:41:00,31.873197164719052
2025-03-11 14:42:00,31.879915732636356
2025-03-11 14:43:00,31.886635082058035
2025-03-11 14:44:00,31.893355216974463
2025-03-11 14:45:00,31.90007612797661
2025-03-11 14:46:00,31.906797818989908
2025-03-11 14:47:00,31.913520289593244
2025-03-11 14:48:00,31.920243539268256
2025-03-11 14:49:00,31.92696756752931
2025-03-11 14:50:00,31.933692373939905
2025-03-11 14:51:00,31.940417958015225
2025-03-11 14:52:00,31.947144319238227
2025-03-11 14:53:00,31.95387145712455
2025-03-11 14:54:00,31.960599371222905
2025-03-11 14:55:00,31.967328065565397
2025-03-11 14:56:00,31.974057530637744
2025-03-11 14:57:00,31.980787770456132
2025-03-11 14:58:00,31.98751878458674
2025-03-11 14:59:00,31.99425057246588
2025-03-11 15:00:00,32.000983133741855
2025-03-11 15:01:00,32.0077164678353
2025-03-11 15:02:00,32.01445057429766
2025-03-11 15:03:00,32.0211854526641
2025-03-11 15:04:00,32.02792110243771
2025-03-11 15:05:00,32.034657523170814
2025-03-11 15:06:00,32.04139471888838
2025-03-11 15:07:00,32.04813268006878
2025-03-11 15:08:00,32.054871410737164
2025-03-11 15:09:00,32.061610910495986
2025-03-11 15:10:00,32.068351178785015
2025-03-11 15:11:00,32.07509221515853
2025-03-11 15:12:00,32.08183401913857
2025-03-11 15:13:00,32.08857659027999
2025-03-11 15:14:00,32.09531992807272
2025-03-11 15:15:00,32.102064032023485
2025-03-11 15:16:00,32.108808901737156
2025-03-11 15:17:00,32.11555454123116
2025-03-11 15:18:00,32.12230094094428
2025-03-11 15:19:00,32.129048104975645
2025-03-11 15:20:00,32.135796032800826
2025-03-11 15:21:00,32.14254472397748
2025-03-11 15:22:00,32.14929417807971
2025-03-11 15:23:00,32.156044394567786
2025-03-11 15:24:00,32.162795373000144
2025-03-11 15:25:00,32.16954711288677
2025-03-11 15:26:00,32.17629961378659
2025-03-11 15:27:00,32.18305287522666
2025-03-11 15:28:00,32.189806896701384
2025-03-11 15:29:00,32.19656168231962
2025-03-11 15:30:00,32.203317222495734
2025-03-11 15:31:00,32.21007352133878
2025-03-11 15:32:00,32.21683057839353
2025-03-11 15:33:00,32.223588393123414
2025-03-11 15:34:00,32.23034696510655
2025-03-11 15:35:00,32.237106293888395
2025-03-11 15:36:00,32.243866378933596
2025-03-11 15:37:00,32.250627219886496
2025-03-11 15:38:00,32.25738881614653
2025-03-11 15:39:00,32.26415116737526
2025-03-11 15:40:00,32.27091427755976
2025-03-11 15:41:00,32.27767813717242
2025-03-11 15:42:00,32.28444275031488
2025-03-11 15:43:00,32.29120811650285
2025-03-11 15:44:00,32.29797423525201
2025-03-11 15:45:00,32.304741106176834
2025-03-11 15:46:00,32.3115087286957
2025-03-11 15:47:00,32.318277102407286
2025-03-11 15:48:00,32.325046226861296
2025-03-11 15:49:00,32.33181610155892
2025-03-11 15:50:00,32.33858672601801
2025-03-11 15:51:00,32.34535810441435
2025-03-11 15:52:00,32.35213022713132
2025-03-11 15:53:00,32.358903098213986
2025-03-11 15:54:00,32.36567671727972
2025-03-11 15:55:00,32.37245108383131
2025-03-11 15:56:00,32.37922619738855
2025-03-11 15:57:00,32.386002057471316
2025-03-11 15:58:00,32.3927786637146
2025-03-11 15:59:00,32.399556015589866
2025-03-11 16:00:00,32.40633411260166
2025-03-11 16:01:00,32.41311295432021
2025-03-11 16:02:00,32.41989254488134
2025-03-11 16:03:00,32.42667287469372
2025-03-11 16:04:00,32.43345394784409
2025-03-11 16:05:00,32.44023576387119
2025-03-11 16:06:00,32.447018322297914
2025-03-11 16:07:00,32.45380162269641
2025-03-11 16:08:00,32.460585664639346
2025-03-11 16:09:00,32.46737044753562
2025-03-11 16:10:00,32.47415597110597
2025-03-11 16:11:00,32.48094223477636
2025-03-11 16:12:00,32.48772923812068
2025-03-11 16:13:00,32.49451698066385
2025-03-11 16:14:00,32.501305466550946
2025-03-11 16:15:00,32.50809468618317
2025-03-11 16:16:00,32.5148846436401
2025-03-11 16:17:00,32.52167533851352
2025-03-11 16:18:00,32.528466770330056
2025-03-11 16:19:00,32.53525893859997
2025-03-11 16:20:00,32.542051842915974
2025-03-11 16:21:00,32.54884548280562
2025-03-11 16:22:00,32.55563985778017
2025-03-11 16:23:00,32.56243496744959
2025-03-11 16:24:00,32.569230811325944
2025-03-11 16:25:00,32.5760273935138
2025-03-11 16:26:00,32.582824704439844
2025-03-11 16:27:00,32.589622748241766
2025-03-11 16:28:00,32.59642152443267
2025-03-11 16:29:00,32.603221032558736
2025-03-11 16:30:00,32.61002127216667
2025-03-11 16:31:00,32.61682224283617
2025-03-11 16:32:00,32.623623944098135
2025-03-11 16:33:00,32.63042637549984
2025-03-11 16:34:00,32.63722953657288
2025-03-11 16:35:00,32.64403342691457
2025-03-11 16:36:00,32.65083805058878
2025-03-11 16:37:00,32.65764339804819
2025-03-11 16:38:00,32.664449473389574
2025-03-11 16:39:00,32.671256276145904
2025-03-11 16:40:00,32.678063805899676
2025-03-11 16:41:00,32.684872062217316
2025-03-11 16:42:00,32.69168104464905
2025-03-11 16:43:00,32.69849075267961
2025-03-11 16:44:00,32.70530118592572
2025-03-11 16:45:00,32.71211234387269
2025-03-11 16:46:00,32.71892422620368
2025-03-11 16:47:00,32.72573683687569
2025-03-11 16:48:00,32.73255016643326
2025-03-11 16:49:00,32.7393642189324
2025-03-11 16:50:00,32.746178993958544
2025-03-11 16:51:00,32.75299449103179
2025-03-11 16:52:00,32.759810709771365
2025-03-11 16:53:00,32.76662764963198
2025-03-11 16:54:00,32.773445310249926
2025-03-11 16:55:00,32.7802636911134
2025-03-11 16:56:00,32.78708279187582
2025-03-11 16:57:00,32.793902611993204
2025-03-11 16:58:00,32.80072315106987
2025-03-11 16:59:00,32.807544413236705
2025-03-11 17:00:00,32.81436638888262
2025-03-11 17:01:00,32.82118908218797
2025-03-11 17:02:00,32.82801249264304
2025-03-11 17:03:00,32.83483661982105
2025-03-11 17:04:00,32.84166146329518
2025-03-11 17:05:00,32.848487022639254
2025-03-11 17:06:00,32.85531329737771
2025-03-11 17:07:00,32.86214028706844
2025-03-11 17:08:00,32.86896799130232
2025-03-11 17:09:00,32.87579640962133
2025-03-11 17:10:00,32.88262554613171
2025-03-11 17:11:00,32.88945539128138
2025-03-11 17:12:00,32.89628594920953
2025-03-11 17:13:00,32.903117219442905
2025-03-11 17:14:00,32.90994920154121
2025-03-11 17:15:00,32.916781895114205
2025-03-11 17:16:00,32.92361529965635
2025-03-11 17:17:00,32.9304494147944
2025-03-11 17:18:00,32.93728424005628
2025-03-11 17:19:00,32.94411977498705
2025-03-11 17:20:00,32.95095601916469
2025-03-11 17:21:00,32.95779297673672
2025-03-11 17:22:00,32.96463063812787
2025-03-11 17:23:00,32.97146900740307
2025-03-11 17:24:00,32.97830808419119
2025-03-11 17:25:00,32.985147868071934
2025-03-11 17:26:00,32.99198835855916
2025-03-11 17:27:00,32.99882955524958
2025-03-11 17:28:00,33.005671457674225
2025-03-11 17:29:00,33.012514065380756
2025-03-11 17:30:00,33.0193573780164
2025-03-11 17:31:00,33.02620139509655
2025-03-11 17:32:00,33.033046120743734
2025-03-11 17:33:00,33.03989154539254
2025-03-11 17:34:00,33.04673767321523
2025-03-11 17:35:00,33.05358450372834
2025-03-11 17:36:00,33.060432036514584
2025-03-11 17:37:00,33.06728027110765
2025-03-11 17:38:00,33.07412920712408
2025-03-11 17:39:00,33.08097884411453
2025-03-11 17:40:00,33.08782918167959
2025-03-11 17:41:00,33.094680219287795
2025-03-11 17:42:00,33.10153195662317
2025-03-11 17:43:00,33.108384393171114
2025-03-11 17:44:00,33.115237533162706
2025-03-11 17:45:00,33.12209136690904
2025-03-11 17:46:00,33.128945898608016
2025-03-11 17:47:00,33.13580112782934
2025-03-11 17:48:00,33.14265705412619
2025-03-11 17:49:00,33.149513677085096
2025-03-11 17:50:00,33.156370996309775
2025-03-11 17:51:00,33.16322901128811
2025-03-11 17:52:00,33.17008772160759
2025-03-11 17:53:00,33.17694712692227
2025-03-11 17:54:00,33.18380722673748
2025-03-11 17:55:00,33.19066802517636
2025-03-11 17:56:00,33.19752951274219
2025-03-11 17:57:00,33.20439169347525
2025-03-11 17:58:00,33.211254567014514
2025-03-11 17:59:00,33.21811813294969
2025-03-11 18:00:00,33.224982390787645
2025-03-11 18:01:00,33.231847340168294
2025-03-11 18:02:00,33.238712980582584
2025-03-11 18:03:00,33.24557931170424
2025-03-11 18:04:00,33.2524463330081
2025-03-11 18:05:00,33.25931404418505
2025-03-11 18:06:00,33.26618244931627
2025-03-11 18:07:00,33.27305153878255
2025-03-11 18:08:00,33.27992131678138
2025-03-11 18:09:00,33.28679178288879
2025-03-11 18:10:00,33.293662936647465
2025-03-11 18:11:00,33.300534777700356
2025-03-11 18:12:00,33.30740730557441
2025-03-11 18:13:00,33.31428051983005
2025-03-11 18:14:00,33.32115442006101
2025-03-11 18:15:00,33.32802900587814
2025-03-11 18:16:00,33.334904276842764
2025-03-11 18:17:00,33.34178023707715
2025-03-11 18:18:00,33.348656877005276
2025-03-11 18:19:00,33.35553420083275
2025-03-11 18:20:00,33.36241220805541
2025-03-11 18:21:00,33.36929089831898
2025-03-11 18:22:00,33.37617027120302
2025-03-11 18:23:00,33.38305032622093
2025-03-11 18:24:00,33.38993106301923
2025-03-11 18:25:00,33.396812481161774
2025-03-11 18:26:00,33.40369458017922
2025-03-11 18:27:00,33.41057735971918
2025-03-11 18:28:00,33.41746081932957
2025-03-11 18:29:00,33.42434496319121
2025-03-11 18:30:00,33.43122978167107
2025-03-11 18:31:00,33.438115278983354
2025-03-11 18:32:00,33.4450014546938
2025-03-11 18:33:00,33.45188830836851
2025-03-11 18:34:00,33.45877583962354
2025-03-11 18:35:00,33.4656640479755
2025-03-11 18:36:00,33.47255293302467
2025-03-11 18:37:00,33.47944249445459
2025-03-11 18:38:00,33.48633273173263
2025-03-11 18:39:00,33.49322364444332
2025-03-11 18:40:00,33.50011523685851
2025-03-11 18:41:00,33.507007499288626
2025-03-11 18:42:00,33.51390043590597
2025-03-11 18:43:00,33.52079404632915
2025-03-11 18:44:00,33.52768833014391
2025-03-11 18:45:00,33.53458328693619
2025-03-11 18:46:00,33.54147891625909
2025-03-11 18:47:00,33.548375217732215
2025-03-11 18:48:00,33.555272190909264
2025-03-11 18:49:00,33.56216983539393
2025-03-11 18:50:00,33.56906815075683
2025-03-11 18:51:00,33.575967141261145
2025-03-11 18:52:00,33.582866797177616
2025-03-11 18:53:00,33.58976712273604
2025-03-11 18:54:00,33.59666811752499
2025-03-11 18:55:00,33.60356978114985
2025-03-11 18:56:00,33.61047211316629
2025-03-11 18:57:00,33.61737511319695
2025-03-11 18:58:00,33.624278780798
2025-03-11 18:59:00,33.63118311557603
2025-03-11 19:00:00,33.63808811707107
2025-03-11 19:01:00,33.64499378495691
2025-03-11 19:02:00,33.651900123387804
2025-03-11 19:03:00,33.65880712272779
2025-03-11 19:04:00,33.66571478713149
2025-03-11 19:05:00,33.67262311627352
2025-03-11 19:06:00,33.67953210971229
2025-03-11 19:07:00,33.686441767023304
2025-03-11 19:08:00,33.693352087765426
2025-03-11 19:09:00,33.70026307159788
2025-03-11 19:10:00,33.70717471806356
2025-03-11 19:11:00,33.71408702677219
2025-03-11 19:12:00,33.72099999733394
2025-03-11 19:13:00,33.727913629258886
2025-03-11 19:14:00,33.73482792689339
2025-03-11 19:15:00,33.74174288047759
2025-03-11 19:16:00,33.74865849424108
2025-03-11 19:17:00,33.755574767778576
2025-03-11 19:18:00,33.76249170075191
2025-03-11 19:19:00,33.769409292622605
2025-03-11 19:20:00,33.7763275431368
2025-03-11 19:21:00,33.78324645173979
2025-03-11 19:22:00,33.790166018111236
2025-03-11 19:23:00,33.79708624186428
2025-03-11 19:24:00,33.804007122495214
2025-03-11 19:25:00,33.810928664341276
2025-03-11 19:26:00,33.8178508576531
2025-03-11 19:27:00,33.82477370670127
2025-03-11 19:28:00,33.831697211049914
2025-03-11 19:29:00,33.8386213702972
2025-03-11 19:30:00,33.845546184091326
2025-03-11 19:31:00,33.85247165198079
2025-03-11 19:32:00,33.8593977735309
2025-03-11 19:33:00,33.86632454839086
2025-03-11 19:34:00,33.873251976109735
2025-03-11 19:35:00,33.88018005637088
2025-03-11 19:36:00,33.88710879330161
2025-03-11 19:37:00,33.89403817729678
2025-03-11 19:38:00,33.90096821256762
2025-03-11 19:39:00,33.9078988987148
2025-03-11 19:40:00,33.91483023533912
2025-03-11 19:41:00,33.9217622219916
2025-03-11 19:42:00,33.92869485834072
2025-03-11 19:43:00,33.9356281439211
2025-03-11 19:44:00,33.94256207841854
2025-03-11 19:45:00,33.94949666136824
2025-03-11 19:46:00,33.956431892356
2025-03-11 19:47:00,33.96336777561708
2025-03-11 19:48:00,33.970304301556915
2025-03-11 19:49:00,33.977241474327236
2025-03-11 19:50:00,33.9841792935649
2025-03-11 19:51:00,33.99111775884038
2025-03-11 19:52:00,33.99805686979124
2025-03-11 19:53:00,34.00499662600516
2025-03-11 19:54:00,34.01193702710344
2025-03-11 19:55:00,34.01887807264065
2025-03-11 19:56:00,34.0258197622388
2025-03-11 19:57:00,34.032762095519956
2025-03-11 19:58:00,34.039705072056385
2025-03-11 19:59:00,34.046648696108136
2025-03-11 20:00:00,34.05359295799019
2025-03-11 20:01:00,34.06053786196275
2025-03-11 20:02:00,34.067483407565476
2025-03-11 20:03:00,34.07442959448932
2025-03-11 20:04:00,34.08137642230786
2025-03-11 20:05:00,34.088323890611804
2025-03-11 20:06:00,34.09527199899223
2025-03-11 20:07:00,34.10222074705714
2025-03-11 20:08:00,34.1091701344315
2025-03-11 20:09:00,34.11612016070725
2025-03-11 20:10:00,34.12307083018545
2025-03-11 20:11:00,34.13002213307404
2025-03-11 20:12:00,34.136974073707854
2025-03-11 20:13:00,34.14392665167977
2025-03-11 20:14:00,34.15087986658291
2025-03-11 20:15:00,34.15783371797688
2025-03-11 20:16:00,34.164788205556015
2025-03-11 20:17:00,34.17174332888055
2025-03-11 20:18:00,34.17869908754466
2025-03-11 20:19:00,34.185655481159365
2025-03-11 20:20:00,34.19261250942012
2025-03-11 20:21:00,34.19957017646754
2025-03-11 20:22:00,34.20652847263759
2025-03-11 20:23:00,34.213487402205445
2025-03-11 20:24:00,34.220446964749904
2025-03-11 20:25:00,34.22740715995087
2025-03-11 20:26:00,34.23436798735407
2025-03-11 20:27:00,34.24132944658942
2025-03-11 20:28:00,34.248291537253756
2025-03-11 20:29:00,34.25525425894377
2025-03-11 20:30:00,34.26221761132398
2025-03-11 20:31:00,34.269181593924586
2025-03-11 20:32:00,34.276146211111794
2025-03-11 20:33:00,34.2831114531316
2025-03-11 20:34:00,34.290077324182334
2025-03-11 20:35:00,34.29704382396318
2025-03-11 20:36:00,34.30401095207302
2025-03-11 20:37:00,34.310978708110675
2025-03-11 20:38:00,34.3179470916922
2025-03-11 20:39:00,34.32491610241698
2025-03-11 20:40:00,34.33188573991839
2025-03-11 20:41:00,34.338856003762736
2025-03-11 20:42:00,34.34582689360071
2025-03-11 20:43:00,34.35279840908317
2025-03-11 20:44:00,34.359770554365696
2025-03-11 20:45:00,34.366743319855935
2025-03-11 20:46:00,34.37371670981032
2025-03-11 20:47:00,34.38069072376312
2025-03-11 20:48:00,34.387665361400146
2025-03-11 20:49:00,34.39464062232336
2025-03-11 20:50:00,34.40161650611822
2025-03-11 20:51:00,34.40859301243759
2025-03-11 20:52:00,34.415570140884235
2025-03-11 20:53:00,34.422547891077976
2025-03-11 20:54:00,34.42952626258834
2025-03-11 20:55:00,34.436505259763194
2025-03-11 20:56:00,34.44348487285255
2025-03-11 20:57:00,34.45046510613703
2025-03-11 20:58:00,34.45744595922082
2025-03-11 20:59:00,34.464427431742116
2025-03-11 21:00:00,34.47140952328881
2025-03-11 21:01:00,34.478392233499484
2025-03-11 21:02:00,34.48537556204682
2025-03-11 21:03:00,34.492359508435136
2025-03-11 21:04:00,34.49934407235438
2025-03-11 21:05:00,34.506329253393616
2025-03-11 21:06:00,34.513315055891276
2025-03-11 21:07:00,34.52030147005735
2025-03-11 21:08:00,34.52728850023025
2025-03-11 21:09:00,34.53427614596642
2025-03-11 21:10:00,34.54126440694041
2025-03-11 21:11:00,34.54825328279334
2025-03-11 21:12:00,34.55524277306555
2025-03-11 21:13:00,34.562232877398685
2025-03-11 21:14:00,34.56922359548519
2025-03-11 21:15:00,34.57621492684916
2025-03-11 21:16:00,34.583206871149955
2025-03-11 21:17:00,34.59019943274973
2025-03-11 21:18:00,34.59719260178514
2025-03-11 21:19:00,34.60418638263554
2025-03-11 21:20:00,34.611180774961056
2025-03-11 21:21:00,34.61817577827034
2025-03-11 21:22:00,34.62517139224109
2025-03-11 21:23:00,34.63216761651749
2025-03-11 21:24:00,34.6391644506932
2025-03-11 21:25:00,34.646161894396016
2025-03-11 21:26:00,34.65315994725396
2025-03-11 21:27:00,34.660158608895266
2025-03-11 21:28:00,34.667157878931604
2025-03-11 21:29:00,34.67415776164836
2025-03-11 21:30:00,34.68115824736147
2025-03-11 21:31:00,34.6881593403059
2025-03-11 21:32:00,34.69516104016167
2025-03-11 21:33:00,34.702163346507874
2025-03-11 21:34:00,34.70916625899141
2025-03-11 21:35:00,34.716169777259346
2025-03-11 21:36:00,34.72317390090836
2025-03-11 21:37:00,34.73017862955215
2025-03-11 21:38:00,34.737183962821874
2025-03-11 21:39:00,34.74418990036534
2025-03-11 21:40:00,34.751196446525825
2025-03-11 21:41:00,34.758203591444406
2025-03-11 21:42:00,34.76521133954864
2025-03-11 21:43:00,34.77221969036937
2025-03-11 21:44:00,34.779228643589796
2025-03-11 21:45:00,34.78623819887623
2025-03-11 21:46:00,34.793248355760056
2025-03-11 21:47:00,34.800259113908346
2025-03-11 21:48:00,34.80727047293747
2025-03-11 21:49:00,34.8142824325487
2025-03-11 21:50:00,34.82129499225747
2025-03-11 21:51:00,34.828308156464615
2025-03-11 21:52:00,34.83532191540663
2025-03-11 21:53:00,34.84233627334913
2025-03-11 21:54:00,34.849351229943906
2025-03-11 21:55:00,34.85636678485976
2025-03-11 21:56:00,34.86338293768119
2025-03-11 21:57:00,34.87039968806069
2025-03-11 21:58:00,34.87741703561709
2025-03-11 21:59:00,34.8844349799525
2025-03-11 22:00:00,34.891453520770895
2025-03-11 22:01:00,34.89847265760723
2025-03-11 22:02:00,34.90549239490301
2025-03-11 22:03:00,34.91251272275365
2025-03-11 22:04:00,34.91953364565157
2025-03-11 22:05:00,34.92655516306478
2025-03-11 22:06:00,34.933577274749645
2025-03-11 22:07:00,34.94059998024243
2025-03-11 22:08:00,34.94762327921509
2025-03-11 22:09:00,34.954647171373836
2025-03-11 22:10:00,34.96167165618785
2025-03-11 22:11:00,34.96869673346536
2025-03-11 22:12:00,34.975722402693094
2025-03-11 22:13:00,34.98274866359498
2025-03-11 22:14:00,34.989775520450785
2025-03-11 22:15:00,34.99680296353573
2025-03-11 22:16:00,35.00383099714651
2025-03-11 22:17:00,35.01085962094038
2025-03-11 22:18:00,35.01788883455776
2025-03-11 22:19:00,35.02491863758868
2025-03-11 22:20:00,35.03194902967403
2025-03-11 22:21:00,35.03898001053982
2025-03-11 22:22:00,35.0460115797258
2025-03-11 22:23:00,35.05304373687368
2025-03-11 22:24:00,35.06007648162527
2025-03-11 22:25:00,35.06710981838591
2025-03-11 22:26:00,35.07414373728915
2025-03-11 22:27:00,35.08117824274033
2025-03-11 22:28:00,35.088213334314474
2025-03-11 22:29:00,35.09524901170563
2025-03-11 22:30:00,35.10228527452309
2025-03-11 22:31:00,35.10932212237645
2025-03-11 22:32:00,35.11635955494355
2025-03-11 22:33:00,35.12339757185146
2025-03-11 22:34:00,35.13043617276132
2025-03-11 22:35:00,35.13747535726676
2025-03-11 22:36:00,35.14451512972882
2025-03-11 22:37:00,35.15155548036013
2025-03-11 22:38:00,35.158596413522076
2025-03-11 22:39:00,35.16563792884288
2025-03-11 22:40:00,35.17268002598517
2025-03-11 22:41:00,35.179722704544005
2025-03-11 22:42:00,35.1867659641825
2025-03-11 22:43:00,35.193809804563884
2025-03-11 22:44:00,35.20085422528386
2025-03-11 22:45:00,35.20789922597225
2025-03-11 22:46:00,35.21494480632703
2025-03-11 22:47:00,35.22199097069889
2025-03-11 22:48:00,35.229037709227036
2025-03-11 22:49:00,35.23608502631312
2025-03-11 22:50:00,35.24313292160513
2025-03-11 22:51:00,35.25018139471739
2025-03-11 22:52:00,35.257230445349165
2025-03-11 22:53:00,35.2642800730812
2025-03-11 22:54:00,35.27133027756235
2025-03-11 22:55:00,35.27838105842476
2025-03-11 22:56:00,35.28543241535173
2025-03-11 22:57:00,35.29248434795896
2025-03-11 22:58:00,35.29953685587911
2025-03-11 22:59:00,35.306589943521075
2025-03-11 23:00:00,35.313643601034926
2025-03-11 23:01:00,35.320697832778485
2025-03-11 23:02:00,35.32775263845354
2025-03-11 23:03:00,35.33480801764297
2025-03-11 23:04:00,35.34186397001499
2025-03-11 23:05:00,35.34892049522101
2025-03-11 23:06:00,35.355977592912645
2025-03-11 23:07:00,35.36303526267363
2025-03-11 23:08:00,35.37009350422427
2025-03-11 23:09:00,35.37715231716566
2025-03-11 23:10:00,35.38421170586234
2025-03-11 23:11:00,35.39127166056058
2025-03-11 23:12:00,35.398332185573906
2025-03-11 23:13:00,35.40539328058959
2025-03-11 23:14:00,35.41245494519292
2025-03-11 23:15:00,35.41951717908871
2025-03-11 23:16:00,35.42657998187966
2025-03-11 23:17:00,35.4336433532541
2025-03-11 23:18:00,35.440707292832215
2025-03-11 23:19:00,35.44777180026854
2025-03-11 23:20:00,35.454836875218
2025-03-11 23:21:00,35.46190252205146
2025-03-11 23:22:00,35.46896873094156
2025-03-11 23:23:00,35.4760355062082
2025-03-11 23:24:00,35.48310284764351
2025-03-11 23:25:00,35.49017075480104
2025-03-11 23:26:00,35.497239227354
2025-03-11 23:27:00,35.50430826489063
2025-03-11 23:28:00,35.51137786713563
2025-03-11 23:29:00,35.51844803372885
2025-03-11 23:30:00,35.52551876427612
2025-03-11 23:31:00,35.532590058468806
2025-03-11 23:32:00,35.539661920650275
2025-03-11 23:33:00,35.54673434103866
2025-03-11 23:34:00,35.55380732399443
2025-03-11 23:35:00,35.56088086919286
2025-03-11 23:36:00,35.567954976258115
2025-03-11 23:37:00,35.57502964481472
2025-03-11 23:38:00,35.58210487455563
2025-03-11 23:39:00,35.58918066512279
2025-03-11 23:40:00,35.59625701619254
2025-03-11 23:41:00,35.6033339274073
2025-03-11 23:42:00,35.61041139834144
2025-03-11 23:43:00,35.61748942870608
2025-03-11 23:44:00,35.62456802291973
2025-03-11 23:45:00,35.6316471711265
2025-03-11 23:46:00,35.63872687769358
2025-03-11 23:47:00,35.645807142316045
2025-03-11 23:48:00,35.65288796458655
2025-03-11 23:49:00,35.65996934421768
2025-03-11 23:50:00,35.66705128087085
2025-03-11 23:51:00,35.6741337741223
2025-03-11 23:52:00,35.68121682368531
2025-03-11 23:53:00,35.68830042922191
2025-03-11 23:54:00,35.69538459032606
2025-03-11 23:55:00,35.70246931145705
2025-03-11 23:56:00,35.709554582753086
2025-03-11 23:57:00,35.716640408639286
2025-03-11 23:58:00,35.72372678867641
2025-03-11 23:59:00,35.730813722630344
2025-03-12 00:00:00,35.73790121013058
2025-03-12 00:01:00,35.74498925078973
2025-03-12 00:02:00,35.752077844288976
2025-03-12 00:03:00,35.75916699027554
2025-03-12 00:04:00,35.76625668841394
2025-03-12 00:05:00,35.7733469383519
2025-03-12 00:06:00,35.78043774453773
2025-03-12 00:07:00,35.78752909705299
2025-03-12 00:08:00,35.79462100032913
2025-03-12 00:09:00,35.80171345406599
2025-03-12 00:10:00,35.808806457877985
2025-03-12 00:11:00,35.81590001141417
2025-03-12 00:12:00,35.82299411435789
2025-03-12 00:13:00,35.83008876635846
2025-03-12 00:14:00,35.837183967082645
2025-03-12 00:15:00,35.84427971618021
2025-03-12 00:16:00,35.851376013318344
2025-03-12 00:17:00,35.85847286283183
2025-03-12 00:18:00,35.8655702549851
2025-03-12 00:19:00,35.8726681941474
2025-03-12 00:20:00,35.87976667996955
2025-03-12 00:21:00,35.886865712085516
2025-03-12 00:22:00,35.89396529019802
2025-03-12 00:23:00,35.90106541397558
2025-03-12 00:24:00,35.90816608300157
2025-03-12 00:25:00,35.91526729697912
2025-03-12 00:26:00,35.92236905562903
2025-03-12 00:27:00,35.92947135851803
2025-03-12 00:28:00,35.9365742053329
2025-03-12 00:29:00,35.943677600535075
2025-03-12 00:30:00,35.95078153419493
2025-03-12 00:31:00,35.95788601080814
2025-03-12 00:32:00,35.964991030011085
2025-03-12 00:33:00,35.972096591405915
2025-03-12 00:34:00,35.97920269474944
2025-03-12 00:35:00,35.98630933962699
2025-03-12 00:36:00,35.993416525727206
2025-03-12 00:37:00,36.00052425270462
2025-03-12 00:38:00,36.00763252026524
2025-03-12 00:39:00,36.01474132802973
2025-03-12 00:40:00,36.02185068038007
2025-03-12 00:41:00,36.02896056756965
2025-03-12 00:42:00,36.03607099392903
2025-03-12 00:43:00,36.04318195913116
2025-03-12 00:44:00,36.050293462849154
2025-03-12 00:45:00,36.05740550479053
2025-03-12 00:46:00,36.06451808454311
2025-03-12 00:47:00,36.07163120184926
2025-03-12 00:48:00,36.078744856348635
2025-03-12 00:49:00,36.085859047663774
2025-03-12 00:50:00,36.0929737754349
2025-03-12 00:51:00,36.10008904422166
2025-03-12 00:52:00,36.10720484403187
2025-03-12 00:53:00,36.114321179356615
2025-03-12 00:54:00,36.121438049854
2025-03-12 00:55:00,36.128555455182266
2025-03-12 00:56:00,36.13567339498273
2025-03-12 00:57:00,36.14279186894834
2025-03-12 00:58:00,36.14991087678953
2025-03-12 00:59:00,36.15703041806225
2025-03-12 01:00:00,36.164150492546085
2025-03-12 01:01:00,36.171271099831834
2025-03-12 01:02:00,36.17839224436509
2025-03-12 01:03:00,36.18551391632016
2025-03-12 01:04:00,36.19263612010837
2025-03-12 01:05:00,36.199758855338416
2025-03-12 01:06:00,36.20688212179123
2025-03-12 01:07:00,36.21400591904159
2025-03-12 01:08:00,36.2211302467675
2025-03-12 01:09:00,36.22825510468183
2025-03-12 01:10:00,36.235380492445856
2025-03-12 01:11:00,36.242506409669495
2025-03-12 01:12:00,36.24963285606619
2025-03-12 01:13:00,36.256759831349484
2025-03-12 01:14:00,36.26388733988555
2025-03-12 01:15:00,36.27101537179141
2025-03-12 01:16:00,36.278143931605356
2025-03-12 01:17:00,36.28527301890408
2025-03-12 01:18:00,36.29240263338512
2025-03-12 01:19:00,36.29953277471166
2025-03-12 01:20:00,36.30666344254691
2025-03-12 01:21:00,36.313794636640715
2025-03-12 01:22:00,36.3209263565363
2025-03-12 01:23:00,36.32805860198376
2025-03-12 01:24:00,36.33519137263008
2025-03-12 01:25:00,36.34232467295075
2025-03-12 01:26:00,36.34945849305737
2025-03-12 01:27:00,36.35659283732229
2025-03-12 01:28:00,36.36372770551378
2025-03-12 01:29:00,36.370863097279894
2025-03-12 01:30:00,36.37799901226876
2025-03-12 01:31:00,36.38513545016331
2025-03-12 01:32:00,36.39227241061209
2025-03-12 01:33:00,36.399409893332866
2025-03-12 01:34:00,36.40654789797451
2025-03-12 01:35:00,36.41368642422083
2025-03-12 01:36:00,36.42082547651879
2025-03-12 01:37:00,36.4279650449404
2025-03-12 01:38:00,36.435105134018734
2025-03-12 01:39:00,36.442245743386756
2025-03-12 01:40:00,36.44938687269455
2025-03-12 01:41:00,36.45652852164428
2025-03-12 01:42:00,36.463670689886584
2025-03-12 01:43:00,36.47081337714114
2025-03-12 01:44:00,36.47795658302453
2025-03-12 01:45:00,36.4851003072913
2025-03-12 01:46:00,36.49224454954123
2025-03-12 01:47:00,36.49938931426181
2025-03-12 01:48:00,36.506534591502316
2025-03-12 01:49:00,36.5136803858538
2025-03-12 01:50:00,36.5208266968823
2025-03-12 01:51:00,36.52797352430909
2025-03-12 01:52:00,36.53512086778675
2025-03-12 01:53:00,36.54226872700269
2025-03-12 01:54:00,36.54941710162702
2025-03-12 01:55:00,36.556565991330245
2025-03-12 01:56:00,36.56371539583476
2025-03-12 01:57:00,36.570865314725175
2025-03-12 01:58:00,36.57801574779316
2025-03-12 01:59:00,36.58516669941192
2025-03-12 02:00:00,36.59231815974597
2025-03-12 02:01:00,36.59947013320288
2025-03-12 02:02:00,36.60662261954082
2025-03-12 02:03:00,36.61377561831111
2025-03-12 02:04:00,36.6209291293066
2025-03-12 02:05:00,36.62808315218256
2025-03-12 02:06:00,36.63523768655979
2025-03-12 02:07:00,36.642392732197344
2025-03-12 02:08:00,36.64954828873383
2025-03-12 02:09:00,36.65670435582511
2025-03-12 02:10:00,36.66386093795365
2025-03-12 02:11:00,36.6710180252961
2025-03-12 02:12:00,36.678175622179694
2025-03-12 02:13:00,36.68533372838193
2025-03-12 02:14:00,36.69249234357693
2025-03-12 02:15:00,36.699651467421916
2025-03-12 02:16:00,36.70681109959149
2025-03-12 02:17:00,36.713971239777564
2025-03-12 02:18:00,36.72113188768977
2025-03-12 02:19:00,36.728293042951435
2025-03-12 02:20:00,36.73545470527234
2025-03-12 02:21:00,36.74261687915811
2025-03-12 02:22:00,36.7497795546422
2025-03-12 02:23:00,36.75694273624736
2025-03-12 02:24:00,36.76410642366707
2025-03-12 02:25:00,36.77127061649135
2025-03-12 02:26:00,36.77843531450022
2025-03-12 02:27:00,36.78560051730132
2025-03-12 02:28:00,36.79276622467539
2025-03-12 02:29:00,36.79993243621296
2025-03-12 02:30:00,36.80709915160871
2025-03-12 02:31:00,36.814266370591966
2025-03-12 02:32:00,36.821434097639376
2025-03-12 02:33:00,36.82860232281387
2025-03-12 02:34:00,36.83577105055764
2025-03-12 02:35:00,36.84294028060083
2025-03-12 02:36:00,36.85011001262188
2025-03-12 02:37:00,36.85728024635124
2025-03-12 02:38:00,36.86445098138144
2025-03-12 02:39:00,36.87162221747788
2025-03-12 02:40:00,36.87879395428515
2025-03-12 02:41:00,36.88596619148276
2025-03-12 02:42:00,36.893138928733
2025-03-12 02:43:00,36.90031216581947
2025-03-12 02:44:00,36.90748590713846
2025-03-12 02:45:00,36.91466014278214
2025-03-12 02:46:00,36.921834877285285
2025-03-12 02:47:00,36.929010110259185
2025-03-12 02:48:00,36.93618584145392
2025-03-12 02:49:00,36.94336207053311
2025-03-12 02:50:00,36.95053879719508
2025-03-12 02:51:00,36.95771602105211
2025-03-12 02:52:00,36.964893741906714
2025-03-12 02:53:00,36.97207195938876
2025-03-12 02:54:00,36.97925067321482
2025-03-12 02:55:00,36.98642988780398
2025-03-12 02:56:00,36.993609593330035
2025-03-12 02:57:00,37.00078979416023
2025-03-12 02:58:00,37.00797049011587
2025-03-12 02:59:00,37.015151680827756
2025-03-12 03:00:00,37.022333365944306
2025-03-12 03:01:00,37.02951554523532
2025-03-12 03:02:00,37.03669821831497
2025-03-12 03:03:00,37.0438813849361
2025-03-12 03:04:00,37.051065044713276
2025-03-12 03:05:00,37.058249197417034
2025-03-12 03:06:00,37.06543384748956
2025-03-12 03:07:00,37.072618984995486
2025-03-12 03:08:00,37.07980461448111
2025-03-12 03:09:00,37.08699073563112
2025-03-12 03:10:00,37.094177348061116
2025-03-12 03:11:00,37.10136445152554
2025-03-12 03:12:00,37.108552045709594
2025-03-12 03:13:00,37.115740130298846
2025-03-12 03:14:00,37.12292870501364
2025-03-12 03:15:00,37.130117769505084
2025-03-12 03:16:00,37.137307323424565
2025-03-12 03:17:00,37.14449737137584
2025-03-12 03:18:00,37.151687903366614
2025-03-12 03:19:00,37.158878923844696
2025-03-12 03:20:00,37.166070432618184
2025-03-12 03:21:00,37.173262429339374
2025-03-12 03:22:00,37.18045491366089
2025-03-12 03:23:00,37.18764788528716
2025-03-12 03:24:00,37.194841343923216
2025-03-12 03:25:00,37.20203528927408
2025-03-12 03:26:00,37.209229721010274
2025-03-12 03:27:00,37.216424638854626
2025-03-12 03:28:00,37.223620042443365
2025-03-12 03:29:00,37.23081593633419
2025-03-12 03:30:00,37.23801231058157
2025-03-12 03:31:00,37.24520916969127
2025-03-12 03:32:00,37.252406513317595
2025-03-12 03:33:00,37.25960434120176
2025-03-12 03:34:00,37.26680265305049
2025-03-12 03:35:00,37.274001448536104
2025-03-12 03:36:00,37.28120072731348
2025-03-12 03:37:00,37.288400489124705
2025-03-12 03:38:00,37.29560073367728
2025-03-12 03:39:00,37.30280146060934
2025-03-12 03:40:00,37.3100026745015
2025-03-12 03:41:00,37.31720436536872
2025-03-12 03:42:00,37.324406537687324
2025-03-12 03:43:00,37.331609191217915
2025-03-12 03:44:00,37.33881232568647
2025-03-12 03:45:00,37.346015940662724
2025-03-12 03:46:00,37.353220035977216
2025-03-12 03:47:00,37.36042461125224
2025-03-12 03:48:00,37.367629666197146
2025-03-12 03:49:00,37.37483520046922
2025-03-12 03:50:00,37.38204121386504
2025-03-12 03:51:00,37.389247710831846
2025-03-12 03:52:00,37.39645468144891
2025-03-12 03:53:00,37.40366213016343
2025-03-12 03:54:00,37.410870056790124
2025-03-12 03:55:00,37.418078460918025
2025-03-12 03:56:00,37.42528734234458
2025-03-12 03:57:00,37.43249670069406
2025-03-12 03:58:00,37.4397065356775
2025-03-12 03:59:00,37.44691684698875
2025-03-12 04:00:00,37.45412763437419
2025-03-12 04:01:00,37.46133889749333
2025-03-12 04:02:00,37.46855064088564
2025-03-12 04:03:00,37.4757628545734
2025-03-12 04:04:00,37.48297554307886
2025-03-12 04:05:00,37.49018870613179
2025-03-12 04:06:00,37.49740234340988
2025-03-12 04:07:00,37.504616454643454
2025-03-12 04:08:00,37.51183103949314
2025-03-12 04:09:00,37.51904609768953
2025-03-12 04:10:00,37.526261628876284
2025-03-12 04:11:00,37.53347763285402
2025-03-12 04:12:00,37.54069410924931
2025-03-12 04:13:00,37.547911057758476
2025-03-12 04:14:00,37.55512848294452
2025-03-12 04:15:00,37.56234637480698
2025-03-12 04:16:00,37.569564737960825
2025-03-12 04:17:00,37.57678357198149
2025-03-12 04:18:00,37.58400287668809
2025-03-12 04:19:00,37.59122265174337
2025-03-12 04:20:00,37.59844289679272
2025-03-12 04:21:00,37.605663611621104
2025-03-12 04:22:00,37.61288479587437
2025-03-12 04:23:00,37.62010644928556
2025-03-12 04:24:00,37.62732857153565
2025-03-12 04:25:00,37.634551167210155
2025-03-12 04:26:00,37.64177422625169
2025-03-12 04:27:00,37.64899775326319
2025-03-12 04:28:00,37.65622174797872
2025-03-12 04:29:00,37.663446210045215
2025-03-12 04:30:00,37.67067113912733
2025-03-12 04:31:00,37.67789653499442
2025-03-12 04:32:00,37.68512239734625
2025-03-12 04:33:00,37.69234872586542
2025-03-12 04:34:00,37.69957552026948
2025-03-12 04:35:00,37.706802780293714
2025-03-12 04:36:00,37.71403051040693
2025-03-12 04:37:00,37.721258700686306
2025-03-12 04:38:00,37.72848735570534
2025-03-12 04:39:00,37.73571647506055
2025-03-12 04:40:00,37.74294605855757
2025-03-12 04:41:00,37.750176105845675
2025-03-12 04:42:00,37.75740661666128
2025-03-12 04:43:00,37.764637590688615
2025-03-12 04:44:00,37.771869027682044
2025-03-12 04:45:00,37.779100927308626
2025-03-12 04:46:00,37.78633328923587
2025-03-12 04:47:00,37.79356611807728
2025-03-12 04:48:00,37.80079940383562
2025-03-12 04:49:00,37.80803315101991
2025-03-12 04:50:00,37.81526735943774
2025-03-12 04:51:00,37.82250202865269
2025-03-12 04:52:00,37.82973715847282
2025-03-12 04:53:00,37.836972748584024
2025-03-12 04:54:00,37.8442087987075
2025-03-12 04:55:00,37.851445308547056
2025-03-12 04:56:00,37.85868227773695
2025-03-12 04:57:00,37.86591970606855
2025-03-12 04:58:00,37.87315759321134
2025-03-12 04:59:00,37.88039594376715
2025-03-12 05:00:00,37.88763474768121
2025-03-12 05:01:00,37.89487400957293
2025-03-12 05:02:00,37.90211372907757
2025-03-12 05:03:00,37.90935390600492
2025-03-12 05:04:00,37.91659453997325
2025-03-12 05:05:00,37.9238356307404
2025-03-12 05:06:00,37.9310771779597
2025-03-12 05:07:00,37.93831918142438
2025-03-12 05:08:00,37.94556164078816
2025-03-12 05:09:00,37.952804555774755
2025-03-12 05:10:00,37.960047930956144
2025-03-12 05:11:00,37.96729175630799
2025-03-12 05:12:00,37.974536036419856
2025-03-12 05:13:00,37.981780770981146
2025-03-12 05:14:00,37.989025959699056
2025-03-12 05:15:00,37.99627160235061
2025-03-12 05:16:00,38.00351769853848
2025-03-12 05:17:00,38.01076424807515
2025-03-12 05:18:00,38.018011250581026
2025-03-12 05:19:00,38.02525870585134
2025-03-12 05:20:00,38.032506613559285
2025-03-12 05:21:00,38.03975497824726
2025-03-12 05:22:00,38.0470037899559
2025-03-12 05:23:00,38.054253053227605
2025-03-12 05:24:00,38.061502767771174
2025-03-12 05:25:00,38.0687529333304
2025-03-12 05:26:00,38.07600354961459
2025-03-12 05:27:00,38.083254616297964
2025-03-12 05:28:00,38.090506133090116
2025-03-12 05:29:00,38.09775809975302
2025-03-12 05:30:00,38.10501051597905
2025-03-12 05:31:00,38.11226338146071
2025-03-12 05:32:00,38.11951670081524
2025-03-12 05:33:00,38.12677046397404
2025-03-12 05:34:00,38.1340246755718
2025-03-12 05:35:00,38.14127933530178
2025-03-12 05:36:00,38.14853444289228
2025-03-12 05:37:00,38.15578999798426
2025-03-12 05:38:00,38.16304600035888
2025-03-12 05:39:00,38.170302449710015
2025-03-12 05:40:00,38.17755934578413
2025-03-12 05:41:00,38.18481668825774
2025-03-12 05:42:00,38.19207447687784
2025-03-12 05:43:00,38.199332711321375
2025-03-12 05:44:00,38.20659139617617
2025-03-12 05:45:00,38.21385052143854
2025-03-12 05:46:00,38.221110091713705
2025-03-12 05:47:00,38.22837010666189
2025-03-12 05:48:00,38.23563056606602
2025-03-12 05:49:00,38.24289146960405
2025-03-12 05:50:00,38.25015281693651
2025-03-12 05:51:00,38.25741460788184
2025-03-12 05:52:00,38.26467684210094
2025-03-12 05:53:00,38.27193951934265
2025-03-12 05:54:00,38.27920263923302
2025-03-12 05:55:00,38.286466206522654
2025-03-12 05:56:00,38.29373021101063
2025-03-12 05:57:00,38.300994657429804
2025-03-12 05:58:00,38.308259545424725
2025-03-12 05:59:00,38.31552487465748
2025-03-12 06:00:00,38.322790644965444
2025-03-12 06:01:00,38.3300568560286
2025-03-12 06:02:00,38.337323507527
2025-03-12 06:03:00,38.34459059919358
2025-03-12 06:04:00,38.35185813074361
2025-03-12 06:05:00,38.35912610194545
2025-03-12 06:06:00,38.36639451730938
2025-03-12 06:07:00,38.373663366874965
2025-03-12 06:08:00,38.38093265520511
2025-03-12 06:09:00,38.38820238201618
2025-03-12 06:10:00,38.395472547024546
2025-03-12 06:11:00,38.40274314998186
2025-03-12 06:12:00,38.410014190534845
2025-03-12 06:13:00,38.41728566848806
2025-03-12 06:14:00,38.42455758354105
2025-03-12 06:15:00,38.43182993537609
2025-03-12 06:16:00,38.439102723710555
2025-03-12 06:17:00,38.44637595319994
2025-03-12 06:18:00,38.453649613774104
2025-03-12 06:19:00,38.46092371003605
2025-03-12 06:20:00,38.4681982417214
2025-03-12 06:21:00,38.475473208495714
2025-03-12 06:22:00,38.482748610130024
2025-03-12 06:23:00,38.49002444632536
2025-03-12 06:24:00,38.497300716853125
2025-03-12 06:25:00,38.50457742134439
2025-03-12 06:26:00,38.511854559606036
2025-03-12 06:27:00,38.51913213132208
2025-03-12 06:28:00,38.526410136176864
2025-03-12 06:29:00,38.533688578866354
2025-03-12 06:30:00,38.540967449280494
2025-03-12 06:31:00,38.54824675199234
2025-03-12 06:32:00,38.55552648679222
2025-03-12 06:33:00,38.56280665343532
2025-03-12 06:34:00,38.57008725151931
2025-03-12 06:35:00,38.577368280887335
2025-03-12 06:36:00,38.58464974118991
2025-03-12 06:37:00,38.59193163220057
2025-03-12 06:38:00,38.59921395358756
2025-03-12 06:39:00,38.60649670508959
2025-03-12 06:40:00,38.613779891354994
2025-03-12 06:41:00,38.621063502321654
2025-03-12 06:42:00,38.6283475426028
2025-03-12 06:43:00,38.63563201190279
2025-03-12 06:44:00,38.642916909908365
2025-03-12 06:45:00,38.650202236429294
2025-03-12 06:46:00,38.65748799113533
2025-03-12 06:47:00,38.66477417374876
2025-03-12 06:48:00,38.672060784044895
2025-03-12 06:49:00,38.67934782169375
2025-03-12 06:50:00,38.68663528647096
2025-03-12 06:51:00,38.693923182924244
2025-03-12 06:52:00,38.7012115010398
2025-03-12 06:53:00,38.70850024547095
2025-03-12 06:54:00,38.71578941587081
2025-03-12 06:55:00,38.72307901203331
2025-03-12 06:56:00,38.73036903362975
2025-03-12 06:57:00,38.73765948038403
2025-03-12 06:58:00,38.74495035205541
2025-03-12 06:59:00,38.75224164838579
2025-03-12 07:00:00,38.7595333690294
2025-03-12 07:01:00,38.76682551383385
2025-03-12 07:02:00,38.774118087316424
2025-03-12 07:03:00,38.78141107940642
2025-03-12 07:04:00,38.78870449481451
2025-03-12 07:05:00,38.795998333213205
2025-03-12 07:06:00,38.803292594275185
2025-03-12 07:07:00,38.810587277866645
2025-03-12 07:08:00,38.8178823836254
2025-03-12 07:09:00,38.82517791129498
2025-03-12 07:10:00,38.83247386058376
2025-03-12 07:11:00,38.83977023123556
2025-03-12 07:12:00,38.84706702301183
2025-03-12 07:13:00,38.85436423555125
2025-03-12 07:14:00,38.8616618735697
2025-03-12 07:15:00,38.868959927009186
2025-03-12 07:16:00,38.87625840042734
2025-03-12 07:17:00,38.88355729358648
2025-03-12 07:18:00,38.89085660621397
2025-03-12 07:19:00,38.89815633803718
2025-03-12 07:20:00,38.90545648876609
2025-03-12 07:21:00,38.91275705819887
2025-03-12 07:22:00,38.92005804601065
2025-03-12 07:23:00,38.92735945192945
2025-03-12 07:24:00,38.934661275718696
2025-03-12 07:25:00,38.941963521905535
2025-03-12 07:26:00,38.949266180603566
2025-03-12 07:27:00,38.95656925634
2025-03-12 07:28:00,38.96387274879084
2025-03-12 07:29:00,38.97117665775549
2025-03-12 07:30:00,38.97848098296306
2025-03-12 07:31:00,38.98578572416049
2025-03-12 07:32:00,38.99309088102443
2025-03-12 07:33:00,39.00039645335481
2025-03-12 07:34:00,39.00770244081099
2025-03-12 07:35:00,39.01500884314055
2025-03-12 07:36:00,39.02231566505134
2025-03-12 07:37:00,39.02962289638853
2025-03-12 07:38:00,39.03693054182494
2025-03-12 07:39:00,39.04423860107336
2025-03-12 07:40:00,39.051547073899776
2025-03-12 07:41:00,39.05885595998214
2025-03-12 07:42:00,39.06616525910429
2025-03-12 07:43:00,39.07347497101495
2025-03-12 07:44:00,39.08078509537492
2025-03-12 07:45:00,39.08809563196852
2025-03-12 07:46:00,39.095406580492025
2025-03-12 07:47:00,39.10271794560533
2025-03-12 07:48:00,39.110029717272454
2025-03-12 07:49:00,39.117341900100485
2025-03-12 07:50:00,39.124654493803874
2025-03-12 07:51:00,39.13196749811509
2025-03-12 07:52:00,39.13928091281937
2025-03-12 07:53:00,39.14659473761417
2025-03-12 07:54:00,39.153908972179444
2025-03-12 07:55:00,39.16122361637141
2025-03-12 07:56:00,39.16853866983516
2025-03-12 07:57:00,39.17585413235674
2025-03-12 07:58:00,39.18317000365201
2025-03-12 07:59:00,39.19048628835044
2025-03-12 08:00:00,39.197802976341166
2025-03-12 08:01:00,39.20512007234173
2025-03-12 08:02:00,39.212437576086394
2025-03-12 08:03:00,39.219755487256236
2025-03-12 08:04:00,39.22707380558569
2025-03-12 08:05:00,39.234392530844346
2025-03-12 08:06:00,39.24171166280213
2025-03-12 08:07:00,39.24903120110559
2025-03-12 08:08:00,39.25635114557792
2025-03-12 08:09:00,39.2636714959011
2025-03-12 08:10:00,39.27099225674471
2025-03-12 08:11:00,39.2783134179934
2025-03-12 08:12:00,39.285634984369594
2025-03-12 08:13:00,39.29295695552077
2025-03-12 08:14:00,39.300279331270865
2025-03-12 08:15:00,39.307602111267656
2025-03-12 08:16:00,39.31492529533549
2025-03-12 08:17:00,39.32224888315765
2025-03-12 08:18:00,39.329572874488086
2025-03-12 08:19:00,39.33689726908105
2025-03-12 08:20:00,39.344222066620326
2025-03-12 08:21:00,39.35154727183289
2025-03-12 08:22:00,39.35887287459911
2025-03-12 08:23:00,39.36619887954019
2025-03-12 08:24:00,39.37352528642874
2025-03-12 08:25:00,39.38085209501977
2025-03-12 08:26:00,39.388179304980234
2025-03-12 08:27:00,39.3955069161185
2025-03-12 08:28:00,39.402834928172446
2025-03-12 08:29:00,39.410163340880096
2025-03-12 08:30:00,39.417492153926624
2025-03-12 08:31:00,39.424821367120956
2025-03-12 08:32:00,39.43215098505347
2025-03-12 08:33:00,39.43948099768852
2025-03-12 08:34:00,39.446811409704885
2025-03-12 08:35:00,39.45414222073544
2025-03-12 08:36:00,39.46147343060755
2025-03-12 08:37:00,39.46880503907812
2025-03-12 08:38:00,39.47613704583339
2025-03-12 08:39:00,39.483469450595216
2025-03-12 08:40:00,39.490802253191575
2025-03-12 08:41:00,39.49813545330922
2025-03-12 08:42:00,39.50546905063502
2025-03-12 08:43:00,39.512803045050454
2025-03-12 08:44:00,39.52013744113316
2025-03-12 08:45:00,39.527472228719155
2025-03-12 08:46:00,39.534807412633505
2025-03-12 08:47:00,39.5421429924578
2025-03-12 08:48:00,39.549478968021226
2025-03-12 08:49:00,39.55681533908233
2025-03-12 08:50:00,39.564152105311535
2025-03-12 08:51:00,39.57148926652072
2025-03-12 08:52:00,39.578826822416055
2025-03-12 08:53:00,39.58616477272121
2025-03-12 08:54:00,39.593503117213146
2025-03-12 08:55:00,39.600841860597896
2025-03-12 08:56:00,39.60818099270713
2025-03-12 08:57:00,39.61552051821146
2025-03-12 08:58:00,39.62286043685303
2025-03-12 08:59:00,39.63020074842729
2025-03-12 09:00:00,39.63754145267684
2025-03-12 09:01:00,39.644882549238126
2025-03-12 09:02:00,39.65222403797782
2025-03-12 09:03:00,39.659565918585805
2025-03-12 09:04:00,39.6669081908405
2025-03-12 09:05:00,39.674250854414474
2025-03-12 09:06:00,39.681593914035595
2025-03-12 09:07:00,39.688937359637805
2025-03-12 09:08:00,39.69628119578982
2025-03-12 09:09:00,39.7036254223062
2025-03-12 09:10:00,39.71097003894861
2025-03-12 09:11:00,39.718315045372734
2025-03-12 09:12:00,39.725660441446585
2025-03-12 09:13:00,39.733006226808335
2025-03-12 09:14:00,39.74035240122041
2025-03-12 09:15:00,39.747698964515756
2025-03-12 09:16:00,39.75504591635076
2025-03-12 09:17:00,39.762393261457866
2025-03-12 09:18:00,39.769740989678226
2025-03-12 09:19:00,39.77708910572666
2025-03-12 09:20:00,39.78443760929535
2025-03-12 09:21:00,39.79178650021847
2025-03-12 09:22:00,39.799135778153
2025-03-12 09:23:00,39.80648544293333
2025-03-12 09:24:00,39.81383549419916
2025-03-12 09:25:00,39.82118593180284
2025-03-12 09:26:00,39.82853675545516
2025-03-12 09:27:00,39.83588796488478
2025-03-12 09:28:00,39.843239559855874
2025-03-12 09:29:00,39.850591545034895
2025-03-12 09:30:00,39.85794391029396
2025-03-12 09:31:00,39.86529666038796
2025-03-12 09:32:00,39.87264979502866
2025-03-12 09:33:00,39.88000331389234
2025-03-12 09:34:00,39.88735721681491
2025-03-12 09:35:00,39.89471150352617
2025-03-12 09:36:00,39.90206617379155
2025-03-12 09:37:00,39.90942122727002
2025-03-12 09:38:00,39.91677666383374
2025-03-12 09:39:00,39.924132483141975
2025-03-12 09:40:00,39.931488689918766
2025-03-12 09:41:00,39.93884527406748
2025-03-12 09:42:00,39.94620224017032
2025-03-12 09:43:00,39.95355958811771
2025-03-12 09:44:00,39.960917317587494
2025-03-12 09:45:00,39.968275428328454
2025-03-12 09:46:00,39.975633920072
2025-03-12 09:47:00,39.98299279263811
2025-03-12 09:48:00,39.99035204570522
2025-03-12 09:49:00,39.997711679076
2025-03-12 09:50:00,40.00507169246445
2025-03-12 09:51:00,40.012432090581164
2025-03-12 09:52:00,40.01979286329014
2025-03-12 09:53:00,40.02715401531959
2025-03-12 09:54:00,40.03451554634866
2025-03-12 09:55:00,40.04187745614547
2025-03-12 09:56:00,40.049239744549006
2025-03-12 09:57:00,40.05660241122119
2025-03-12 09:58:00,40.0639654559659
2025-03-12 09:59:00,40.07132887848074
2025-03-12 10:00:00,40.0786926785344
2025-03-12 10:01:00,40.08605685593117
2025-03-12 10:02:00,40.09342141531489
2025-03-12 10:03:00,40.100786346545554
2025-03-12 10:04:00,40.1081516543557
2025-03-12 10:05:00,40.115517338479286
2025-03-12 10:06:00,40.122883398685694
2025-03-12 10:07:00,40.13024983474476
2025-03-12 10:08:00,40.13761664631966
2025-03-12 10:09:00,40.14498383325138
2025-03-12 10:10:00,40.15235139527449
2025-03-12 10:11:00,40.15971933214148
2025-03-12 10:12:00,40.16708764356942
2025-03-12 10:13:00,40.17445632941756
2025-03-12 10:14:00,40.181825394245585
2025-03-12 10:15:00,40.18919482801557
2025-03-12 10:16:00,40.196564635375964
2025-03-12 10:17:00,40.20393481611561
2025-03-12 10:18:00,40.21130536997015
2025-03-12 10:19:00,40.21867629672871
2025-03-12 10:20:00,40.22604759610928
2025-03-12 10:21:00,40.23341926786581
2025-03-12 10:22:00,40.24079131177002
2025-03-12 10:23:00,40.248163727558165
2025-03-12 10:24:00,40.25553651500225
2025-03-12 10:25:00,40.26290967884383
2025-03-12 10:26:00,40.27028320886336
2025-03-12 10:27:00,40.27765710980228
2025-03-12 10:28:00,40.28503138141538
2025-03-12 10:29:00,40.29240602352874
2025-03-12 10:30:00,40.29978103580842
2025-03-12 10:31:00,40.30715641799187
2025-03-12 10:32:00,40.31453216992318
2025-03-12 10:33:00,40.3219082912868
2025-03-12 10:34:00,40.329284781891566
2025-03-12 10:35:00,40.336661641457624
2025-03-12 10:36:00,40.34403887476628
2025-03-12 10:37:00,40.351416471522796
2025-03-12 10:38:00,40.358794436597414
2025-03-12 10:39:00,40.366172769675266
2025-03-12 10:40:00,40.37355147047719
2025-03-12 10:41:00,40.38093053884844
2025-03-12 10:42:00,40.38830997447473
2025-03-12 10:43:00,40.39568977716606
2025-03-12 10:44:00,40.40306994662603
2025-03-12 10:45:00,40.41045048268273
2025-03-12 10:46:00,40.417831385004504
2025-03-12 10:47:00,40.42521265835906
2025-03-12 10:48:00,40.432594292643216
2025-03-12 10:49:00,40.43997629248256
2025-03-12 10:50:00,40.44735865767028
2025-03-12 10:51:00,40.454741388017595
2025-03-12 10:52:00,40.462124483193456
2025-03-12 10:53:00,40.4695079430095
2025-03-12 10:54:00,40.476891767206
2025-03-12 10:55:00,40.484275955576905
2025-03-12 10:56:00,40.491660507845246
2025-03-12 10:57:00,40.49904542380514
2025-03-12 10:58:00,40.506430703162
2025-03-12 10:59:00,40.51381635067023
2025-03-12 11:00:00,40.52120235622258
2025-03-12 11:01:00,40.528588724448895
2025-03-12 11:02:00,40.53597545510844
2025-03-12 11:03:00,40.543362548067506
2025-03-12 11:04:00,40.550750003014436
2025-03-12 11:05:00,40.55813781974444
2025-03-12 11:06:00,40.56552599794609
2025-03-12 11:07:00,40.57291453743282
2025-03-12 11:08:00,40.58030343796467
2025-03-12 11:09:00,40.5876926993196
2025-03-12 11:10:00,40.59508232616716
2025-03-12 11:11:00,40.6024723084141
2025-03-12 11:12:00,40.60986265074773
2025-03-12 11:13:00,40.617253352946456
2025-03-12 11:14:00,40.62464441471782
2025-03-12 11:15:00,40.63203583591193
2025-03-12 11:16:00,40.639427616218484
2025-03-12 11:17:00,40.64681975545222
2025-03-12 11:18:00,40.654212253321084
2025-03-12 11:19:00,40.66160510964006
2025-03-12 11:20:00,40.66899832415282
2025-03-12 11:21:00,40.676391901568806
2025-03-12 11:22:00,40.68378583179066
2025-03-12 11:23:00,40.69118011942066
2025-03-12 11:24:00,40.69857476436362
2025-03-12 11:25:00,40.70596976625717
2025-03-12 11:26:00,40.71336512498824
2025-03-12 11:27:00,40.72076084021257
2025-03-12 11:28:00,40.72815691176414
2025-03-12 11:29:00,40.735553339369964
2025-03-12 11:30:00,40.74295012281084
2025-03-12 11:31:00,40.750347261849804
2025-03-12 11:32:00,40.7577447612359
2025-03-12 11:33:00,40.76514261077885
2025-03-12 11:34:00,40.772540815191945
2025-03-12 11:35:00,40.77993937423878
2025-03-12 11:36:00,40.7873382877722
2025-03-12 11:37:00,40.79473755548464
2025-03-12 11:38:00,40.80213717710446
2025-03-12 11:39:00,40.809537152467065
2025-03-12 11:40:00,40.8169374813187
2025-03-12 11:41:00,40.82433816342381
2025-03-12 11:42:00,40.8317391985646
2025-03-12 11:43:00,40.839140586470045
2025-03-12 11:44:00,40.84654233187568
2025-03-12 11:45:00,40.853944424676214
2025-03-12 11:46:00,40.861346869535815
2025-03-12 11:47:00,40.86874966621968
2025-03-12 11:48:00,40.876152814546444
2025-03-12 11:49:00,40.88355631426366
2025-03-12 11:50:00,40.8909601651368
2025-03-12 11:51:00,40.8983643668958
2025-03-12 11:52:00,40.905768919359794
2025-03-12 11:53:00,40.91317382229475
2025-03-12 11:54:00,40.92057907543088
2025-03-12 11:55:00,40.9279846835435
2025-03-12 11:56:00,40.935390636398516
2025-03-12 11:57:00,40.94279693882484
2025-03-12 11:58:00,40.95020359055324
2025-03-12 11:59:00,40.95761059131455
2025-03-12 12:00:00,40.96501794089342
2025-03-12 12:01:00,40.97242563909232
2025-03-12 12:02:00,40.9798336856962
2025-03-12 12:03:00,40.98724208038284
2025-03-12 12:04:00,40.99465082299088
2025-03-12 12:05:00,41.00205991326981
2025-03-12 12:06:00,41.009469355963226
2025-03-12 12:07:00,41.016879140922484
2025-03-12 12:08:00,41.02428927285551
2025-03-12 12:09:00,41.03169975149441
2025-03-12 12:10:00,41.0391105767143
2025-03-12 12:11:00,41.046521748193975
2025-03-12 12:12:00,41.05393326577318
2025-03-12 12:13:00,41.061345129130935
2025-03-12 12:14:00,41.06875733812495
2025-03-12 12:15:00,41.07616989250604
2025-03-12 12:16:00,41.08358279198934
2025-03-12 12:17:00,41.09099604139382
2025-03-12 12:18:00,41.09840963049562
2025-03-12 12:19:00,41.10582356404227
2025-03-12 12:20:00,41.11323784185669
2025-03-12 12:21:00,41.120652463618654
2025-03-12 12:22:00,41.12806742916938
2025-03-12 12:23:00,41.13548273827829
2025-03-12 12:24:00,41.14289839069728
2025-03-12 12:25:00,41.15031438619621
2025-03-12 12:26:00,41.15773072452716
2025-03-12 12:27:00,41.165147405495986
2025-03-12 12:28:00,41.172564428872825
2025-03-12 12:29:00,41.179981799391676
2025-03-12 12:30:00,41.18739950691393
2025-03-12 12:31:00,41.194817556119844
2025-03-12 12:32:00,41.20223594678016
2025-03-12 12:33:00,41.20965467875508
2025-03-12 12:34:00,41.21707375177974
2025-03-12 12:35:00,41.224493165535975
2025-03-12 12:36:00,41.23191291995575
2025-03-12 12:37:00,41.239333014685265
2025-03-12 12:38:00,41.2467534495496
2025-03-12 12:39:00,41.25417422433821
2025-03-12 12:40:00,41.26159534373518
2025-03-12 12:41:00,41.26901679763409
2025-03-12 12:42:00,41.27643859075476
2025-03-12 12:43:00,41.28386072285139
2025-03-12 12:44:00,41.29128319376774
2025-03-12 12:45:00,41.29870600318661
2025-03-12 12:46:00,41.306129150898286
2025-03-12 12:47:00,41.31355263676474
2025-03-12 12:48:00,41.32097646045142
2025-03-12 12:49:00,41.3284006218204
2025-03-12 12:50:00,41.33582512057305
2025-03-12 12:51:00,41.34324996152271
2025-03-12 12:52:00,41.350675134451635
2025-03-12 12:53:00,41.35810064413733
2025-03-12 12:54:00,41.365526490281674
2025-03-12 12:55:00,41.37295267278337
2025-03-12 12:56:00,41.38037919134449
2025-03-12 12:57:00,41.387806045756626
2025-03-12 12:58:00,41.395233235739965
2025-03-12 12:59:00,41.402660761176016
2025-03-12 13:00:00,41.41008862176703
2025-03-12 13:01:00,41.41751681730532
2025-03-12 13:02:00,41.42494535253636
2025-03-12 13:03:00,41.43237421731049
2025-03-12 13:04:00,41.439803416355076
2025-03-12 13:05:00,41.44723294946297
2025-03-12 13:06:00,41.45466281640896
2025-03-12 13:07:00,41.462093016950035
2025-03-12 13:08:00,41.46952355087917
2025-03-12 13:09:00,41.476954417971584
2025-03-12 13:10:00,41.484385618020454
2025-03-12 13:11:00,41.49181715076534
2025-03-12 13:12:00,41.49924901601772
2025-03-12 13:13:00,41.50668121357112
2025-03-12 13:14:00,41.51411374812141
2025-03-12 13:15:00,41.52154660953281
2025-03-12 13:16:00,41.5289798025371
2025-03-12 13:17:00,41.53641332696419
2025-03-12 13:18:00,41.54384718253644
2025-03-12 13:19:00,41.551281369030434
2025-03-12 13:20:00,41.558715886294216
2025-03-12 13:21:00,41.5661507340148
2025-03-12 13:22:00,41.573585912058505
2025-03-12 13:23:00,41.58102142011267
2025-03-12 13:24:00,41.58845725804375
2025-03-12 13:25:00,41.5958934305514
2025-03-12 13:26:00,41.60332992747839
2025-03-12 13:27:00,41.61076675357811
2025-03-12 13:28:00,41.61820390866387
2025-03-12 13:29:00,41.62564139244151
2025-03-12 13:30:00,41.633079204760335
2025-03-12 13:31:00,41.64051734539823
2025-03-12 13:32:00,41.64795581407922
2025-03-12 13:33:00,41.65539461059941
2025-03-12 13:34:00,41.66283373479057
2025-03-12 13:35:00,41.6702731863952
2025-03-12 13:36:00,41.67771297015255
2025-03-12 13:37:00,41.68515307595535
2025-03-12 13:38:00,41.69259350848924
2025-03-12 13:39:00,41.70003426753277
2025-03-12 13:40:00,41.70747535291867
2025-03-12 13:41:00,41.714916764425915
2025-03-12 13:42:00,41.72235850179767
2025-03-12 13:43:00,41.72980056486697
2025-03-12 13:44:00,41.737242953341344
2025-03-12 13:45:00,41.74468566707204
2025-03-12 13:46:00,41.75212870580267
2025-03-12 13:47:00,41.75957207431203
2025-03-12 13:48:00,41.767015762399836
2025-03-12 13:49:00,41.774459774880654
2025-03-12 13:50:00,41.78190411146284
2025-03-12 13:51:00,41.789348772016176
2025-03-12 13:52:00,41.79679375619532
2025-03-12 13:53:00,41.804239063924186
2025-03-12 13:54:00,41.811684694929426
2025-03-12 13:55:00,41.81913064891977
2025-03-12 13:56:00,41.82657692580158
2025-03-12 13:57:00,41.83402352530188
2025-03-12 13:58:00,41.84147044721953
2025-03-12 13:59:00,41.84891769628351
2025-03-12 14:00:00,41.856365262343374
2025-03-12 14:01:00,41.86381315012823
2025-03-12 14:02:00,41.87126135947319
2025-03-12 14:03:00,41.87870989017779
2025-03-12 14:04:00,41.8861587419339
2025-03-12 14:05:00,41.893607914577075
2025-03-12 14:06:00,41.90105740788914
2025-03-12 14:07:00,41.908507221705996
2025-03-12 14:08:00,41.91595735575593
2025-03-12 14:09:00,41.92340780980296
2025-03-12 14:10:00,41.93085858866975
2025-03-12 14:11:00,41.93830968216624
2025-03-12 14:12:00,41.94576109504316
2025-03-12 14:13:00,41.953212827029176
2025-03-12 14:14:00,41.960664878015
2025-03-12 14:15:00,41.96811724774745
2025-03-12 14:16:00,41.975569936027505
2025-03-12 14:17:00,41.98302294251249
2025-03-12 14:18:00,41.990476267183325
2025-03-12 14:19:00,41.99792990971547
2025-03-12 14:20:00,42.00538386994627
2025-03-12 14:21:00,42.012838152612225
2025-03-12 14:22:00,42.02029274750158
2025-03-12 14:23:00,42.02774765938683
2025-03-12 14:24:00,42.03520288814153
2025-03-12 14:25:00,42.04265843349596
2025-03-12 14:26:00,42.050114295216176
2025-03-12 14:27:00,42.05757047310444
2025-03-12 14:28:00,42.06502696696303
2025-03-12 14:29:00,42.072483776576426
2025-03-12 14:30:00,42.07994090172924
2025-03-12 14:31:00,42.08739834218809
2025-03-12 14:32:00,42.09485610276491
2025-03-12 14:33:00,42.10231417324464
2025-03-12 14:34:00,42.10977255838519
2025-03-12 14:35:00,42.11723125804363
2025-03-12 14:36:00,42.12469027191532
2025-03-12 14:37:00,42.13214959989349
2025-03-12 14:38:00,42.13960924165572
2025-03-12 14:39:00,42.14706919709553
2025-03-12 14:40:00,42.15452946589073
2025-03-12 14:41:00,42.16199004793492
2025-03-12 14:42:00,42.16945094297812
2025-03-12 14:43:00,42.176912150752486
2025-03-12 14:44:00,42.18437367614559
2025-03-12 14:45:00,42.19183550888474
2025-03-12 14:46:00,42.199297653731726
2025-03-12 14:47:00,42.20676011058095
2025-03-12 14:48:00,42.21422287912904
2025-03-12 14:49:00,42.221685959180796
2025-03-12 14:50:00,42.22914935057683
2025-03-12 14:51:00,42.236613053032215
2025-03-12 14:52:00,42.24407706642391
2025-03-12 14:53:00,42.25154139041311
2025-03-12 14:54:00,42.259006024931
2025-03-12 14:55:00,42.26647097467106
2025-03-12 14:56:00,42.27393622950085
2025-03-12 14:57:00,42.281401794131725
2025-03-12 14:58:00,42.2888676684055
2025-03-12 14:59:00,42.296333852073964
2025-03-12 15:00:00,42.30380034499692
2025-03-12 15:01:00,42.31126714690854
2025-03-12 15:02:00,42.31873425759687
2025-03-12 15:03:00,42.32620167685019
2025-03-12 15:04:00,42.333669404510815
2025-03-12 15:05:00,42.34113744036724
2025-03-12 15:06:00,42.34860578913444
2025-03-12 15:07:00,42.356074440676544
2025-03-12 15:08:00,42.363543399726474
2025-03-12 15:09:00,42.371012666145184
2025-03-12 15:10:00,42.37848223970367
2025-03-12 15:11:00,42.385952120173066
2025-03-12 15:12:00,42.393422307306565
2025-03-12 15:13:00,42.400892800983556
2025-03-12 15:14:00,42.4083636009575
2025-03-12 15:15:00,42.41583470699992
2025-03-12 15:16:00,42.423306118936466
2025-03-12 15:17:00,42.43077784153965
2025-03-12 15:18:00,42.438249864652256
2025-03-12 15:19:00,42.445722192974564
2025-03-12 15:20:00,42.45319482636886
2025-03-12 15:21:00,42.460667764589296
2025-03-12 15:22:00,42.46814100749822
2025-03-12 15:23:00,42.47561455483198
2025-03-12 15:24:00,42.48308840636323
2025-03-12 15:25:00,42.49056256191849
2025-03-12 15:26:00,42.498037021324606
2025-03-12 15:27:00,42.50551178431841
2025-03-12 15:28:00,42.51298685070895
2025-03-12 15:29:00,42.52046222534445
2025-03-12 15:30:00,42.52793789790182
2025-03-12 15:31:00,42.53541387330147
2025-03-12 15:32:00,42.54289015129878
2025-03-12 15:33:00,42.55036673164923
2025-03-12 15:34:00,42.55784361414438
2025-03-12 15:35:00,42.565320798630076
2025-03-12 15:36:00,42.57279828489811
2025-03-12 15:37:00,42.58027607270437
2025-03-12 15:38:00,42.587754161858996
2025-03-12 15:39:00,42.59523255220813
2025-03-12 15:40:00,42.60271124847748
2025-03-12 15:41:00,42.61019024048463
2025-03-12 15:42:00,42.61766953306342
2025-03-12 15:43:00,42.625149125898275
2025-03-12 15:44:00,42.63262901894408
2025-03-12 15:45:00,42.64010921186746
2025-03-12 15:46:00,42.64758970453351
2025-03-12 15:47:00,42.655070496662994
2025-03-12 15:48:00,42.66255158819331
2025-03-12 15:49:00,42.670032978791475
2025-03-12 15:50:00,42.677514668304894
2025-03-12 15:51:00,42.6849966615709
2025-03-12 15:52:00,42.69247894829539
2025-03-12 15:53:00,42.69996153329778
2025-03-12 15:54:00,42.7074444164439
2025-03-12 15:55:00,42.71492759743737
2025-03-12 15:56:00,42.7224110761624
2025-03-12 15:57:00,42.72989485237697
2025-03-12 15:58:00,42.737378925893246
2025-03-12 15:59:00,42.7448632965056
2025-03-12 16:00:00,42.75234796391811
2025-03-12 16:01:00,42.759832928087675
2025-03-12 16:02:00,42.76731819374684
2025-03-12 16:03:00,42.77480375067023
2025-03-12 16:04:00,42.782289603644585
2025-03-12 16:05:00,42.78977575255506
2025-03-12 16:06:00,42.79726219707031
2025-03-12 16:07:00,42.80474893711169
2025-03-12 16:08:00,42.81223597242036
2025-03-12 16:09:00,42.81972330277367
2025-03-12 16:10:00,42.82721092800301
2025-03-12 16:11:00,42.83469884794012
2025-03-12 16:12:00,42.842187062326424
2025-03-12 16:13:00,42.84967557099386
2025-03-12 16:14:00,42.85716437873262
2025-03-12 16:15:00,42.86465347535008
2025-03-12 16:16:00,42.87214286561835
2025-03-12 16:17:00,42.879632549387885
2025-03-12 16:18:00,42.887122526382576
2025-03-12 16:19:00,42.89461279645318
2025-03-12 16:20:00,42.90210335943211
2025-03-12 16:21:00,42.9095942150799
2025-03-12 16:22:00,42.91708536315706
2025-03-12 16:23:00,42.92457680355085
2025-03-12 16:24:00,42.93206853598565
2025-03-12 16:25:00,42.93956056536371
2025-03-12 16:26:00,42.947052881362424
2025-03-12 16:27:00,42.95454548884775
2025-03-12 16:28:00,42.96203838758096
2025-03-12 16:29:00,42.96953157746764
2025-03-12 16:30:00,42.97702505817907
2025-03-12 16:31:00,42.9845188295669
2025-03-12 16:32:00,42.992012891483114
2025-03-12 16:33:00,42.99950724368938
2025-03-12 16:34:00,43.007001885983655
2025-03-12 16:35:00,43.014496818127796
2025-03-12 16:36:00,43.021992045045344
2025-03-12 16:37:00,43.02948755641038
2025-03-12 16:38:00,43.03698335705614
2025-03-12 16:39:00,43.044479446835226
2025-03-12 16:40:00,43.05197582552809
2025-03-12 16:41:00,43.059472492897356
2025-03-12 16:42:00,43.066969448795824
2025-03-12 16:43:00,43.07446669298633
2025-03-12 16:44:00,43.08196422532192
2025-03-12 16:45:00,43.08946204556556
2025-03-12 16:46:00,43.096960153570606
2025-03-12 16:47:00,43.104458554083294
2025-03-12 16:48:00,43.11195723690081
2025-03-12 16:49:00,43.119456206895876
2025-03-12 16:50:00,43.12695546377773
2025-03-12 16:51:00,43.13445500743636
2025-03-12 16:52:00,43.14195483765342
2025-03-12 16:53:00,43.149454954210775
2025-03-12 16:54:00,43.15695535689027
2025-03-12 16:55:00,43.16445604558238
2025-03-12 16:56:00,43.17195702003303
2025-03-12 16:57:00,43.17945828004251
2025-03-12 16:58:00,43.186959825429305
2025-03-12 16:59:00,43.19446166103339
2025-03-12 17:00:00,43.201963776558316
2025-03-12 17:01:00,43.20946617693454
2025-03-12 17:02:00,43.216968861872374
2025-03-12 17:03:00,43.224471831190904
2025-03-12 17:04:00,43.231975084745336
2025-03-12 17:05:00,43.23947862231857
2025-03-12 17:06:00,43.24698244372991
2025-03-12 17:07:00,43.25448654870831
2025-03-12 17:08:00,43.261990937145605
2025-03-12 17:09:00,43.26949560880704
2025-03-12 17:10:00,43.27700056859037
2025-03-12 17:11:00,43.284505806159515
2025-03-12 17:12:00,43.29201132635776
2025-03-12 17:13:00,43.29951712905955
2025-03-12 17:14:00,43.30702321403047
2025-03-12 17:15:00,43.31452958105472
2025-03-12 17:16:00,43.322036229952495
2025-03-12 17:17:00,43.3295431605803
2025-03-12 17:18:00,43.33705037270437
2025-03-12 17:19:00,43.34455786614531
2025-03-12 17:20:00,43.35206564063322
2025-03-12 17:21:00,43.35957370112351
2025-03-12 17:22:00,43.3670820372767
2025-03-12 17:23:00,43.374590654011925
2025-03-12 17:24:00,43.38209955105971
2025-03-12 17:25:00,43.38960872827755
2025-03-12 17:26:00,43.397118185396195
2025-03-12 17:27:00,43.40462792236365
2025-03-12 17:28:00,43.4121379389109
2025-03-12 17:29:00,43.41964823473283
2025-03-12 17:30:00,43.42715880985026
2025-03-12 17:31:00,43.43466966392197
2025-03-12 17:32:00,43.442180801888554
2025-03-12 17:33:00,43.449692213389106
2025-03-12 17:34:00,43.45720390334613
2025-03-12 17:35:00,43.46471587152747
2025-03-12 17:36:00,43.47222811775533
2025-03-12 17:37:00,43.47974064185206
2025-03-12 17:38:00,43.48725344358593
2025-03-12 17:39:00,43.49476652283377
2025-03-12 17:40:00,43.50227987940006
2025-03-12 17:41:00,43.509793512962766
2025-03-12 17:42:00,43.51730742348967
2025-03-12 17:43:00,43.5248216107312
2025-03-12 17:44:00,43.53233607954092
2025-03-12 17:45:00,43.53985081962688
2025-03-12 17:46:00,43.54736583587891
2025-03-12 17:47:00,43.554881128102124
2025-03-12 17:48:00,43.56239669604762
2025-03-12 17:49:00,43.569912539629534
2025-03-12 17:50:00,43.577428658562766
2025-03-12 17:51:00,43.58494505267106
2025-03-12 17:52:00,43.59246172183257
2025-03-12 17:53:00,43.599978665798915
2025-03-12 17:54:00,43.6074958844121
2025-03-12 17:55:00,43.615013382510874
2025-03-12 17:56:00,43.62253114983623
2025-03-12 17:57:00,43.63004919119062
2025-03-12 17:58:00,43.63756750641654
2025-03-12 17:59:00,43.6450860953929
2025-03-12 18:00:00,43.65260495783566
2025-03-12 18:01:00,43.6601240936239
2025-03-12 18:02:00,43.66764350249167
2025-03-12 18:03:00,43.67516318435467
2025-03-12 18:04:00,43.68268313896539
2025-03-12 18:05:00,43.69020336613077
2025-03-12 18:06:00,43.69772387071074
2025-03-12 18:07:00,43.705244642443255
2025-03-12 18:08:00,43.712765686188284
2025-03-12 18:09:00,43.72028700173497
2025-03-12 18:10:00,43.72780858890904
2025-03-12 18:11:00,43.73533044755416
2025-03-12 18:12:00,43.742852577441816
2025-03-12 18:13:00,43.750374978434174
2025-03-12 18:14:00,43.757897650248424
2025-03-12 18:15:00,43.76542059278312
2025-03-12 18:16:00,43.77294380586448
2025-03-12 18:17:00,43.780467294283085
2025-03-12 18:18:00,43.787991047809896
2025-03-12 18:19:00,43.7955150712718
2025-03-12 18:20:00,43.803039364531664
2025-03-12 18:21:00,43.81056392737979
2025-03-12 18:22:00,43.81808875962484
2025-03-12 18:23:00,43.8256138610211
2025-03-12 18:24:00,43.833139231486165
2025-03-12 18:25:00,43.84066487082904
2025-03-12 18:26:00,43.84819077882231
2025-03-12 18:27:00,43.85571695522075
2025-03-12 18:28:00,43.86324339994236
2025-03-12 18:29:00,43.870770117817344
2025-03-12 18:30:00,43.87829709857706
2025-03-12 18:31:00,43.88582434706999
2025-03-12 18:32:00,43.89335186312372
2025-03-12 18:33:00,43.900879646475346
2025-03-12 18:34:00,43.908407697079916
2025-03-12 18:35:00,43.91593601465635
2025-03-12 18:36:00,43.92346459903286
2025-03-12 18:37:00,43.93099345007386
2025-03-12 18:38:00,43.93852256751698
2025-03-12 18:39:00,43.946051951244954
2025-03-12 18:40:00,43.95358160610928
2025-03-12 18:41:00,43.96111152182007
2025-03-12 18:42:00,43.968641703210714
2025-03-12 18:43:00,43.97617215016434
2025-03-12 18:44:00,43.98370286245535
2025-03-12 18:45:00,43.99123383989458
2025-03-12 18:46:00,43.99876508234731
2025-03-12 18:47:00,44.006296589588246
2025-03-12 18:48:00,44.01382836144659
2025-03-12 18:49:00,44.02136039769722
2025-03-12 18:50:00,44.028892698242146
2025-03-12 18:51:00,44.036425267881555
2025-03-12 18:52:00,44.0439580963949
2025-03-12 18:53:00,44.05149118858242
2025-03-12 18:54:00,44.05902454429207
2025-03-12 18:55:00,44.06655816333553
2025-03-12 18:56:00,44.074092045560896
2025-03-12 18:57:00,44.08162619076196
2025-03-12 18:58:00,44.089160598732626
2025-03-12 18:59:00,44.096695269357504
2025-03-12 19:00:00,44.10423020235796
2025-03-12 19:01:00,44.1117653976917
2025-03-12 19:02:00,44.11930086010739
2025-03-12 19:03:00,44.12683657938149
2025-03-12 19:04:00,44.1343725603172
2025-03-12 19:05:00,44.141908802799875
2025-03-12 19:06:00,44.14944530666032
2025-03-12 19:07:00,44.15698207169333
2025-03-12 19:08:00,44.16451909769357
2025-03-12 19:09:00,44.172056384492215
2025-03-12 19:10:00,44.17959393192061
2025-03-12 19:11:00,44.18713173981012
2025-03-12 19:12:00,44.19466980797395
2025-03-12 19:13:00,44.2022081362074
2025-03-12 19:14:00,44.20974672942598
2025-03-12 19:15:00,44.21728557729377
2025-03-12 19:16:00,44.22482468474462
2025-03-12 19:17:00,44.23236405153764
2025-03-12 19:18:00,44.23990367755945
2025-03-12 19:19:00,44.247443562569295
2025-03-12 19:20:00,44.25498370641779
2025-03-12 19:21:00,44.26252410890071
2025-03-12 19:22:00,44.270064769868675
2025-03-12 19:23:00,44.27760568915412
2025-03-12 19:24:00,44.28514686651696
2025-03-12 19:25:00,44.29268830694845
2025-03-12 19:26:00,44.30023000003699
2025-03-12 19:27:00,44.307771950719285
2025-03-12 19:28:00,44.31531415881006
2025-03-12 19:29:00,44.3228566241425
2025-03-12 19:30:00,44.330399346495085
2025-03-12 19:31:00,44.33794232571914
2025-03-12 19:32:00,44.345485561684384
2025-03-12 19:33:00,44.3530290541333
2025-03-12 19:34:00,44.360572802917645
2025-03-12 19:35:00,44.368116807870784
2025-03-12 19:36:00,44.37566107387816
2025-03-12 19:37:00,44.38320559063408
2025-03-12 19:38:00,44.390750363041896
2025-03-12 19:39:00,44.39829539088114
2025-03-12 19:40:00,44.405840673985814
2025-03-12 19:41:00,44.4133862122263
2025-03-12 19:42:00,44.42093200536413
2025-03-12 19:43:00,44.42847805323359
2025-03-12 19:44:00,44.43602435572369
2025-03-12 19:45:00,44.443570912614234
2025-03-12 19:46:00,44.45111772368524
2025-03-12 19:47:00,44.45866479387968
2025-03-12 19:48:00,44.46621211287055
2025-03-12 19:49:00,44.47375968558254
2025-03-12 19:50:00,44.481307511796025
2025-03-12 19:51:00,44.488855591345995
2025-03-12 19:52:00,44.49640392404936
2025-03-12 19:53:00,44.503952509777776
2025-03-12 19:54:00,44.51150134829368
2025-03-12 19:55:00,44.51905043948705
2025-03-12 19:56:00,44.526599783102455
2025-03-12 19:57:00,44.53414937904812
2025-03-12 19:58:00,44.54169922708694
2025-03-12 19:59:00,44.54924933212872
2025-03-12 20:00:00,44.55679968389779
2025-03-12 20:01:00,44.564350287267494
2025-03-12 20:02:00,44.57190114203756
2025-03-12 20:03:00,44.57945224802571
2025-03-12 20:04:00,44.5870036051228
2025-03-12 20:05:00,44.59455521309234
2025-03-12 20:06:00,44.60210707182526
2025-03-12 20:07:00,44.609659181066974
2025-03-12 20:08:00,44.617211540690455
2025-03-12 20:09:00,44.62476415053235
2025-03-12 20:10:00,44.632317015468914
2025-03-12 20:11:00,44.639870125148846
2025-03-12 20:12:00,44.64742348457576
2025-03-12 20:13:00,44.65497709349563
2025-03-12 20:14:00,44.66253095174558
2025-03-12 20:15:00,44.670085059126336
2025-03-12 20:16:00,44.67763941554799
2025-03-12 20:17:00,44.68519402081145
2025-03-12 20:18:00,44.69274887464492
2025-03-12 20:19:00,44.70030397697684
2025-03-12 20:20:00,44.707859327608546
2025-03-12 20:21:00,44.71541493145567
2025-03-12 20:22:00,44.722970778181946
2025-03-12 20:23:00,44.73052687270308
2025-03-12 20:24:00,44.73808321482063
2025-03-12 20:25:00,44.745639804390834
2025-03-12 20:26:00,44.7531966412518
2025-03-12 20:27:00,44.76075372518707
2025-03-12 20:28:00,44.76831105603506
2025-03-12 20:29:00,44.77586863365226
2025-03-12 20:30:00,44.78342645785903
2025-03-12 20:31:00,44.790984528457464
2025-03-12 20:32:00,44.79854285042081
2025-03-12 20:33:00,44.80610141331879
2025-03-12 20:34:00,44.81366022216116
2025-03-12 20:35:00,44.82121927675035
2025-03-12 20:36:00,44.82877857687071
2025-03-12 20:37:00,44.8363381223431
2025-03-12 20:38:00,44.84389791311605
2025-03-12 20:39:00,44.85145794888303
2025-03-12 20:40:00,44.85901822953807
2025-03-12 20:41:00,44.866578754884195
2025-03-12 20:42:00,44.8741395248156
2025-03-12 20:43:00,44.881700539099
2025-03-12 20:44:00,44.88926180261963
2025-03-12 20:45:00,44.89682330514456
2025-03-12 20:46:00,44.90438505150443
2025-03-12 20:47:00,44.91194704157562
2025-03-12 20:48:00,44.91950927514342
2025-03-12 20:49:00,44.92707175206626
2025-03-12 20:50:00,44.93463447216623
2025-03-12 20:51:00,44.94219743531998
2025-03-12 20:52:00,44.949760641313205
2025-03-12 20:53:00,44.95732408994992
2025-03-12 20:54:00,44.96488778110731
2025-03-12 20:55:00,44.97245171969161
2025-03-12 20:56:00,44.980015895357596
2025-03-12 20:57:00,44.98758031304812
2025-03-12 20:58:00,44.99514497254937
2025-03-12 20:59:00,45.00270987372061
2025-03-12 21:00:00,45.01027501642118
2025-03-12 21:01:00,45.017840400437514
2025-03-12 21:02:00,45.02540602564735
2025-03-12 21:03:00,45.032971891782545
2025-03-12 21:04:00,45.04053799883055
2025-03-12 21:05:00,45.0481043464686
2025-03-12 21:06:00,45.05567093971554
2025-03-12 21:07:00,45.06323776820477
2025-03-12 21:08:00,45.07080483688211
2025-03-12 21:09:00,45.078372145516425
2025-03-12 21:10:00,45.085939693986205
2025-03-12 21:11:00,45.09350748213338
2025-03-12 21:12:00,45.10107550972714
2025-03-12 21:13:00,45.10864377668268
2025-03-12 21:14:00,45.116212282842234
2025-03-12 21:15:00,45.123781027920366
2025-03-12 21:16:00,45.131350011869195
2025-03-12 21:17:00,45.138919239582464
2025-03-12 21:18:00,45.14648870065431
2025-03-12 21:19:00,45.154058400088076
2025-03-12 21:20:00,45.16162833769011
2025-03-12 21:21:00,45.16919851328501
2025-03-12 21:22:00,45.176768926679195
2025-03-12 21:23:00,45.184339577825305
2025-03-12 21:24:00,45.19191046640207
2025-03-12 21:25:00,45.199481592344085
2025-03-12 21:26:00,45.20705295543982
2025-03-12 21:27:00,45.214624555550884
2025-03-12 21:28:00,45.22219639255728
2025-03-12 21:29:00,45.229768471246494
2025-03-12 21:30:00,45.23734078141019
2025-03-12 21:31:00,45.24491332790882
2025-03-12 21:32:00,45.25248611058615
2025-03-12 21:33:00,45.26005912932267
2025-03-12 21:34:00,45.267632383889264
2025-03-12 21:35:00,45.27520587412998
2025-03-12 21:36:00,45.28277959992546
2025-03-12 21:37:00,45.29035356106514
2025-03-12 21:38:00,45.29792775739337
2025-03-12 21:39:00,45.30550218877268
2025-03-12 21:40:00,45.313076860157786
2025-03-12 21:41:00,45.32065176111832
2025-03-12 21:42:00,45.32822689660886
2025-03-12 21:43:00,45.33580226654718
2025-03-12 21:44:00,45.34337787063202
2025-03-12 21:45:00,45.35095370883606
2025-03-12 21:46:00,45.358529780894635
2025-03-12 21:47:00,45.36610608668942
2025-03-12 21:48:00,45.37368262604726
2025-03-12 21:49:00,45.381259398849856
2025-03-12 21:50:00,45.388836404906
2025-03-12 21:51:00,45.3964136490635
2025-03-12 21:52:00,45.40399112109005
2025-03-12 21:53:00,45.41156882587
2025-03-12 21:54:00,45.4191467632307
2025-03-12 21:55:00,45.42672493305445
2025-03-12 21:56:00,45.434303335132206
2025-03-12 21:57:00,45.44188196930978
2025-03-12 21:58:00,45.44946083545145
2025-03-12 21:59:00,45.45703993336675
2025-03-12 22:00:00,45.46461926293831
2025-03-12 22:01:00,45.472198823902666
2025-03-12 22:02:00,45.479778621311404
2025-03-12 22:03:00,45.48735864476507
2025-03-12 22:04:00,45.49493889920539
2025-03-12 22:05:00,45.50251938446073
2025-03-12 22:06:00,45.51010010037777
2025-03-12 22:07:00,45.517681046784844
2025-03-12 22:08:00,45.525262223528706
2025-03-12 22:09:00,45.53284363047458
2025-03-12 22:10:00,45.54042526739619
2025-03-12 22:11:00,45.54800713419549
2025-03-12 22:12:00,45.55558923070127
2025-03-12 22:13:00,45.56317155672415
2025-03-12 22:14:00,45.570754117209056
2025-03-12 22:15:00,45.57833690188135
2025-03-12 22:16:00,45.58591991553972
2025-03-12 22:17:00,45.59350315812295
2025-03-12 22:18:00,45.60108662944221
2025-03-12 22:19:00,45.60867032930855
2025-03-12 22:20:00,45.616254257642886
2025-03-12 22:21:00,45.62383841425652
2025-03-12 22:22:00,45.63142279892407
2025-03-12 22:23:00,45.639007411530315
2025-03-12 22:24:00,45.64659225192318
2025-03-12 22:25:00,45.65417732505041
2025-03-12 22:26:00,45.66176262056141
2025-03-12 22:27:00,45.66934814336723
2025-03-12 22:28:00,45.67693389331624
2025-03-12 22:29:00,45.68451987023871
2025-03-12 22:30:00,45.69210607403805
2025-03-12 22:31:00,45.69969250450802
2025-03-12 22:32:00,45.707279161442464
2025-03-12 22:33:00,45.714866044781694
2025-03-12 22:34:00,45.72245315430133
2025-03-12 22:35:00,45.73004048988701
2025-03-12 22:36:00,45.73762805643424
2025-03-12 22:37:00,45.74521584362618
2025-03-12 22:38:00,45.75280385637667
2025-03-12 22:39:00,45.76039209455324
2025-03-12 22:40:00,45.767980557986974
2025-03-12 22:41:00,45.775569246527326
2025-03-12 22:42:00,45.78315815996895
2025-03-12 22:43:00,45.79074729827124
2025-03-12 22:44:00,45.79833666115575
2025-03-12 22:45:00,45.80592624847228
2025-03-12 22:46:00,45.81351606016218
2025-03-12 22:47:00,45.82110610114195
2025-03-12 22:48:00,45.82869636094557
2025-03-12 22:49:00,45.836286844635985
2025-03-12 22:50:00,45.843877552045
2025-03-12 22:51:00,45.85146848294978
2025-03-12 22:52:00,45.859059637273724
2025-03-12 22:53:00,45.86665101477571
2025-03-12 22:54:00,45.87424261537957
2025-03-12 22:55:00,45.88183443886253
2025-03-12 22:56:00,45.88942648514852
2025-03-12 22:57:00,45.897018753996655
2025-03-12 22:58:00,45.904611245312715
2025-03-12 22:59:00,45.91220396401609
2025-03-12 23:00:00,45.91979689974758
2025-03-12 23:01:00,45.92739005746326
2025-03-12 23:02:00,45.93498343701418
2025-03-12 23:03:00,45.94257703825158
2025-03-12 23:04:00,45.95017086100851
2025-03-12 23:05:00,45.957764905136095
2025-03-12 23:06:00,45.96535917041264
2025-03-12 23:07:00,45.972953656799554
2025-03-12 23:08:00,45.980548364056865
2025-03-12 23:09:00,45.988143292072756
2025-03-12 23:10:00,45.99573844580608
2025-03-12 23:11:00,46.003333814839856
2025-03-12 23:12:00,46.01092940416937
2025-03-12 23:13:00,46.018525213628415
2025-03-12 23:14:00,46.02612124308725
2025-03-12 23:15:00,46.03371749237978
2025-03-12 23:16:00,46.04131396132151
2025-03-12 23:17:00,46.04891064976475
2025-03-12 23:18:00,46.056507557598515
2025-03-12 23:19:00,46.06410468465696
2025-03-12 23:20:00,46.071702030774226
2025-03-12 23:21:00,46.07929960083842
2025-03-12 23:22:00,46.08689738461311
2025-03-12 23:23:00,46.09449538696806
2025-03-12 23:24:00,46.10209360781111
2025-03-12 23:25:00,46.10969204692177
2025-03-12 23:26:00,46.117290704153085
2025-03-12 23:27:00,46.12488957937642
2025-03-12 23:28:00,46.13248867249997
2025-03-12 23:29:00,46.14008798332195
2025-03-12 23:30:00,46.147687511585616
2025-03-12 23:31:00,46.155287257291064
2025-03-12 23:32:00,46.16288722531066
2025-03-12 23:33:00,46.17048740535018
2025-03-12 23:34:00,46.17808780230046
2025-03-12 23:35:00,46.185688416015076
2025-03-12 23:36:00,46.19328924638457
2025-03-12 23:37:00,46.20089029320762
2025-03-12 23:38:00,46.20849155635659
2025-03-12 23:39:00,46.21609303566716
2025-03-12 23:40:00,46.22369473104834
2025-03-12 23:41:00,46.23129664229926
2025-03-12 23:42:00,46.238898769255876
2025-03-12 23:43:00,46.24650111173575
2025-03-12 23:44:00,46.25410367479736
2025-03-12 23:45:00,46.26170644803389
2025-03-12 23:46:00,46.2693094363754
2025-03-12 23:47:00,46.27691263971311
2025-03-12 23:48:00,46.28451605786507
2025-03-12 23:49:00,46.292119690649365
2025-03-12 23:50:00,46.299723538012614
2025-03-12 23:51:00,46.30732759971788
2025-03-12 23:52:00,46.31493187563861
2025-03-12 23:53:00,46.322536365611384
2025-03-12 23:54:00,46.33014106960154
2025-03-12 23:55:00,46.337745992376696
2025-03-12 23:56:00,46.345351123710586
2025-03-12 23:57:00,46.35295646855424
2025-03-12 23:58:00,46.360562026671516
2025-03-12 23:59:00,46.36816779800955
2025-03-13 00:00:00,46.37577378236895
2025-03-13 00:01:00,46.38337997960531
2025-03-13 00:02:00,46.390986389574465
2025-03-13 00:03:00,46.39859301213221
2025-03-13 00:04:00,46.40619984713444
2025-03-13 00:05:00,46.41380689441875
2025-03-13 00:06:00,46.42141415895721
2025-03-13 00:07:00,46.42902163041082
2025-03-13 00:08:00,46.43662931364146
2025-03-13 00:09:00,46.44423720861555
2025-03-13 00:10:00,46.45184531513438
2025-03-13 00:11:00,46.45945363305439
2025-03-13 00:12:00,46.46706216223205
2025-03-13 00:13:00,46.4746709025239
2025-03-13 00:14:00,46.48227985380507
2025-03-13 00:15:00,46.489889015840376
2025-03-13 00:16:00,46.49749838854168
2025-03-13 00:17:00,46.50510797692046
2025-03-13 00:18:00,46.51271777054311
2025-03-13 00:19:00,46.520327774402666
2025-03-13 00:20:00,46.52793798831951
2025-03-13 00:21:00,46.5355484121875
2025-03-13 00:22:00,46.54315904586386
2025-03-13 00:23:00,46.55076988916925
2025-03-13 00:24:00,46.55838094194275
2025-03-13 00:25:00,46.56599220407841
2025-03-13 00:26:00,46.57360367543388
2025-03-13 00:27:00,46.581215355866746
2025-03-13 00:28:00,46.588827245179694
2025-03-13 00:29:00,46.59643934833157
2025-03-13 00:30:00,46.60405165503306
2025-03-13 00:31:00,46.611664170224884
2025-03-13 00:32:00,46.61927689372815
2025-03-13 00:33:00,46.62688982541943
2025-03-13 00:34:00,46.63450296513833
2025-03-13 00:35:00,46.642116312779976
2025-03-13 00:36:00,46.649729868147425
2025-03-13 00:37:00,46.65734363109908
2025-03-13 00:38:00,46.66495760156685
2025-03-13 00:39:00,46.67257177935414
2025-03-13 00:40:00,46.68018616936745
2025-03-13 00:41:00,46.687800761332994
2025-03-13 00:42:00,46.69541556017561
2025-03-13 00:43:00,46.703030565754204
2025-03-13 00:44:00,46.71064577792752
2025-03-13 00:45:00,46.71826119653621
2025-03-13 00:46:00,46.72587682145765
2025-03-13 00:47:00,46.73349265256924
2025-03-13 00:48:00,46.74110868967516
2025-03-13 00:49:00,46.748724932671365
2025-03-13 00:50:00,46.75634138138031
2025-03-13 00:51:00,46.763958040802976
2025-03-13 00:52:00,46.77157490055274
2025-03-13 00:53:00,46.77919196559363
2025-03-13 00:54:00,46.78680923584053
2025-03-13 00:55:00,46.79442671106112
2025-03-13 00:56:00,46.802044391151966
2025-03-13 00:57:00,46.809662276028
2025-03-13 00:58:00,46.81728036545715
2025-03-13 00:59:00,46.82489865928115
2025-03-13 01:00:00,46.832517157488695
2025-03-13 01:01:00,46.8401358598295
2025-03-13 01:02:00,46.847754771270225
2025-03-13 01:03:00,46.855373881513586
2025-03-13 01:04:00,46.862993195507855
2025-03-13 01:05:00,46.87061271305824
2025-03-13 01:06:00,46.878232434043525
2025-03-13 01:07:00,46.88585235841637
2025-03-13 01:08:00,46.89347248589015
2025-03-13 01:09:00,46.901092816399206
2025-03-13 01:10:00,46.908713349804216
2025-03-13 01:11:00,46.916334085947675
2025-03-13 01:12:00,46.92395502470894
2025-03-13 01:13:00,46.93157616593055
2025-03-13 01:14:00,46.939197514581764
2025-03-13 01:15:00,46.94681906027062
2025-03-13 01:16:00,46.95444080804
2025-03-13 01:17:00,46.96206275769602
2025-03-13 01:18:00,46.96968490908153
2025-03-13 01:19:00,46.97730726211322
2025-03-13 01:20:00,46.98492981665258
2025-03-13 01:21:00,46.99255257246911
2025-03-13 01:22:00,47.00017552947966
2025-03-13 01:23:00,47.007798687582756
2025-03-13 01:24:00,47.01542204662177
2025-03-13 01:25:00,47.02304561151328
2025-03-13 01:26:00,47.03066937197307
2025-03-13 01:27:00,47.03829333284405
2025-03-13 01:28:00,47.045917494153976
2025-03-13 01:29:00,47.05354185567296
2025-03-13 01:30:00,47.06116641726312
2025-03-13 01:31:00,47.06879117875006
2025-03-13 01:32:00,47.07641614008797
2025-03-13 01:33:00,47.084041301084156
2025-03-13 01:34:00,47.09166666160116
2025-03-13 01:35:00,47.0992922214646
2025-03-13 01:36:00,47.10691798575918
2025-03-13 01:37:00,47.114543943977345
2025-03-13 01:38:00,47.122170101203636
2025-03-13 01:39:00,47.1297964572458
2025-03-13 01:40:00,47.13742301198516
2025-03-13 01:41:00,47.14504976528456
2025-03-13 01:42:00,47.1526767169887
2025-03-13 01:43:00,47.16030386697915
2025-03-13 01:44:00,47.16793121510072
2025-03-13 01:45:00,47.175558761253406
2025-03-13 01:46:00,47.183186505245324
2025-03-13 01:47:00,47.1908144520716
2025-03-13 01:48:00,47.198442591406106
2025-03-13 01:49:00,47.206070928170284
2025-03-13 01:50:00,47.2136994622462
2025-03-13 01:51:00,47.22132819349744
2025-03-13 01:52:00,47.22895712180621
2025-03-13 01:53:00,47.23658624696275
2025-03-13 01:54:00,47.244215568978206
2025-03-13 01:55:00,47.251845087606
2025-03-13 01:56:00,47.259474802673395
2025-03-13 01:57:00,47.26710471409978
2025-03-13 01:58:00,47.27473482178613
2025-03-13 01:59:00,47.28236513067484
2025-03-13 02:00:00,47.28999563036354
2025-03-13 02:01:00,47.297626325905156
2025-03-13 02:02:00,47.305257217108775
2025-03-13 02:03:00,47.31288830383907
2025-03-13 02:04:00,47.32051958596056
2025-03-13 02:05:00,47.32815106337475
2025-03-13 02:06:00,47.33578273589114
2025-03-13 02:07:00,47.343414603466535
2025-03-13 02:08:00,47.351046665873774
2025-03-13 02:09:00,47.35867892299631
2025-03-13 02:10:00,47.36631137981573
2025-03-13 02:11:00,47.37394402600066
2025-03-13 02:12:00,47.38157686649606
2025-03-13 02:13:00,47.38920990118548
2025-03-13 02:14:00,47.39684312993431
2025-03-13 02:15:00,47.404476552552524
2025-03-13 02:16:00,47.412110168997735
2025-03-13 02:17:00,47.41974397909856
2025-03-13 02:18:00,47.42737798268371
2025-03-13 02:19:00,47.43501217965567
2025-03-13 02:20:00,47.442646569880125
2025-03-13 02:21:00,47.4502811583412
2025-03-13 02:22:00,47.457915934631345
2025-03-13 02:23:00,47.46555090380834
2025-03-13 02:24:00,47.47318606564596
2025-03-13 02:25:00,47.480821420065695
2025-03-13 02:26:00,47.48845696698877
2025-03-13 02:27:00,47.49609270617088
2025-03-13 02:28:00,47.50372863755197
2025-03-13 02:29:00,47.511364760924685
2025-03-13 02:30:00,47.519001076247456
2025-03-13 02:31:00,47.526637583349945
2025-03-13 02:32:00,47.5342742871818
2025-03-13 02:33:00,47.54191117744344
2025-03-13 02:34:00,47.549548259047704
2025-03-13 02:35:00,47.55718553191659
2025-03-13 02:36:00,47.56482299589844
2025-03-13 02:37:00,47.572460650860144
2025-03-13 02:38:00,47.58009849663174
2025-03-13 02:39:00,47.58773653319085
2025-03-13 02:40:00,47.59537476029387
2025-03-13 02:41:00,47.60301317784485
2025-03-13 02:42:00,47.610651785674115
2025-03-13 02:43:00,47.61829058375958
2025-03-13 02:44:00,47.625929576998054
2025-03-13 02:45:00,47.633568755013656
2025-03-13 02:46:00,47.641208122887704
2025-03-13 02:47:00,47.64884768035856
2025-03-13 02:48:00,47.6564874273676
2025-03-13 02:49:00,47.66412736378249
2025-03-13 02:50:00,47.671767489471065
2025-03-13 02:51:00,47.67940780426415
2025-03-13 02:52:00,47.68704830810338
2025-03-13 02:53:00,47.69468900083837
2025-03-13 02:54:00,47.702329882226344
2025-03-13 02:55:00,47.70997095744324
2025-03-13 02:56:00,47.71761221596307
2025-03-13 02:57:00,47.72525366285099
2025-03-13 02:58:00,47.73289529795686
2025-03-13 02:59:00,47.74053712114903
2025-03-13 03:00:00,47.74817913231441
2025-03-13 03:01:00,47.75582133130292
2025-03-13 03:02:00,47.76346371800162
2025-03-13 03:03:00,47.771106292279114
2025-03-13 03:04:00,47.77874905396724
2025-03-13 03:05:00,47.78639200298992
2025-03-13 03:06:00,47.79403514430417
2025-03-13 03:07:00,47.801678467566006
2025-03-13 03:08:00,47.809321977713736
2025-03-13 03:09:00,47.81696567470868
2025-03-13 03:10:00,47.82460955836464
2025-03-13 03:11:00,47.832253628513705
2025-03-13 03:12:00,47.83989788508049
2025-03-13 03:13:00,47.847542327915846
2025-03-13 03:14:00,47.85518695696302
2025-03-13 03:15:00,47.86283177198054
2025-03-13 03:16:00,47.87047677287485
2025-03-13 03:17:00,47.878121964697456
2025-03-13 03:18:00,47.885767337028014
2025-03-13 03:19:00,47.893412894807305
2025-03-13 03:20:00,47.90105863805274
2025-03-13 03:21:00,47.90870456648633
2025-03-13 03:22:00,47.91635068008886
2025-03-13 03:23:00,47.92399697861942
2025-03-13 03:24:00,47.931643462077254
2025-03-13 03:25:00,47.93929013029552
2025-03-13 03:26:00,47.946936983070536
2025-03-13 03:27:00,47.95458402036473
2025-03-13 03:28:00,47.96223124199305
2025-03-13 03:29:00,47.96987865299097
2025-03-13 03:30:00,47.97752624297253
2025-03-13 03:31:00,47.98517401695483
2025-03-13 03:32:00,47.9928219747345
2025-03-13 03:33:00,48.00047011623747
2025-03-13 03:34:00,48.00811844133443
2025-03-13 03:35:00,48.015766949970036
2025-03-13 03:36:00,48.02341564188581
2025-03-13 03:37:00,48.031064517044825
2025-03-13 03:38:00,48.03871357526267
2025-03-13 03:39:00,48.04636281646582
2025-03-13 03:40:00,48.0540122456365
2025-03-13 03:41:00,48.06166185238654
2025-03-13 03:42:00,48.069311641735055
2025-03-13 03:43:00,48.07696161351651
2025-03-13 03:44:00,48.08461176769448
2025-03-13 03:45:00,48.09226210399265
2025-03-13 03:46:00,48.099912622430146
2025-03-13 03:47:00,48.107563322841614
2025-03-13 03:48:00,48.11521420504313
2025-03-13 03:49:00,48.12286526894335
2025-03-13 03:50:00,48.13051651446936
2025-03-13 03:51:00,48.13816794655036
2025-03-13 03:52:00,48.14581955488806
2025-03-13 03:53:00,48.1534713443746
2025-03-13 03:54:00,48.16112331493747
2025-03-13 03:55:00,48.16877546652257
2025-03-13 03:56:00,48.17642779889111
2025-03-13 03:57:00,48.18408031197066
2025-03-13 03:58:00,48.19173300565193
2025-03-13 03:59:00,48.19938587977024
2025-03-13 04:00:00,48.20703893425343
2025-03-13 04:01:00,48.21469216893692
2025-03-13 04:02:00,48.22234558884453
2025-03-13 04:03:00,48.22999918362009
2025-03-13 04:04:00,48.237652958158144
2025-03-13 04:05:00,48.245306912460656
2025-03-13 04:06:00,48.25296104634497
2025-03-13 04:07:00,48.26061535970231
2025-03-13 04:08:00,48.26826985244254
2025-03-13 04:09:00,48.27592452434615
2025-03-13 04:10:00,48.283579375397025
2025-03-13 04:11:00,48.2912344053943
2025-03-13 04:12:00,48.298889614266486
2025-03-13 04:13:00,48.30654500186832
2025-03-13 04:14:00,48.31420057318922
2025-03-13 04:15:00,48.321856317888766
2025-03-13 04:16:00,48.32951224097481
2025-03-13 04:17:00,48.3371683422469
2025-03-13 04:18:00,48.3448246217079
2025-03-13 04:19:00,48.35248107910197
2025-03-13 04:20:00,48.36013771437666
2025-03-13 04:21:00,48.36779452746115
2025-03-13 04:22:00,48.37545151809973
2025-03-13 04:23:00,48.38310868631419
2025-03-13 04:24:00,48.39076603188593
2025-03-13 04:25:00,48.398423559861946
2025-03-13 04:26:00,48.40608125982571
2025-03-13 04:27:00,48.413739136861196
2025-03-13 04:28:00,48.42139719076851
2025-03-13 04:29:00,48.42905542147742
2025-03-13 04:30:00,48.4367138288067
2025-03-13 04:31:00,48.44437241270459
2025-03-13 04:32:00,48.45203117298999
2025-03-13 04:33:00,48.45969010961133
2025-03-13 04:34:00,48.46734922236914
2025-03-13 04:35:00,48.47500851121199
2025-03-13 04:36:00,48.48266798113362
2025-03-13 04:37:00,48.49032762169656
2025-03-13 04:38:00,48.49798743796861
2025-03-13 04:39:00,48.505647429806174
2025-03-13 04:40:00,48.513307597139466
2025-03-13 04:41:00,48.5209679397695
2025-03-13 04:42:00,48.528628457626745
2025-03-13 04:43:00,48.536289150530905
2025-03-13 04:44:00,48.54395001848647
2025-03-13 04:45:00,48.55161106123915
2025-03-13 04:46:00,48.55927227871977
2025-03-13 04:47:00,48.566933675998285
2025-03-13 04:48:00,48.57459524259785
2025-03-13 04:49:00,48.58225698360702
2025-03-13 04:50:00,48.589918898864184
2025-03-13 04:51:00,48.597580988263545
2025-03-13 04:52:00,48.60524325164359
2025-03-13 04:53:00,48.612905688954044
2025-03-13 04:54:00,48.620568300052234
2025-03-13 04:55:00,48.62823108481399
2025-03-13 04:56:00,48.635894043078075
2025-03-13 04:57:00,48.64355717481301
2025-03-13 04:58:00,48.651220479857756
2025-03-13 04:59:00,48.65888396317376
2025-03-13 05:00:00,48.6665476145221
2025-03-13 05:01:00,48.674211438753204
2025-03-13 05:02:00,48.68187543581718
2025-03-13 05:03:00,48.68953960560898
2025-03-13 05:04:00,48.69720394800493
2025-03-13 05:05:00,48.70486846288153
2025-03-13 05:06:00,48.71253315011513
2025-03-13 05:07:00,48.7201980096009
2025-03-13 05:08:00,48.72786304119694
2025-03-13 05:09:00,48.735528244816905
2025-03-13 05:10:00,48.74319362553543
2025-03-13 05:11:00,48.75085917281521
2025-03-13 05:12:00,48.75852489174936
2025-03-13 05:13:00,48.76619078225183
2025-03-13 05:14:00,48.773856844199564
2025-03-13 05:15:00,48.78152307741411
2025-03-13 05:16:00,48.78918948186509
2025-03-13 05:17:00,48.796856057374185
2025-03-13 05:18:00,48.804522803818635
2025-03-13 05:19:00,48.812189721168295
2025-03-13 05:20:00,48.81985680918935
2025-03-13 05:21:00,48.82752407297713
2025-03-13 05:22:00,48.83519150212167
2025-03-13 05:23:00,48.84285910166262
2025-03-13 05:24:00,48.85052687144059
2025-03-13 05:25:00,48.85819481138882
2025-03-13 05:26:00,48.86586292136647
2025-03-13 05:27:00,48.87353120125126
2025-03-13 05:28:00,48.881199650939585
2025-03-13 05:29:00,48.888868270309395
2025-03-13 05:30:00,48.896537059257085
2025-03-13 05:31:00,48.90420601766073
2025-03-13 05:32:00,48.91187515056214
2025-03-13 05:33:00,48.919544447512145
2025-03-13 05:34:00,48.927213913608
2025-03-13 05:35:00,48.93488354867248
2025-03-13 05:36:00,48.942553352676526
2025-03-13 05:37:00,48.9502233253688
2025-03-13 05:38:00,48.957893466757504
2025-03-13 05:39:00,48.96556377666546
2025-03-13 05:40:00,48.97323425502688
2025-03-13 05:41:00,48.9809049016462
2025-03-13 05:42:00,48.98857571653191
2025-03-13 05:43:00,48.9962466994515
2025-03-13 05:44:00,49.003917855486236
2025-03-13 05:45:00,49.01158917422133
2025-03-13 05:46:00,49.01926066071962
2025-03-13 05:47:00,49.026932314841446
2025-03-13 05:48:00,49.03460413646582
2025-03-13 05:49:00,49.04227612549049
2025-03-13 05:50:00,49.049948281794535
2025-03-13 05:51:00,49.05762060529428
2025-03-13 05:52:00,49.065293095850414
2025-03-13 05:53:00,49.072965753323835
2025-03-13 05:54:00,49.080638577668
2025-03-13 05:55:00,49.088311573855066
2025-03-13 05:56:00,49.095984731505155
2025-03-13 05:57:00,49.10365805566455
2025-03-13 05:58:00,49.111331546231426
2025-03-13 05:59:00,49.11900520301134
2025-03-13 06:00:00,49.12667902601381
2025-03-13 06:01:00,49.13435301502591
2025-03-13 06:02:00,49.14202716998316
2025-03-13 06:03:00,49.14970149074701
2025-03-13 06:04:00,49.157375977234416
2025-03-13 06:05:00,49.165050629344044
2025-03-13 06:06:00,49.17272545201303
2025-03-13 06:07:00,49.18040043497053
2025-03-13 06:08:00,49.18807558319071
2025-03-13 06:09:00,49.19575089653532
2025-03-13 06:10:00,49.203426374921754
2025-03-13 06:11:00,49.21110201826764
2025-03-13 06:12:00,49.21877782639767
2025-03-13 06:13:00,49.22645379926655
2025-03-13 06:14:00,49.234129936736394
2025-03-13 06:15:00,49.24180623865072
2025-03-13 06:16:00,49.24948270496438
2025-03-13 06:17:00,49.25715934072793
2025-03-13 06:18:00,49.26483613540856
2025-03-13 06:19:00,49.272513094186614
2025-03-13 06:20:00,49.2801902168874
2025-03-13 06:21:00,49.2878675034104
2025-03-13 06:22:00,49.29554495365531
2025-03-13 06:23:00,49.30322256752169
2025-03-13 06:24:00,49.31090034483508
2025-03-13 06:25:00,49.318578285532425
2025-03-13 06:26:00,49.32625638949488
2025-03-13 06:27:00,49.33393465667801
2025-03-13 06:28:00,49.34161308687066
2025-03-13 06:29:00,49.34929168516241
2025-03-13 06:30:00,49.356970441166645
2025-03-13 06:31:00,49.36464935982481
2025-03-13 06:32:00,49.37232844116686
2025-03-13 06:33:00,49.380007684981756
2025-03-13 06:34:00,49.387687091206956
2025-03-13 06:35:00,49.395366659705715
2025-03-13 06:36:00,49.403046390378336
2025-03-13 06:37:00,49.41072628314396
2025-03-13 06:38:00,49.418406337866
2025-03-13 06:39:00,49.42608655442645
2025-03-13 06:40:00,49.433766937880165
2025-03-13 06:41:00,49.44144747781959
2025-03-13 06:42:00,49.44912817933666
2025-03-13 06:43:00,49.4568090422209
2025-03-13 06:44:00,49.46449006642876
2025-03-13 06:45:00,49.47217125184274
2025-03-13 06:46:00,49.479852598345246
2025-03-13 06:47:00,49.48753410581874
2025-03-13 06:48:00,49.49521577422
2025-03-13 06:49:00,49.50289760339459
2025-03-13 06:50:00,49.510579593187956
2025-03-13 06:51:00,49.51826174869424
2025-03-13 06:52:00,49.525944059540784
2025-03-13 06:53:00,49.53362653069156
2025-03-13 06:54:00,49.54130916210379
2025-03-13 06:55:00,49.548991953641874
2025-03-13 06:56:00,49.556674905170226
2025-03-13 06:57:00,49.5643580166462
2025-03-13 06:58:00,49.57204128793434
2025-03-13 06:59:00,49.57972471889924
2025-03-13 07:00:00,49.58740830946136
2025-03-13 07:01:00,49.59509205952247
2025-03-13 07:02:00,49.60277597412303
2025-03-13 07:03:00,49.61046004283237
2025-03-13 07:04:00,49.61814427070957
2025-03-13 07:05:00,49.62582865767526
2025-03-13 07:06:00,49.633513203594426
2025-03-13 07:07:00,49.641197908369264
2025-03-13 07:08:00,49.64888277186499
2025-03-13 07:09:00,49.6565677940023
2025-03-13 07:10:00,49.66425297466522
2025-03-13 07:11:00,49.671938313774625
2025-03-13 07:12:00,49.679623811214434
2025-03-13 07:13:00,49.68730946686875
2025-03-13 07:14:00,49.69499528578003
2025-03-13 07:15:00,49.70268125753395
2025-03-13 07:16:00,49.710367387247416
2025-03-13 07:17:00,49.71805367471179
2025-03-13 07:18:00,49.72574011986699
2025-03-13 07:19:00,49.73342672263449
2025-03-13 07:20:00,49.7411134828616
2025-03-13 07:21:00,49.74880040050691
2025-03-13 07:22:00,49.75648747536213
2025-03-13 07:23:00,49.76417470742317
2025-03-13 07:24:00,49.77186209657471
2025-03-13 07:25:00,49.779549647787064
2025-03-13 07:26:00,49.78723735075513
2025-03-13 07:27:00,49.79492521044909
2025-03-13 07:28:00,49.802613226791095
2025-03-13 07:29:00,49.810301399684505
2025-03-13 07:30:00,49.817989729051476
2025-03-13 07:31:00,49.82567821472121
2025-03-13 07:32:00,49.83336685663448
2025-03-13 07:33:00,49.84105565465782
2025-03-13 07:34:00,49.848744608750735
2025-03-13 07:35:00,49.856433718705475
2025-03-13 07:36:00,49.864122989717345
2025-03-13 07:37:00,49.87181241125613
2025-03-13 07:38:00,49.879501988349915
2025-03-13 07:39:00,49.88719172103277
2025-03-13 07:40:00,49.89488160913441
2025-03-13 07:41:00,49.90257165248465
2025-03-13 07:42:00,49.91026185109914
2025-03-13 07:43:00,49.91795220477068
2025-03-13 07:44:00,49.92564271345921
2025-03-13 07:45:00,49.933333377013454
2025-03-13 07:46:00,49.94102419543068
2025-03-13 07:47:00,49.94871517364802
2025-03-13 07:48:00,49.95640630133754
2025-03-13 07:49:00,49.96409758349197
2025-03-13 07:50:00,49.971789020034656
2025-03-13 07:51:00,49.97948061085171
2025-03-13 07:52:00,49.987172355866406
2025-03-13 07:53:00,49.99486425498351
2025-03-13 07:54:00,50.00255630803358
2025-03-13 07:55:00,50.01024851499586
2025-03-13 07:56:00,50.017940875756686
2025-03-13 07:57:00,50.025633390146766
2025-03-13 07:58:00,50.033326058108244
2025-03-13 07:59:00,50.041018884766466
2025-03-13 08:00:00,50.04871185958649
2025-03-13 08:01:00,50.05640498769354
2025-03-13 08:02:00,50.0640982689929
2025-03-13 08:03:00,50.0717917033713
2025-03-13 08:04:00,50.07948529069699
2025-03-13 08:05:00,50.08717903089402
2025-03-13 08:06:00,50.09487292384925
2025-03-13 08:07:00,50.102566969468285
2025-03-13 08:08:00,50.11026116771256
2025-03-13 08:09:00,50.11795551839474
2025-03-13 08:10:00,50.12565002660481
2025-03-13 08:11:00,50.13334468191733
2025-03-13 08:12:00,50.14103948944093
2025-03-13 08:13:00,50.1487344489699
2025-03-13 08:14:00,50.156429560521765
2025-03-13 08:15:00,50.16412482394679
2025-03-13 08:16:00,50.17182023909508
2025-03-13 08:17:00,50.179515805965956
2025-03-13 08:18:00,50.187211524372415
2025-03-13 08:19:00,50.194907394313795
2025-03-13 08:20:00,50.20260341556609
2025-03-13 08:21:00,50.21029959329568
2025-03-13 08:22:00,50.21799591700064
2025-03-13 08:23:00,50.22569239184734
2025-03-13 08:24:00,50.23338901764917
2025-03-13 08:25:00,50.24108579431276
2025-03-13 08:26:00,50.248782721781964
2025-03-13 08:27:00,50.25647979992608
2025-03-13 08:28:00,50.26417702868915
2025-03-13 08:29:00,50.27187440786631
2025-03-13 08:30:00,50.27957193753173
2025-03-13 08:31:00,50.28726961742495
2025-03-13 08:32:00,50.29496745267695
2025-03-13 08:33:00,50.30266543287682
2025-03-13 08:34:00,50.31036356309979
2025-03-13 08:35:00,50.31806184315994
2025-03-13 08:36:00,50.32576027307605
2025-03-13 08:37:00,50.33345885268086
2025-03-13 08:38:00,50.341157581937416
2025-03-13 08:39:00,50.348856460641464
2025-03-13 08:40:00,50.356555488812
2025-03-13 08:41:00,50.36425466628194
2025-03-13 08:42:00,50.37195399294012
2025-03-13 08:43:00,50.37965346878722
2025-03-13 08:44:00,50.38735309880748
2025-03-13 08:45:00,50.39505287253182
2025-03-13 08:46:00,50.402752795186565
2025-03-13 08:47:00,50.41045286651178
2025-03-13 08:48:00,50.41815308647126
2025-03-13 08:49:00,50.42585345502861
2025-03-13 08:50:00,50.43355397201732
2025-03-13 08:51:00,50.44125463732655
2025-03-13 08:52:00,50.44895545090176
2025-03-13 08:53:00,50.456656412650894
2025-03-13 08:54:00,50.46435752250069
2025-03-13 08:55:00,50.47205878543732
2025-03-13 08:56:00,50.47976019108273
2025-03-13 08:57:00,50.48746174451624
2025-03-13 08:58:00,50.49516344562751
2025-03-13 08:59:00,50.5028652943249
2025-03-13 09:00:00,50.510567290516796
2025-03-13 09:01:00,50.5182694340932
2025-03-13 09:02:00,50.52597172498111
2025-03-13 09:03:00,50.53367416310782
2025-03-13 09:04:00,50.541376748307464
2025-03-13 09:05:00,50.54907948050736
2025-03-13 09:06:00,50.55678236482591
2025-03-13 09:07:00,50.56448539078998
2025-03-13 09:08:00,50.57218856348059
2025-03-13 09:09:00,50.57989188280673
2025-03-13 09:10:00,50.587595348714586
2025-03-13 09:11:00,50.59529896105739
2025-03-13 09:12:00,50.60300271972545
2025-03-13 09:13:00,50.61070662468373
2025-03-13 09:14:00,50.61841067576705
2025-03-13 09:15:00,50.62611487297761
2025-03-13 09:16:00,50.63381921613158
2025-03-13 09:17:00,50.641523710330794
2025-03-13 09:18:00,50.64922834517427
2025-03-13 09:19:00,50.656933125726574
2025-03-13 09:20:00,50.66463805184126
2025-03-13 09:21:00,50.672343123521074
2025-03-13 09:22:00,50.68004834060097
2025-03-13 09:23:00,50.68775370299068
2025-03-13 09:24:00,50.69545921059979
2025-03-13 09:25:00,50.703164863356825
2025-03-13 09:26:00,50.71087066119001
2025-03-13 09:27:00,50.71857660395347
2025-03-13 09:28:00,50.726282691557
2025-03-13 09:29:00,50.7339889291045
2025-03-13 09:30:00,50.74169530619278
2025-03-13 09:31:00,50.7494018278325
2025-03-13 09:32:00,50.75710849398973
2025-03-13 09:33:00,50.764815304481424
2025-03-13 09:34:00,50.7725222593296
2025-03-13 09:35:00,50.78022935836992
2025-03-13 09:36:00,50.78793660155002
2025-03-13 09:37:00,50.79564398878027
2025-03-13 09:38:00,50.803351519915154
2025-03-13 09:39:00,50.81105919490246
2025-03-13 09:40:00,50.81876701877325
2025-03-13 09:41:00,50.82647498117834
2025-03-13 09:42:00,50.83418308713029
2025-03-13 09:43:00,50.841891336595644
2025-03-13 09:44:00,50.84959972944779
2025-03-13 09:45:00,50.857308265578936
2025-03-13 09:46:00,50.86501694489994
2025-03-13 09:47:00,50.87272576737752
2025-03-13 09:48:00,50.88043473284806
2025-03-13 09:49:00,50.88814384127855
2025-03-13 09:50:00,50.89585309248666
2025-03-13 09:51:00,50.9035624916919
2025-03-13 09:52:00,50.91127202835671
2025-03-13 09:53:00,50.9189817076071
2025-03-13 09:54:00,50.92669152929852
2025-03-13 09:55:00,50.934401493416814
2025-03-13 09:56:00,50.94211159983597
2025-03-13 09:57:00,50.949821848467444
2025-03-13 09:58:00,50.9575322391853
2025-03-13 09:59:00,50.96524277195709
2025-03-13 10:00:00,50.972953446675646
2025-03-13 10:01:00,50.980664263252535
2025-03-13 10:02:00,50.98837522672265
2025-03-13 10:03:00,50.996086326732744
2025-03-13 10:04:00,51.00379756831759
2025-03-13 10:05:00,51.011508951351836
2025-03-13 10:06:00,51.01922047580312
2025-03-13 10:07:00,51.02693214158335
2025-03-13 10:08:00,51.03464394860466
2025-03-13 10:09:00,51.042355896760206
2025-03-13 10:10:00,51.05006798594345
2025-03-13 10:11:00,51.05778021608513
2025-03-13 10:12:00,51.065492587078765
2025-03-13 10:13:00,51.07320509889257
2025-03-13 10:14:00,51.080917756525984
2025-03-13 10:15:00,51.08863054962364
2025-03-13 10:16:00,51.09634348320371
2025-03-13 10:17:00,51.104056557271875
2025-03-13 10:18:00,51.111769771609985
2025-03-13 10:19:00,51.11948312624252
2025-03-13 10:20:00,51.12719662102601
2025-03-13 10:21:00,51.134910255854486
2025-03-13 10:22:00,51.1426240307151
2025-03-13 10:23:00,51.150337945464706
2025-03-13 10:24:00,51.15805200001608
2025-03-13 10:25:00,51.16576619946374
2025-03-13 10:26:00,51.17348053337571
2025-03-13 10:27:00,51.18119500680936
2025-03-13 10:28:00,51.188909619733515
2025-03-13 10:29:00,51.1966243720239
2025-03-13 10:30:00,51.20433926364959
2025-03-13 10:31:00,51.21205429437442
2025-03-13 10:32:00,51.21976946427942
2025-03-13 10:33:00,51.227484773184514
2025-03-13 10:34:00,51.235200221059
2025-03-13 10:35:00,51.24291580777875
2025-03-13 10:36:00,51.250631538403006
2025-03-13 10:37:00,51.25834740255368
2025-03-13 10:38:00,51.26606340532724
2025-03-13 10:39:00,51.27377954659981
2025-03-13 10:40:00,51.281495826247735
2025-03-13 10:41:00,51.289212244259176
2025-03-13 10:42:00,51.29692880051043
2025-03-13 10:43:00,51.30464549493395
2025-03-13 10:44:00,51.312362327406085
2025-03-13 10:45:00,51.320079297915406
2025-03-13 10:46:00,51.32779640630097
2025-03-13 10:47:00,51.33551365767981
2025-03-13 10:48:00,51.34323104161588
2025-03-13 10:49:00,51.35094856320744
2025-03-13 10:50:00,51.358666222368534
2025-03-13 10:51:00,51.36638401903194
2025-03-13 10:52:00,51.37410195301844
2025-03-13 10:53:00,51.381820024335575
2025-03-13 10:54:00,51.3895382329163
2025-03-13 10:55:00,51.39725657861891
2025-03-13 10:56:00,51.404975061339016
2025-03-13 10:57:00,51.41269368104704
2025-03-13 10:58:00,51.42041243765743
2025-03-13 10:59:00,51.42813133621441
2025-03-13 11:00:00,51.43585036631718
2025-03-13 11:01:00,51.44356953306595
2025-03-13 11:02:00,51.45128883635669
2025-03-13 11:03:00,51.45900827608539
2025-03-13 11:04:00,51.46672785220412
2025-03-13 11:05:00,51.474447564627724
2025-03-13 11:06:00,51.48216741325233
2025-03-13 11:07:00,51.48988739801147
2025-03-13 11:08:00,51.49760751880144
2025-03-13 11:09:00,51.505327775518516
2025-03-13 11:10:00,51.513048173320705
2025-03-13 11:11:00,51.520768701768034
2025-03-13 11:12:00,51.528489365868985
2025-03-13 11:13:00,51.536210165613454
2025-03-13 11:14:00,51.543931100879384
2025-03-13 11:15:00,51.551652171638025
2025-03-13 11:16:00,51.559373377767365
2025-03-13 11:17:00,51.56709471918276
2025-03-13 11:18:00,51.57481619579956
2025-03-13 11:19:00,51.58253780751468
2025-03-13 11:20:00,51.59025955431825
2025-03-13 11:21:00,51.59798144125803
2025-03-13 11:22:00,51.60570345785467
2025-03-13 11:23:00,51.61342560930528
2025-03-13 11:24:00,51.62114789545089
2025-03-13 11:25:00,51.62887031620724
2025-03-13 11:26:00,51.63659287154617
2025-03-13 11:27:00,51.64431556132744
2025-03-13 11:28:00,51.65203838548571
2025-03-13 11:29:00,51.65976134397427
2025-03-13 11:30:00,51.66748443665306
2025-03-13 11:31:00,51.675207663494106
2025-03-13 11:32:00,51.682931029565665
2025-03-13 11:33:00,51.69065452444246
2025-03-13 11:34:00,51.69837815317393
2025-03-13 11:35:00,51.70610191575101
2025-03-13 11:36:00,51.713825812090064
2025-03-13 11:37:00,51.72154984206998
2025-03-13 11:38:00,51.729274005569835
2025-03-13 11:39:00,51.736998302580716
2025-03-13 11:40:00,51.744722733019174
2025-03-13 11:41:00,51.75244729676432
2025-03-13 11:42:00,51.76017199377008
2025-03-13 11:43:00,51.76789682395307
2025-03-13 11:44:00,51.77562179236471
2025-03-13 11:45:00,51.783346888614986
2025-03-13 11:46:00,51.791072117830005
2025-03-13 11:47:00,51.798797479833176
2025-03-13 11:48:00,51.80652297463473
2025-03-13 11:49:00,51.81424860211427
2025-03-13 11:50:00,51.821974362170025
2025-03-13 11:51:00,51.82970025473759
2025-03-13 11:52:00,51.837426279808916
2025-03-13 11:53:00,51.845152437207524
2025-03-13 11:54:00,51.852878726925475
2025-03-13 11:55:00,51.86060515397824
2025-03-13 11:56:00,51.868331707992844
2025-03-13 11:57:00,51.8760583940784
2025-03-13 11:58:00,51.883785212096065
2025-03-13 11:59:00,51.8915121620194
2025-03-13 12:00:00,51.89923924372839
2025-03-13 12:01:00,51.906966457196624
2025-03-13 12:02:00,51.91469380228544
2025-03-13 12:03:00,51.922421278949926
2025-03-13 12:04:00,51.93014888712628
2025-03-13 12:05:00,51.93787662669483
2025-03-13 12:06:00,51.94560450276641
2025-03-13 12:07:00,51.95333250494735
2025-03-13 12:08:00,51.961060638311054
2025-03-13 12:09:00,51.968788902738055
2025-03-13 12:10:00,51.97651729820224
2025-03-13 12:11:00,51.98424582460297
2025-03-13 12:12:00,51.991974481858115
2025-03-13 12:13:00,51.99970326992319
2025-03-13 12:14:00,52.00743218869748
2025-03-13 12:15:00,52.01516123809922
2025-03-13 12:16:00,52.022890418027764
2025-03-13 12:17:00,52.03061973361456
2025-03-13 12:18:00,52.038349174445095
2025-03-13 12:19:00,52.04607874555736
2025-03-13 12:20:00,52.05380844692572
2025-03-13 12:21:00,52.061538278468575
2025-03-13 12:22:00,52.06926824010441
2025-03-13 12:23:00,52.07699833171424
2025-03-13 12:24:00,52.08472855331021
2025-03-13 12:25:00,52.092458904736084
2025-03-13 12:26:00,52.10018938592918
2025-03-13 12:27:00,52.1079199968268
2025-03-13 12:28:00,52.115650737366515
2025-03-13 12:29:00,52.123381612606664
2025-03-13 12:30:00,52.131112612186875
2025-03-13 12:31:00,52.138843741128234
2025-03-13 12:32:00,52.14657499934953
2025-03-13 12:33:00,52.154306386844624
2025-03-13 12:34:00,52.162037903532465
2025-03-13 12:35:00,52.16976954931348
2025-03-13 12:36:00,52.177501324087956
2025-03-13 12:37:00,52.185233227775065
2025-03-13 12:38:00,52.19296526035015
2025-03-13 12:39:00,52.20069742171376
2025-03-13 12:40:00,52.208429716982046
2025-03-13 12:41:00,52.21616213566184
2025-03-13 12:42:00,52.223894682925575
2025-03-13 12:43:00,52.23162735869257
2025-03-13 12:44:00,52.2393601628449
2025-03-13 12:45:00,52.24709309532083
2025-03-13 12:46:00,52.254826156077215
2025-03-13 12:47:00,52.262559344977625
2025-03-13 12:48:00,52.27029266199783
2025-03-13 12:49:00,52.27802610707619
2025-03-13 12:50:00,52.285759680132486
2025-03-13 12:51:00,52.293493386209704
2025-03-13 12:52:00,52.30122721490644
2025-03-13 12:53:00,52.308961171359336
2025-03-13 12:54:00,52.31669525545077
2025-03-13 12:55:00,52.32442946715694
2025-03-13 12:56:00,52.332163806360406
2025-03-13 12:57:00,52.339898272962486
2025-03-13 12:58:00,52.34763286693944
2025-03-13 12:59:00,52.35536758826754
2025-03-13 13:00:00,52.36310243675471
2025-03-13 13:01:00,52.37083741235861
2025-03-13 13:02:00,52.37857252029242
2025-03-13 13:03:00,52.3863077499469
2025-03-13 13:04:00,52.39404310653521
2025-03-13 13:05:00,52.40177859003397
2025-03-13 13:06:00,52.409514200251316
2025-03-13 13:07:00,52.41724993714515
2025-03-13 13:08:00,52.42498580069221
2025-03-13 13:09:00,52.43272179079438
2025-03-13 13:10:00,52.44045790735358
2025-03-13 13:11:00,52.44819415032792
2025-03-13 13:12:00,52.45593051961941
2025-03-13 13:13:00,52.46366701520504
2025-03-13 13:14:00,52.471403642093776
2025-03-13 13:15:00,52.47914038997403
2025-03-13 13:16:00,52.48687726385482
2025-03-13 13:17:00,52.494614263750684
2025-03-13 13:18:00,52.502351389488986
2025-03-13 13:19:00,52.51008864106578
2025-03-13 13:20:00,52.51782601840208
2025-03-13 13:21:00,52.52556352140029
2025-03-13 13:22:00,52.53330115005647
2025-03-13 13:23:00,52.54103890416078
2025-03-13 13:24:00,52.54877678376562
2025-03-13 13:25:00,52.556514793993955
2025-03-13 13:26:00,52.56425292427021
2025-03-13 13:27:00,52.57199117982976
2025-03-13 13:28:00,52.579729560556544
2025-03-13 13:29:00,52.587468066372125
2025-03-13 13:30:00,52.595206697235454
2025-03-13 13:31:00,52.60294545304939
2025-03-13 13:32:00,52.61068433381044
2025-03-13 13:33:00,52.618423339309224
2025-03-13 13:34:00,52.62616246957981
2025-03-13 13:35:00,52.63390172452518
2025-03-13 13:36:00,52.641641109270125
2025-03-13 13:37:00,52.649380613349386
2025-03-13 13:38:00,52.657120241887775
2025-03-13 13:39:00,52.664859994807195
2025-03-13 13:40:00,52.67259987204828
2025-03-13 13:41:00,52.68033987357062
2025-03-13 13:42:00,52.68807999925874
2025-03-13 13:43:00,52.69582024901603
2025-03-13 13:44:00,52.70356062285831
2025-03-13 13:45:00,52.71130112065165
2025-03-13 13:46:00,52.71904174231816
2025-03-13 13:47:00,52.72678249304046
2025-03-13 13:48:00,52.73452336229539
2025-03-13 13:49:00,52.7422643552655
2025-03-13 13:50:00,52.75000547185439
2025-03-13 13:51:00,52.75774671196584
2025-03-13 13:52:00,52.76548807557858
2025-03-13 13:53:00,52.77322956257769
2025-03-13 13:54:00,52.78097117294189
2025-03-13 13:55:00,52.788712906556455
2025-03-13 13:56:00,52.796454763381426
2025-03-13 13:57:00,52.804196743339546
2025-03-13 13:58:00,52.8119388463537
2025-03-13 13:59:00,52.81968107755183
2025-03-13 14:00:00,52.827423426446394
2025-03-13 14:01:00,52.83516589822165
2025-03-13 14:02:00,52.84290849280061
2025-03-13 14:03:00,52.85065121008739
2025-03-13 14:04:00,52.858394050005124
2025-03-13 14:05:00,52.86613701253307
2025-03-13 14:06:00,52.873880097556864
2025-03-13 14:07:00,52.88162330501836
2025-03-13 14:08:00,52.88936663482208
2025-03-13 14:09:00,52.89711008700372
2025-03-13 14:10:00,52.904853666543026
2025-03-13 14:11:00,52.91259736310047
2025-03-13 14:12:00,52.92034118174961
2025-03-13 14:13:00,52.928085122451286
2025-03-13 14:14:00,52.93582918507269
2025-03-13 14:15:00,52.94357336963113
2025-03-13 14:16:00,52.951317676012636
2025-03-13 14:17:00,52.9590621041408
2025-03-13 14:18:00,52.966806653976704
2025-03-13 14:19:00,52.974551325443976
2025-03-13 14:20:00,52.982296118485266
2025-03-13 14:21:00,52.99004103815679
2025-03-13 14:22:00,52.99778607409851
2025-03-13 14:23:00,53.005531231385525
2025-03-13 14:24:00,53.01327650999795
2025-03-13 14:25:00,53.02102190978477
2025-03-13 14:26:00,53.02876743076368
2025-03-13 14:27:00,53.036513072802464
2025-03-13 14:28:00,53.0442588358814
2025-03-13 14:29:00,53.052004719943355
2025-03-13 14:30:00,53.059750724874995
2025-03-13 14:31:00,53.06749685063795
2025-03-13 14:32:00,53.07524310234643
2025-03-13 14:33:00,53.082989469526154
2025-03-13 14:34:00,53.090735957328796
2025-03-13 14:35:00,53.09848256573497
2025-03-13 14:36:00,53.1062292945753
2025-03-13 14:37:00,53.11397614388677
2025-03-13 14:38:00,53.12172311355629
2025-03-13 14:39:00,53.129470203546
2025-03-13 14:40:00,53.13721741372412
2025-03-13 14:41:00,53.14496474407156
2025-03-13 14:42:00,53.152712194512915
2025-03-13 14:43:00,53.160459764972984
2025-03-13 14:44:00,53.16820746066146
2025-03-13 14:45:00,53.1759552710082
2025-03-13 14:46:00,53.18370320116676
2025-03-13 14:47:00,53.191451251155655
2025-03-13 14:48:00,53.19919942080609
2025-03-13 14:49:00,53.20694771008053
2025-03-13 14:50:00,53.21469611897898
2025-03-13 14:51:00,53.22244464735145
2025-03-13 14:52:00,53.23019329519797
2025-03-13 14:53:00,53.23794206240631
2025-03-13 14:54:00,53.245690948957794
2025-03-13 14:55:00,53.25343995993241
2025-03-13 14:56:00,53.2611890849084
2025-03-13 14:57:00,53.26893832904078
2025-03-13 14:58:00,53.27668769216115
2025-03-13 14:59:00,53.28443717430736
2025-03-13 15:00:00,53.292186775404815
2025-03-13 15:01:00,53.2999364953603
2025-03-13 15:02:00,53.30768633408039
2025-03-13 15:03:00,53.31543629156586
2025-03-13 15:04:00,53.32318636777968
2025-03-13 15:05:00,53.330936562534916
2025-03-13 15:06:00,53.33868688104449
2025-03-13 15:07:00,53.34643731288487
2025-03-13 15:08:00,53.35418786308133
2025-03-13 15:09:00,53.361938531653415
2025-03-13 15:10:00,53.36968931852699
2025-03-13 15:11:00,53.377440223646744
2025-03-13 15:12:00,53.385191246919746
2025-03-13 15:13:00,53.39294238832825
2025-03-13 15:14:00,53.400693647741946
2025-03-13 15:15:00,53.40844502510573
2025-03-13 15:16:00,53.41619652043938
2025-03-13 15:17:00,53.42394813882613
2025-03-13 15:18:00,53.43169986978432
2025-03-13 15:19:00,53.43945171843456
2025-03-13 15:20:00,53.44720368481584
2025-03-13 15:21:00,53.45495576874168
2025-03-13 15:22:00,53.462707970251124
2025-03-13 15:23:00,53.47046028923293
2025-03-13 15:24:00,53.47821272559477
2025-03-13 15:25:00,53.48596527933818
2025-03-13 15:26:00,53.49371795035203
2025-03-13 15:27:00,53.50147073860048
2025-03-13 15:28:00,53.50922364402887
2025-03-13 15:29:00,53.51697667175947
2025-03-13 15:30:00,53.524729811327624
2025-03-13 15:31:00,53.532483067893224
2025-03-13 15:32:00,53.54023644138294
2025-03-13 15:33:00,53.5479899317236
2025-03-13 15:34:00,53.55574353882319
2025-03-13 15:35:00,53.563497262683725
2025-03-13 15:36:00,53.571251103232065
2025-03-13 15:37:00,53.579005060376424
2025-03-13 15:38:00,53.58675913411881
2025-03-13 15:39:00,53.59451332429238
2025-03-13 15:40:00,53.60226763607734
2025-03-13 15:41:00,53.610022059101176
2025-03-13 15:42:00,53.61777659843146
2025-03-13 15:43:00,53.625531253957725
2025-03-13 15:44:00,53.63328602568232
2025-03-13 15:45:00,53.641040913551265
2025-03-13 15:46:00,53.64879591751078
2025-03-13 15:47:00,53.65655103745052
2025-03-13 15:48:00,53.66430627333542
2025-03-13 15:49:00,53.67206162509298
2025-03-13 15:50:00,53.679817092688175
2025-03-13 15:51:00,53.68757268124646
2025-03-13 15:52:00,53.69532838031842
2025-03-13 15:53:00,53.703084194991916
2025-03-13 15:54:00,53.71084012530722
2025-03-13 15:55:00,53.71859617113569
2025-03-13 15:56:00,53.72635233240506
2025-03-13 15:57:00,53.734108609099344
2025-03-13 15:58:00,53.74186500114639
2025-03-13 15:59:00,53.74962150847403
2025-03-13 16:00:00,53.75737813099133
2025-03-13 16:01:00,53.76513486872012
2025-03-13 16:02:00,53.77289172673096
2025-03-13 16:03:00,53.78064869462917
2025-03-13 16:04:00,53.78840577748524
2025-03-13 16:05:00,53.796162975283664
2025-03-13 16:06:00,53.803920287952515
2025-03-13 16:07:00,53.81167771545754
2025-03-13 16:08:00,53.8194352576705
2025-03-13 16:09:00,53.82719291461368
2025-03-13 16:10:00,53.83495068619643
2025-03-13 16:11:00,53.84270857234717
2025-03-13 16:12:00,53.850466573031724
2025-03-13 16:13:00,53.85822468814103
2025-03-13 16:14:00,53.86598292291626
2025-03-13 16:15:00,53.87374126677304
2025-03-13 16:16:00,53.88149972497145
2025-03-13 16:17:00,53.88925829734604
2025-03-13 16:18:00,53.8970169839194
2025-03-13 16:19:00,53.90477578462015
2025-03-13 16:20:00,53.91253469937695
2025-03-13 16:21:00,53.92029372809966
2025-03-13 16:22:00,53.92805287077354
2025-03-13 16:23:00,53.93581212734602
2025-03-13 16:24:00,53.94357149772723
2025-03-13 16:25:00,53.951330987084766
2025-03-13 16:26:00,53.95909058496407
2025-03-13 16:27:00,53.966850296495174
2025-03-13 16:28:00,53.97461012156944
2025-03-13 16:29:00,53.98237006026633
2025-03-13 16:30:00,53.99013011238321
2025-03-13 16:31:00,53.99789027794333
2025-03-13 16:32:00,54.00565055687565
2025-03-13 16:33:00,54.013410949128264
2025-03-13 16:34:00,54.021171454611526
2025-03-13 16:35:00,54.02893207329244
2025-03-13 16:36:00,54.03669281032115
2025-03-13 16:37:00,54.04445365522271
2025-03-13 16:38:00,54.05221461316621
2025-03-13 16:39:00,54.05997568409984
2025-03-13 16:40:00,54.06773686795313
2025-03-13 16:41:00,54.07549816459915
2025-03-13 16:42:00,54.08325957409899
2025-03-13 16:43:00,54.0910210963258
2025-03-13 16:44:00,54.0987827312281
2025-03-13 16:45:00,54.10654447884828
2025-03-13 16:46:00,54.114306338965605
2025-03-13 16:47:00,54.12206831684474
2025-03-13 16:48:00,54.1298304019525
2025-03-13 16:49:00,54.13759259951599
2025-03-13 16:50:00,54.14535490938979
2025-03-13 16:51:00,54.15311733159781
2025-03-13 16:52:00,54.160879866051125
2025-03-13 16:53:00,54.1686425126609
2025-03-13 16:54:00,54.17640527143248
2025-03-13 16:55:00,54.18416814227698
2025-03-13 16:56:00,54.1919311251621
2025-03-13 16:57:00,54.199694219999145
2025-03-13 16:58:00,54.2074574267559
2025-03-13 16:59:00,54.21522075056702
2025-03-13 17:00:00,54.222984180972745
2025-03-13 17:01:00,54.23074772316406
2025-03-13 17:02:00,54.23851137703375
2025-03-13 17:03:00,54.24627514251209
2025-03-13 17:04:00,54.25403901960468
2025-03-13 17:05:00,54.26180300822322
2025-03-13 17:06:00,54.26956710833579
2025-03-13 17:07:00,54.27733131985401
2025-03-13 17:08:00,54.28509564274606
2025-03-13 17:09:00,54.29286007698017
2025-03-13 17:10:00,54.30062462765483
2025-03-13 17:11:00,54.30838928428969
2025-03-13 17:12:00,54.31615405209631
2025-03-13 17:13:00,54.32391893106164
2025-03-13 17:14:00,54.33168392102252
2025-03-13 17:15:00,54.33944902198493
2025-03-13 17:16:00,54.34721423387981
2025-03-13 17:17:00,54.354979556656744
2025-03-13 17:18:00,54.36274499030316
2025-03-13 17:19:00,54.37051053469358
2025-03-13 17:20:00,54.378276189796644
2025-03-13 17:21:00,54.386041960806295
2025-03-13 17:22:00,54.39380783720311
2025-03-13 17:23:00,54.4015738241998
2025-03-13 17:24:00,54.40933992170876
2025-03-13 17:25:00,54.4171061296047
2025-03-13 17:26:00,54.42487244796943
2025-03-13 17:27:00,54.4326388766965
2025-03-13 17:28:00,54.44040541569847
2025-03-13 17:29:00,54.448172064963096
2025-03-13 17:30:00,54.45593882442181
2025-03-13 17:31:00,54.46370569398708
2025-03-13 17:32:00,54.47147267887337
2025-03-13 17:33:00,54.47923976863469
2025-03-13 17:34:00,54.48700696833469
2025-03-13 17:35:00,54.494774277961554
2025-03-13 17:36:00,54.50254169746556
2025-03-13 17:37:00,54.51030922685372
2025-03-13 17:38:00,54.518076865982394
2025-03-13 17:39:00,54.52584461485862
2025-03-13 17:40:00,54.53361247339534
2025-03-13 17:41:00,54.54138044154306
2025-03-13 17:42:00,54.549148519271405
2025-03-13 17:43:00,54.55691670654983
2025-03-13 17:44:00,54.56468500842481
2025-03-13 17:45:00,54.57245341459919
2025-03-13 17:46:00,54.580221930081805
2025-03-13 17:47:00,54.5879905549177
2025-03-13 17:48:00,54.59575928896354
2025-03-13 17:49:00,54.60352813224557
2025-03-13 17:50:00,54.61129708471475
2025-03-13 17:51:00,54.619066146227944
2025-03-13 17:52:00,54.62683531684914
2025-03-13 17:53:00,54.634604596491755
2025-03-13 17:54:00,54.64237398506924
2025-03-13 17:55:00,54.6501434877613
2025-03-13 17:56:00,54.657913094099726
2025-03-13 17:57:00,54.6656828092266
2025-03-13 17:58:00,54.67345263311193
2025-03-13 17:59:00,54.68122256574476
2025-03-13 18:00:00,54.68899260701984
2025-03-13 18:01:00,54.69676275685097
2025-03-13 18:02:00,54.70453301528362
2025-03-13 18:03:00,54.712303382175115
2025-03-13 18:04:00,54.72007385755237
2025-03-13 18:05:00,54.72784444132907
2025-03-13 18:06:00,54.73561513866751
2025-03-13 18:07:00,54.74338593906039
2025-03-13 18:08:00,54.751156847782916
2025-03-13 18:09:00,54.75892786465482
2025-03-13 18:10:00,54.766698989665606
2025-03-13 18:11:00,54.77447022284229
2025-03-13 18:12:00,54.782241564023664
2025-03-13 18:13:00,54.79001301323687
2025-03-13 18:14:00,54.79778457039614
2025-03-13 18:15:00,54.80555623547214
2025-03-13 18:16:00,54.81332800841681
2025-03-13 18:17:00,54.821099894337394
2025-03-13 18:18:00,54.82887188283777
2025-03-13 18:19:00,54.83664397902515
2025-03-13 18:20:00,54.84441618290814
2025-03-13 18:21:00,54.852188494401204
2025-03-13 18:22:00,54.85996091343755
2025-03-13 18:23:00,54.867733440007164
2025-03-13 18:24:00,54.875506074043344
2025-03-13 18:25:00,54.88327881549842
2025-03-13 18:26:00,54.891051664305756
2025-03-13 18:27:00,54.898824620474315
2025-03-13 18:28:00,54.906597683862174
2025-03-13 18:29:00,54.91437085971003
2025-03-13 18:30:00,54.92214413750698
2025-03-13 18:31:00,54.92991752247479
2025-03-13 18:32:00,54.93769101450952
2025-03-13 18:33:00,54.94546461354479
2025-03-13 18:34:00,54.953238319608616
2025-03-13 18:35:00,54.961012132597055
2025-03-13 18:36:00,54.968786052462896
2025-03-13 18:37:00,54.97656007917749
2025-03-13 18:38:00,54.98433421269373
2025-03-13 18:39:00,54.99210845290779
2025-03-13 18:40:00,54.999882805137034
2025-03-13 18:41:00,55.00765725871837
2025-03-13 18:42:00,55.015431818912674
2025-03-13 18:43:00,55.02320648567272
2025-03-13 18:44:00,55.030981258970414
2025-03-13 18:45:00,55.03875613872101
2025-03-13 18:46:00,55.046531124877546
2025-03-13 18:47:00,55.05430621741204
2025-03-13 18:48:00,55.06208141623975
2025-03-13 18:49:00,55.0698567213704
2025-03-13 18:50:00,55.07763213273839
2025-03-13 18:51:00,55.08540765547395
2025-03-13 18:52:00,55.093183279157394
2025-03-13 18:53:00,55.10095900891901
2025-03-13 18:54:00,55.10873484473094
2025-03-13 18:55:00,55.11651078650887
2025-03-13 18:56:00,55.124286834243904
2025-03-13 18:57:00,55.13206298790829
2025-03-13 18:58:00,55.139839247398974
2025-03-13 18:59:00,55.147615612725964
2025-03-13 19:00:00,55.15539208382396
2025-03-13 19:01:00,55.16316866060884
2025-03-13 19:02:00,55.170945348306596
2025-03-13 19:03:00,55.178722136439326
2025-03-13 19:04:00,55.186499030082146
2025-03-13 19:05:00,55.19427602930186
2025-03-13 19:06:00,55.2020531340523
2025-03-13 19:07:00,55.20983034419293
2025-03-13 19:08:00,55.21760765971533
2025-03-13 19:09:00,55.225385080648664
2025-03-13 19:10:00,55.23316260685268
2025-03-13 19:11:00,55.240940238337856
2025-03-13 19:12:00,55.24871797503921
2025-03-13 19:13:00,55.256495816910814
2025-03-13 19:14:00,55.264273769123605
2025-03-13 19:15:00,55.27205182119793
2025-03-13 19:16:00,55.279829978323555
2025-03-13 19:17:00,55.28760824041696
2025-03-13 19:18:00,55.29538660748883
2025-03-13 19:19:00,55.30316507947455
2025-03-13 19:20:00,55.31094365627175
2025-03-13 19:21:00,55.31872233792916
2025-03-13 19:22:00,55.32650112432548
2025-03-13 19:23:00,55.33428001547174
2025-03-13 19:24:00,55.34205901124693
2025-03-13 19:25:00,55.349838116917525
2025-03-13 19:26:00,55.357617321945895
2025-03-13 19:27:00,55.365396631579664
2025-03-13 19:28:00,55.37317604564138
2025-03-13 19:29:00,55.38095556421762
2025-03-13 19:30:00,55.388735187168706
2025-03-13 19:31:00,55.39651491452471
2025-03-13 19:32:00,55.40429474618372
2025-03-13 19:33:00,55.412074682138154
2025-03-13 19:34:00,55.419854722342826
2025-03-13 19:35:00,55.42763486675241
2025-03-13 19:36:00,55.435415120484095
2025-03-13 19:37:00,55.44319547314935
2025-03-13 19:38:00,55.450975929884144
2025-03-13 19:39:00,55.458756490624545
2025-03-13 19:40:00,55.466537155344334
2025-03-13 19:41:00,55.474317923998505
2025-03-13 19:42:00,55.482098796598684
2025-03-13 19:43:00,55.489879772986754
2025-03-13 19:44:00,55.49766085321215
2025-03-13 19:45:00,55.505442037192275
2025-03-13 19:46:00,55.51322332486339
2025-03-13 19:47:00,55.52100472149483
2025-03-13 19:48:00,55.52878621652688
2025-03-13 19:49:00,55.5365678151157
2025-03-13 19:50:00,55.544349517291934
2025-03-13 19:51:00,55.55213132299215
2025-03-13 19:52:00,55.55991323211513
2025-03-13 19:53:00,55.56769524467285
2025-03-13 19:54:00,55.57547736062075
2025-03-13 19:55:00,55.58325957993324
2025-03-13 19:56:00,55.5910419024903
2025-03-13 19:57:00,55.59882432832294
2025-03-13 19:58:00,55.606606857367865
2025-03-13 19:59:00,55.61438949480175
2025-03-13 20:00:00,55.622172230176076
2025-03-13 20:01:00,55.62995506859193
2025-03-13 20:02:00,55.637738010099476
2025-03-13 20:03:00,55.6455210545789
2025-03-13 20:04:00,55.6533042020426
2025-03-13 20:05:00,55.66108745238982
2025-03-13 20:06:00,55.668870805651856
2025-03-13 20:07:00,55.67665426174697
2025-03-13 20:08:00,55.6844378206121
2025-03-13 20:09:00,55.692221482222145
2025-03-13 20:10:00,55.700005251849255
2025-03-13 20:11:00,55.707789118836104
2025-03-13 20:12:00,55.71557308849256
2025-03-13 20:13:00,55.72335716075585
2025-03-13 20:14:00,55.73114133552549
2025-03-13 20:15:00,55.7389256128143
2025-03-13 20:16:00,55.74670999259731
2025-03-13 20:17:00,55.754494474811935
2025-03-13 20:18:00,55.762279059357816
2025-03-13 20:19:00,55.770063746323345
2025-03-13 20:20:00,55.7778485355517
2025-03-13 20:21:00,55.78563343227849
2025-03-13 20:22:00,55.793418425995924
2025-03-13 20:23:00,55.80120352190197
2025-03-13 20:24:00,55.808988719934284
2025-03-13 20:25:00,55.81677402010589
2025-03-13 20:26:00,55.82455942229793
2025-03-13 20:27:00,55.83234492656133
2025-03-13 20:28:00,55.840130532758316
2025-03-13 20:29:00,55.84791624092104
2025-03-13 20:30:00,55.85570205098735
2025-03-13 20:31:00,55.86348796287609
2025-03-13 20:32:00,55.87127398188116
2025-03-13 20:33:00,55.8790600973986
2025-03-13 20:34:00,55.886846314646654
2025-03-13 20:35:00,55.8946326336577
2025-03-13 20:36:00,55.90241905431302
2025-03-13 20:37:00,55.91020557656972
2025-03-13 20:38:00,55.91799220042232
2025-03-13 20:39:00,55.92577892580901
2025-03-13 20:40:00,55.93356575274347
2025-03-13 20:41:00,55.941352681144956
2025-03-13 20:42:00,55.94913971093282
2025-03-13 20:43:00,55.95692684215856
2025-03-13 20:44:00,55.9647140798908
2025-03-13 20:45:00,55.972501413769464
2025-03-13 20:46:00,55.98028884888212
2025-03-13 20:47:00,55.98807638526143
2025-03-13 20:48:00,55.99586402282699
2025-03-13 20:49:00,56.00365176155496
2025-03-13 20:50:00,56.011439601402785
2025-03-13 20:51:00,56.01922754228997
2025-03-13 20:52:00,56.02701558424951
2025-03-13 20:53:00,56.03480372722003
2025-03-13 20:54:00,56.04259197114012
2025-03-13 20:55:00,56.050380321211804
2025-03-13 20:56:00,56.05816876692255
2025-03-13 20:57:00,56.06595731354996
2025-03-13 20:58:00,56.07374596095713
2025-03-13 20:59:00,56.08153470910184
2025-03-13 21:00:00,56.08932355801728
2025-03-13 21:01:00,56.097112507623415
2025-03-13 21:02:00,56.1049015579157
2025-03-13 21:03:00,56.11269070877648
2025-03-13 21:04:00,56.12047996029572
2025-03-13 21:05:00,56.12826931229914
2025-03-13 21:06:00,56.13605877004667
2025-03-13 21:07:00,56.14384832306205
2025-03-13 21:08:00,56.15163797647309
2025-03-13 21:09:00,56.159427730313375
2025-03-13 21:10:00,56.16721758448416
2025-03-13 21:11:00,56.17500753901918
2025-03-13 21:12:00,56.182797593800856
2025-03-13 21:13:00,56.190587748844
2025-03-13 21:14:00,56.19837800412572
2025-03-13 21:15:00,56.20616835958525
2025-03-13 21:16:00,56.213958815105265
2025-03-13 21:17:00,56.22174937604156
2025-03-13 21:18:00,56.229540031765204
2025-03-13 21:19:00,56.23733078751862
2025-03-13 21:20:00,56.24512164326019
2025-03-13 21:21:00,56.252912598967164
2025-03-13 21:22:00,56.26070365459803
2025-03-13 21:23:00,56.2684948100922
2025-03-13 21:24:00,56.276286065446044
2025-03-13 21:25:00,56.28407742061811
2025-03-13 21:26:00,56.29186887552906
2025-03-13 21:27:00,56.29966043019422
2025-03-13 21:28:00,56.30745208453434
2025-03-13 21:29:00,56.31524384379339
2025-03-13 21:30:00,56.32303569741627
2025-03-13 21:31:00,56.33082765064693
2025-03-13 21:32:00,56.33861970346294
2025-03-13 21:33:00,56.346411855785284
2025-03-13 21:34:00,56.3542041075728
2025-03-13 21:35:00,56.36199645882212
2025-03-13 21:36:00,56.369788909473186
2025-03-13 21:37:00,56.37758145950382
2025-03-13 21:38:00,56.385374108872945
2025-03-13 21:39:00,56.39316685755848
2025-03-13 21:40:00,56.40095971072994
2025-03-13 21:41:00,56.40875265786862
2025-03-13 21:42:00,56.41654570427642
2025-03-13 21:43:00,56.424338849836715
2025-03-13 21:44:00,56.43213209447095
2025-03-13 21:45:00,56.43992543825167
2025-03-13 21:46:00,56.44771888108139
2025-03-13 21:47:00,56.455512422938135
2025-03-13 21:48:00,56.46330606378127
2025-03-13 21:49:00,56.47109980355115
2025-03-13 21:50:00,56.47889364226382
2025-03-13 21:51:00,56.48668758510902
2025-03-13 21:52:00,56.494481621547614
2025-03-13 21:53:00,56.50227575676936
2025-03-13 21:54:00,56.51006999079031
2025-03-13 21:55:00,56.51786432360797
2025-03-13 21:56:00,56.52565875512498
2025-03-13 21:57:00,56.533453285263185
2025-03-13 21:58:00,56.54124791407658
2025-03-13 21:59:00,56.549042641505935
2025-03-13 22:00:00,56.55683746749202
2025-03-13 22:01:00,56.564632392032244
2025-03-13 22:02:00,56.57242742033656
2025-03-13 22:03:00,56.580222541807736
2025-03-13 22:04:00,56.58801776178787
2025-03-13 22:05:00,56.59581308016124
2025-03-13 22:06:00,56.60360849686874
2025-03-13 22:07:00,56.611404011927014
2025-03-13 22:08:00,56.61919962531479
2025-03-13 22:09:00,56.626995336973096
2025-03-13 22:10:00,56.63479114680528
2025-03-13 22:11:00,56.642587054903565
2025-03-13 22:12:00,56.65038306115241
2025-03-13 22:13:00,56.65817916553079
2025-03-13 22:14:00,56.66597537324992
2025-03-13 22:15:00,56.67377167380551
2025-03-13 22:16:00,56.68156807238995
2025-03-13 22:17:00,56.68936456898222
2025-03-13 22:18:00,56.6971611635237
2025-03-13 22:19:00,56.70495785603138
2025-03-13 22:20:00,56.712754646427605
2025-03-13 22:21:00,56.720551534710665
2025-03-13 22:22:00,56.72834852082191
2025-03-13 22:23:00,56.73614560472177
2025-03-13 22:24:00,56.74394278640837
2025-03-13 22:25:00,56.751740071075446
2025-03-13 22:26:00,56.759537448217124
2025-03-13 22:27:00,56.767334923045944
2025-03-13 22:28:00,56.775132495484584
2025-03-13 22:29:00,56.782930165512504
2025-03-13 22:30:00,56.7907279331849
2025-03-13 22:31:00,56.79852579834893
2025-03-13 22:32:00,56.80632376107874
2025-03-13 22:33:00,56.814121821240384
2025-03-13 22:34:00,56.821919978870284
2025-03-13 22:35:00,56.829718233910306
2025-03-13 22:36:00,56.83751659157416
2025-03-13 22:37:00,56.845315041335695
2025-03-13 22:38:00,56.853113588465476
2025-03-13 22:39:00,56.86091223281077
2025-03-13 22:40:00,56.868710974483854
2025-03-13 22:41:00,56.87650981337007
2025-03-13 22:42:00,56.884308749411424
2025-03-13 22:43:00,56.892107782644565
2025-03-13 22:44:00,56.89990691301161
2025-03-13 22:45:00,56.907706140473664
2025-03-13 22:46:00,56.91550546501068
2025-03-13 22:47:00,56.92330489178096
2025-03-13 22:48:00,56.93110441035141
2025-03-13 22:49:00,56.938904025899305
2025-03-13 22:50:00,56.94670373838575
2025-03-13 22:51:00,56.95450354777206
2025-03-13 22:52:00,56.962303454057306
2025-03-13 22:53:00,56.970103457183875
2025-03-13 22:54:00,56.9779035571321
2025-03-13 22:55:00,56.98570375388224
2025-03-13 22:56:00,56.9935040473578
2025-03-13 22:57:00,57.00130443757702
2025-03-13 22:58:00,57.00910492448246
2025-03-13 22:59:00,57.01690551330938
2025-03-13 23:00:00,57.024706193490765
2025-03-13 23:01:00,57.03250697029964
2025-03-13 23:02:00,57.04030784369766
2025-03-13 23:03:00,57.04810881366537
2025-03-13 23:04:00,57.05590988006978
2025-03-13 23:05:00,57.06371104302395
2025-03-13 23:06:00,57.07151230237607
2025-03-13 23:07:00,57.079313658182485
2025-03-13 23:08:00,57.08711511036708
2025-03-13 23:09:00,57.09491665891065
2025-03-13 23:10:00,57.10271830901181
2025-03-13 23:11:00,57.11052005023456
2025-03-13 23:12:00,57.11832188768291
2025-03-13 23:13:00,57.126123821356714
2025-03-13 23:14:00,57.13392585129347
2025-03-13 23:15:00,57.14172797739846
2025-03-13 23:16:00,57.149530199633766
2025-03-13 23:17:00,57.15733251799916
2025-03-13 23:18:00,57.16513493247575
2025-03-13 23:19:00,57.17293744300664
2025-03-13 23:20:00,57.180740049572975
2025-03-13 23:21:00,57.18854275735556
2025-03-13 23:22:00,57.19634555593602
2025-03-13 23:23:00,57.20414845040066
2025-03-13 23:24:00,57.21195144084415
2025-03-13 23:25:00,57.21975452713414
2025-03-13 23:26:00,57.22755770927089
2025-03-13 23:27:00,57.235360987254495
2025-03-13 23:28:00,57.243164361085256
2025-03-13 23:29:00,57.25096783064985
2025-03-13 23:30:00,57.25877139592966
2025-03-13 23:31:00,57.2665750569628
2025-03-13 23:32:00,57.2743788188936
2025-03-13 23:33:00,57.282182671264366
2025-03-13 23:34:00,57.28998661927609
2025-03-13 23:35:00,57.29779066285352
2025-03-13 23:36:00,57.30559480205395
2025-03-13 23:37:00,57.31339903672639
2025-03-13 23:38:00,57.321203366984975
2025-03-13 23:39:00,57.32900779269779
2025-03-13 23:40:00,57.3368123138465
2025-03-13 23:41:00,57.34461693045064
2025-03-13 23:42:00,57.35242164245403
2025-03-13 23:43:00,57.36022644983862
2025-03-13 23:44:00,57.36803135780654
2025-03-13 23:45:00,57.37583635584188
2025-03-13 23:46:00,57.383641449165886
2025-03-13 23:47:00,57.39144663776049
2025-03-13 23:48:00,57.39925192160751
2025-03-13 23:49:00,57.40705730061319
2025-03-13 23:50:00,57.41486277481629
2025-03-13 23:51:00,57.422668344217804
2025-03-13 23:52:00,57.43047400866719
2025-03-13 23:53:00,57.438279768279
2025-03-13 23:54:00,57.44608562294073
2025-03-13 23:55:00,57.45389157781792
2025-03-13 23:56:00,57.46169762254477
2025-03-13 23:57:00,57.469503762249055
2025-03-13 23:58:00,57.47730999687506
2025-03-13 23:59:00,57.48511632644289
2025-03-14 00:00:00,57.492922750953724
2025-03-14 00:01:00,57.50072927035213
2025-03-14 00:02:00,57.50853588452561
2025-03-14 00:03:00,57.516342593570165
2025-03-14 00:04:00,57.52414939741142
2025-03-14 00:05:00,57.531956295993886
2025-03-14 00:06:00,57.53976329457906
2025-03-14 00:07:00,57.547570382610395
2025-03-14 00:08:00,57.55537756536818
2025-03-14 00:09:00,57.5631848427972
2025-03-14 00:10:00,57.570992214842036
2025-03-14 00:11:00,57.57879968148538
2025-03-14 00:12:00,57.586607242709796
2025-03-14 00:13:00,57.594414898516895
2025-03-14 00:14:00,57.602222648851495
2025-03-14 00:15:00,57.61003049367741
2025-03-14 00:16:00,57.617838432958294
2025-03-14 00:17:00,57.62564647195699
2025-03-14 00:18:00,57.63345460015329
2025-03-14 00:19:00,57.64126282273411
2025-03-14 00:20:00,57.64907113966341
2025-03-14 00:21:00,57.656879550980825
2025-03-14 00:22:00,57.66468805661255
2025-03-14 00:23:00,57.67249665650358
2025-03-14 00:24:00,57.680305350674764
2025-03-14 00:25:00,57.688114139109196
2025-03-14 00:26:00,57.6959230217519
2025-03-14 00:27:00,57.703731998548164
2025-03-14 00:28:00,57.71154106959472
2025-03-14 00:29:00,57.719350239985
2025-03-14 00:30:00,57.72715949919741
2025-03-14 00:31:00,57.73496885255273
2025-03-14 00:32:00,57.74277829993945
2025-03-14 00:33:00,57.75058784137868
2025-03-14 00:34:00,57.75839747683476
2025-03-14 00:35:00,57.76620720629099
2025-03-14 00:36:00,57.77401702971181
2025-03-14 00:37:00,57.781826947061504
2025-03-14 00:38:00,57.7896369583046
2025-03-14 00:39:00,57.79744706344348
2025-03-14 00:40:00,57.805257267667415
2025-03-14 00:41:00,57.813067560529255
2025-03-14 00:42:00,57.8208779471994
2025-03-14 00:43:00,57.82868842764232
2025-03-14 00:44:00,57.83649900182276
2025-03-14 00:45:00,57.84430966978111
2025-03-14 00:46:00,57.8521204314252
2025-03-14 00:47:00,57.85993128677652
2025-03-14 00:48:00,57.867742235780845
2025-03-14 00:49:00,57.875553278422
2025-03-14 00:50:00,57.88336441468364
2025-03-14 00:51:00,57.891175649775164
2025-03-14 00:52:00,57.89898697317231
2025-03-14 00:53:00,57.90679839016027
2025-03-14 00:54:00,57.91460990064703
2025-03-14 00:55:00,57.922421504635494
2025-03-14 00:56:00,57.93023320207171
2025-03-14 00:57:00,57.93804499293946
2025-03-14 00:58:00,57.94585687726073
2025-03-14 00:59:00,57.95366885494365
2025-03-14 01:00:00,57.96148092602917
2025-03-14 01:01:00,57.969293090463324
2025-03-14 01:02:00,57.97710535343786
2025-03-14 01:03:00,57.984917704502806
2025-03-14 01:04:00,57.992730148830844
2025-03-14 01:05:00,58.000542686406206
2025-03-14 01:06:00,58.008355317193974
2025-03-14 01:07:00,58.01616804125438
2025-03-14 01:08:00,58.02398085847673
2025-03-14 01:09:00,58.03179376880754
2025-03-14 01:10:00,58.0396067723068
2025-03-14 01:11:00,58.04741986893998
2025-03-14 01:12:00,58.055233058634556
2025-03-14 01:13:00,58.06304634139384
2025-03-14 01:14:00,58.07085972244869
2025-03-14 01:15:00,58.07867319130976
2025-03-14 01:16:00,58.08648675313203
2025-03-14 01:17:00,58.09430040791899
2025-03-14 01:18:00,58.10211415565513
2025-03-14 01:19:00,58.109927996362956
2025-03-14 01:20:00,58.11774192995121
2025-03-14 01:21:00,58.12555595638557
2025-03-14 01:22:00,58.13337007574542
2025-03-14 01:23:00,58.141184287882766
2025-03-14 01:24:00,58.148998592896106
2025-03-14 01:25:00,58.15681299588453
2025-03-14 01:26:00,58.16462748643339
2025-03-14 01:27:00,58.17244206969875
2025-03-14 01:28:00,58.18025674570324
2025-03-14 01:29:00,58.18807151439384
2025-03-14 01:30:00,58.19588637579338
2025-03-14 01:31:00,58.20370132982988
2025-03-14 01:32:00,58.21151637648818
2025-03-14 01:33:00,58.21933151581018
2025-03-14 01:34:00,58.22714674764816
2025-03-14 01:35:00,58.23496207210082
2025-03-14 01:36:00,58.24277749434437
2025-03-14 01:37:00,58.25059300383001
2025-03-14 01:38:00,58.25840860582866
2025-03-14 01:39:00,58.266224300325476
2025-03-14 01:40:00,58.274040087248736
2025-03-14 01:41:00,58.28185596664051
2025-03-14 01:42:00,58.28967193841005
2025-03-14 01:43:00,58.29748800261849
2025-03-14 01:44:00,58.305304159156385
2025-03-14 01:45:00,58.313120408065764
2025-03-14 01:46:00,58.32093674927509
2025-03-14 01:47:00,58.32875318803755
2025-03-14 01:48:00,58.33656971385993
2025-03-14 01:49:00,58.34438633193829
2025-03-14 01:50:00,58.352203042239275
2025-03-14 01:51:00,58.360019844786095
2025-03-14 01:52:00,58.36783673952648
2025-03-14 01:53:00,58.37565372642689
2025-03-14 01:54:00,58.383470805472754
2025-03-14 01:55:00,58.391287976668785
2025-03-14 01:56:00,58.39910524001951
2025-03-14 01:57:00,58.40692259537769
2025-03-14 01:58:00,58.41474004284284
2025-03-14 01:59:00,58.42255758761239
2025-03-14 02:00:00,58.4303752191727
2025-03-14 02:01:00,58.438192942721166
2025-03-14 02:02:00,58.4460107582626
2025-03-14 02:03:00,58.453828665763766
2025-03-14 02:04:00,58.46164666522942
2025-03-14 02:05:00,58.46946475662644
2025-03-14 02:06:00,58.47728293986491
2025-03-14 02:07:00,58.48510121504441
2025-03-14 02:08:00,58.49291958209403
2025-03-14 02:09:00,58.50073804094275
2025-03-14 02:10:00,58.508556596903006
2025-03-14 02:11:00,58.51637523938395
2025-03-14 02:12:00,58.52419397362206
2025-03-14 02:13:00,58.53201279967926
2025-03-14 02:14:00,58.539831717484674
2025-03-14 02:15:00,58.54765072694859
2025-03-14 02:16:00,58.55546982813304
2025-03-14 02:17:00,58.56328902104312
2025-03-14 02:18:00,58.57110830557022
2025-03-14 02:19:00,58.57892768171948
2025-03-14 02:20:00,58.586747149534105
2025-03-14 02:21:00,58.5945667141568
2025-03-14 02:22:00,58.6023863651472
2025-03-14 02:23:00,58.61020610768601
2025-03-14 02:24:00,58.61802594175947
2025-03-14 02:25:00,58.6258458673351
2025-03-14 02:26:00,58.63366588443722
2025-03-14 02:27:00,58.64148599305222
2025-03-14 02:28:00,58.649306193071794
2025-03-14 02:29:00,58.657126484539276
2025-03-14 02:30:00,58.6649468674602
2025-03-14 02:31:00,58.67276734178314
2025-03-14 02:32:00,58.680587912708845
2025-03-14 02:33:00,58.688408569776705
2025-03-14 02:34:00,58.696229318168406
2025-03-14 02:35:00,58.70405015788958
2025-03-14 02:36:00,58.711871088926955
2025-03-14 02:37:00,58.71969211126719
2025-03-14 02:38:00,58.72751322482116
2025-03-14 02:39:00,58.73533442968946
2025-03-14 02:40:00,58.74315572572603
2025-03-14 02:41:00,58.75097711301264
2025-03-14 02:42:00,58.75879859149802
2025-03-14 02:43:00,58.76662016113121
2025-03-14 02:44:00,58.77444182717103
2025-03-14 02:45:00,58.782263579117476
2025-03-14 02:46:00,58.790085422172496
2025-03-14 02:47:00,58.79790735630403
2025-03-14 02:48:00,58.805729381537056
2025-03-14 02:49:00,58.81355149783958
2025-03-14 02:50:00,58.82137370517973
2025-03-14 02:51:00,58.82919600354461
2025-03-14 02:52:00,58.83701839292124
2025-03-14 02:53:00,58.84484087323988
2025-03-14 02:54:00,58.85266344458256
2025-03-14 02:55:00,58.86048611207637
2025-03-14 02:56:00,58.86830886529593
2025-03-14 02:57:00,58.87613170938731
2025-03-14 02:58:00,58.88395464439469
2025-03-14 02:59:00,58.89177767030537
2025-03-14 03:00:00,58.899600787030714
2025-03-14 03:01:00,58.90742399463409
2025-03-14 03:02:00,58.9152472930078
2025-03-14 03:03:00,58.92307068227227
2025-03-14 03:04:00,58.93089416222501
2025-03-14 03:05:00,58.93871773300538
2025-03-14 03:06:00,58.946541399741484
2025-03-14 03:07:00,58.954365152025645
2025-03-14 03:08:00,58.96218899500505
2025-03-14 03:09:00,58.97001292866722
2025-03-14 03:10:00,58.97783695301866
2025-03-14 03:11:00,58.985661068009065
2025-03-14 03:12:00,58.99348527368304
2025-03-14 03:13:00,59.001309569952255
2025-03-14 03:14:00,59.009133956823405
2025-03-14 03:15:00,59.01695843434116
2025-03-14 03:16:00,59.02478300239833
2025-03-14 03:17:00,59.032607666237965
2025-03-14 03:18:00,59.04043241543228
2025-03-14 03:19:00,59.04825725507243
2025-03-14 03:20:00,59.056082185279095
2025-03-14 03:21:00,59.063907205983256
2025-03-14 03:22:00,59.0717323171158
2025-03-14 03:23:00,59.079557518683686
2025-03-14 03:24:00,59.087382810750796
2025-03-14 03:25:00,59.095208193229105
2025-03-14 03:26:00,59.1030336660687
2025-03-14 03:27:00,59.11085922931451
2025-03-14 03:28:00,59.11868488291662
2025-03-14 03:29:00,59.12651063213831
2025-03-14 03:30:00,59.13433646645537
2025-03-14 03:31:00,59.14216239109304
2025-03-14 03:32:00,59.14998840598254
2025-03-14 03:33:00,59.15781451122597
2025-03-14 03:34:00,59.165640706716516
2025-03-14 03:35:00,59.173466992442485
2025-03-14 03:36:00,59.18129336839213
2025-03-14 03:37:00,59.18911983461068
2025-03-14 03:38:00,59.1969463909725
2025-03-14 03:39:00,59.20477303756091
2025-03-14 03:40:00,59.21259977958322
2025-03-14 03:41:00,59.22042660647598
2025-03-14 03:42:00,59.22825352352248
2025-03-14 03:43:00,59.23608053071117
2025-03-14 03:44:00,59.24390762799248
2025-03-14 03:45:00,59.25173481531698
2025-03-14 03:46:00,59.259562092749064
2025-03-14 03:47:00,59.26738946023936
2025-03-14 03:48:00,59.27521691775747
2025-03-14 03:49:00,59.28304446534885
2025-03-14 03:50:00,59.29087210290722
2025-03-14 03:51:00,59.2986998357169
2025-03-14 03:52:00,59.306527653270216
2025-03-14 03:53:00,59.31435556073751
2025-03-14 03:54:00,59.32218355816448
2025-03-14 03:55:00,59.33001164553985
2025-03-14 03:56:00,59.33783982285243
2025-03-14 03:57:00,59.34566809007201
2025-03-14 03:58:00,59.35349644709241
2025-03-14 03:59:00,59.36132489405445
2025-03-14 04:00:00,59.36915343083301
2025-03-14 04:01:00,59.37698205745501
2025-03-14 04:02:00,59.38481077914879
2025-03-14 04:03:00,59.39263958540547
2025-03-14 04:04:00,59.4004684814344
2025-03-14 04:05:00,59.40829746726257
2025-03-14 04:06:00,59.41612654287904
2025-03-14 04:07:00,59.42395570815886
2025-03-14 04:08:00,59.431784963224004
2025-03-14 04:09:00,59.439614307968625
2025-03-14 04:10:00,59.447443742476864
2025-03-14 04:11:00,59.45527326658589
2025-03-14 04:12:00,59.46310288039886
2025-03-14 04:13:00,59.470932583904926
2025-03-14 04:14:00,59.478762382257685
2025-03-14 04:15:00,59.486592265022736
2025-03-14 04:16:00,59.494422237353696
2025-03-14 04:17:00,59.50225229925883
2025-03-14 04:18:00,59.510082450822445
2025-03-14 04:19:00,59.51791269190086
2025-03-14 04:20:00,59.52574302250248
2025-03-14 04:21:00,59.53357344269274
2025-03-14 04:22:00,59.54140395238501
2025-03-14 04:23:00,59.54923455162577
2025-03-14 04:24:00,59.55706524027147
2025-03-14 04:25:00,59.56489602372366
2025-03-14 04:26:00,59.57272689131882
2025-03-14 04:27:00,59.580557848439504
2025-03-14 04:28:00,59.588388894961255
2025-03-14 04:29:00,59.59622003089264
2025-03-14 04:30:00,59.60405125620436
2025-03-14 04:31:00,59.61188257094301
2025-03-14 04:32:00,59.61971397506028
2025-03-14 04:33:00,59.627545468526854
2025-03-14 04:34:00,59.63537705135144
2025-03-14 04:35:00,59.64320872350483
2025-03-14 04:36:00,59.651040490237506
2025-03-14 04:37:00,59.65887234103684
2025-03-14 04:38:00,59.66670428109627
2025-03-14 04:39:00,59.67453631046271
2025-03-14 04:40:00,59.682368429069015
2025-03-14 04:41:00,59.69020063696206
2025-03-14 04:42:00,59.69803293407481
2025-03-14 04:43:00,59.705865320397145
2025-03-14 04:44:00,59.71369779597605
2025-03-14 04:45:00,59.72153036068751
2025-03-14 04:46:00,59.7293630146166
2025-03-14 04:47:00,59.73719576297684
2025-03-14 04:48:00,59.74502859521631
2025-03-14 04:49:00,59.752861516586464
2025-03-14 04:50:00,59.76069452711557
2025-03-14 04:51:00,59.768527626755684
2025-03-14 04:52:00,59.776360815478
2025-03-14 04:53:00,59.78419409329163
2025-03-14 04:54:00,59.7920274602249
2025-03-14 04:55:00,59.799860916153946
2025-03-14 04:56:00,59.807694461183125
2025-03-14 04:57:00,59.81552809522662
2025-03-14 04:58:00,59.82336181827473
2025-03-14 04:59:00,59.8311956356183
2025-03-14 05:00:00,59.8390295366849
2025-03-14 05:01:00,59.84686352668917
2025-03-14 05:02:00,59.854697605735666
2025-03-14 05:03:00,59.86253177371965
2025-03-14 05:04:00,59.87036603066972
2025-03-14 05:05:00,59.878200376462175
2025-03-14 05:06:00,59.88603481125877
2025-03-14 05:07:00,59.893869334916815
2025-03-14 05:08:00,59.901703947483966
2025-03-14 05:09:00,59.90953864893176
2025-03-14 05:10:00,59.91737344449494
2025-03-14 05:11:00,59.925208323637904
2025-03-14 05:12:00,59.933043291652425
2025-03-14 05:13:00,59.94087834851012
2025-03-14 05:14:00,59.94871349410664
2025-03-14 05:15:00,59.956548728584835
2025-03-14 05:16:00,59.96438405184037
2025-03-14 05:17:00,59.97221946388298
2025-03-14 05:18:00,59.98005496464654
2025-03-14 05:19:00,59.98789055419776
2025-03-14 05:20:00,59.99572623248958
2025-03-14 05:21:00,60.00356200473866
2025-03-14 05:22:00,60.01139786046524
2025-03-14 05:23:00,60.01923380490503
2025-03-14 05:24:00,60.02706983803
2025-03-14 05:25:00,60.03490595985008
2025-03-14 05:26:00,60.04274217031822
2025-03-14 05:27:00,60.05057846944446
2025-03-14 05:28:00,60.05841485720079
2025-03-14 05:29:00,60.066251333616336
2025-03-14 05:30:00,60.07408789862511
2025-03-14 05:31:00,60.08192455227531
2025-03-14 05:32:00,60.08976129974655
2025-03-14 05:33:00,60.09759813053888
2025-03-14 05:34:00,60.10543504990795
2025-03-14 05:35:00,60.11327205788312
2025-03-14 05:36:00,60.12110915436043
2025-03-14 05:37:00,60.12894633940735
2025-03-14 05:38:00,60.136783612957856
2025-03-14 05:39:00,60.14462097500336
2025-03-14 05:40:00,60.152458425592314
2025-03-14 05:41:00,60.160295964658886
2025-03-14 05:42:00,60.16813359219449
2025-03-14 05:43:00,60.17597130817146
2025-03-14 05:44:00,60.183809117903735
2025-03-14 05:45:00,60.19164701079489
2025-03-14 05:46:00,60.19948499213981
2025-03-14 05:47:00,60.207323061891906
2025-03-14 05:48:00,60.21516122006169
2025-03-14 05:49:00,60.222999466621694
2025-03-14 05:50:00,60.23083780156345
2025-03-14 05:51:00,60.23867622489756
2025-03-14 05:52:00,60.246514736634715
2025-03-14 05:53:00,60.25435333665232
2025-03-14 05:54:00,60.2621920250752
2025-03-14 05:55:00,60.27003080700901
2025-03-14 05:56:00,60.27786967208441
2025-03-14 05:57:00,60.28570862544508
2025-03-14 05:58:00,60.29354766712075
2025-03-14 05:59:00,60.30138679700811
2025-03-14 06:00:00,60.3092260152321
2025-03-14 06:01:00,60.317065321746554
2025-03-14 06:02:00,60.324904716467124
2025-03-14 06:03:00,60.33274419946173
2025-03-14 06:04:00,60.34058377068432
2025-03-14 06:05:00,60.34842343010767
2025-03-14 06:06:00,60.35626318302869
2025-03-14 06:07:00,60.36410301886755
2025-03-14 06:08:00,60.37194294288313
2025-03-14 06:09:00,60.37978295510536
2025-03-14 06:10:00,60.387623055526326
2025-03-14 06:11:00,60.395463244099986
2025-03-14 06:12:00,60.403303520742355
2025-03-14 06:13:00,60.41114388559769
2025-03-14 06:14:00,60.41898433856292
2025-03-14 06:15:00,60.426824879649345
2025-03-14 06:16:00,60.434665508810944
2025-03-14 06:17:00,60.442506231364575
2025-03-14 06:18:00,60.4503470367484
2025-03-14 06:19:00,60.45818793020305
2025-03-14 06:20:00,60.466028911682734
2025-03-14 06:21:00,60.47386998125594
2025-03-14 06:22:00,60.481711138876776
2025-03-14 06:23:00,60.489552384537575
2025-03-14 06:24:00,60.49739371819268
2025-03-14 06:25:00,60.50523513989156
2025-03-14 06:26:00,60.5130766495504
2025-03-14 06:27:00,60.52091824727587
2025-03-14 06:28:00,60.52875993294623
2025-03-14 06:29:00,60.536601711860236
2025-03-14 06:30:00,60.54444357349287
2025-03-14 06:31:00,60.55228552300969
2025-03-14 06:32:00,60.56012756055554
2025-03-14 06:33:00,60.56796968600872
2025-03-14 06:34:00,60.575811899342845
2025-03-14 06:35:00,60.58365420062658
2025-03-14 06:36:00,60.591496589833525
2025-03-14 06:37:00,60.5993390669373
2025-03-14 06:38:00,60.60718163191149
2025-03-14 06:39:00,60.61502428476783
2025-03-14 06:40:00,60.62286703076814
2025-03-14 06:41:00,60.630709859328974
2025-03-14 06:42:00,60.63855277578821
2025-03-14 06:43:00,60.64639578006252
2025-03-14 06:44:00,60.6542388721447
2025-03-14 06:45:00,60.662082052084685
2025-03-14 06:46:00,60.66992531981816
2025-03-14 06:47:00,60.677768675338044
2025-03-14 06:48:00,60.68561211865623
2025-03-14 06:49:00,60.69345564976561
2025-03-14 06:50:00,60.701299268659156
2025-03-14 06:51:00,60.70914298056157
2025-03-14 06:52:00,60.716986774964305
2025-03-14 06:53:00,60.72483065709213
2025-03-14 06:54:00,60.732674627033184
2025-03-14 06:55:00,60.740518684666256
2025-03-14 06:56:00,60.748362829965416
2025-03-14 06:57:00,60.756207062999934
2025-03-14 06:58:00,60.764051383762826
2025-03-14 06:59:00,60.77189579220929
2025-03-14 07:00:00,60.779740288294306
2025-03-14 07:01:00,60.787584872106294
2025-03-14 07:02:00,60.79542954879464
2025-03-14 07:03:00,60.803274307945046
2025-03-14 07:04:00,60.81111915474497
2025-03-14 07:05:00,60.8189640891496
2025-03-14 07:06:00,60.82680911115223
2025-03-14 07:07:00,60.834654220803316
2025-03-14 07:08:00,60.84249941807708
2025-03-14 07:09:00,60.850344702947964
2025-03-14 07:10:00,60.858190075390155
2025-03-14 07:11:00,60.86603553547339
2025-03-14 07:12:00,60.873881083114824
2025-03-14 07:13:00,60.88172671830792
2025-03-14 07:14:00,60.889572446374515
2025-03-14 07:15:00,60.89741825665145
2025-03-14 07:16:00,60.90526415453667
2025-03-14 07:17:00,60.91311013992859
2025-03-14 07:18:00,60.920956212858755
2025-03-14 07:19:00,60.928802373263636
2025-03-14 07:20:00,60.93664862125114
2025-03-14 07:21:00,60.94449495671969
2025-03-14 07:22:00,60.952341379662855
2025-03-14 07:23:00,60.960187890093394
2025-03-14 07:24:00,60.96803448798593
2025-03-14 07:25:00,60.975881178663265
2025-03-14 07:26:00,60.98372795149912
2025-03-14 07:27:00,60.99157481179725
2025-03-14 07:28:00,60.99942175953245
2025-03-14 07:29:00,61.00726879475555
2025-03-14 07:30:00,61.01511591736515
2025-03-14 07:31:00,61.0229631274123
2025-03-14 07:32:00,61.03081042483369
2025-03-14 07:33:00,61.0386578096803
2025-03-14 07:34:00,61.04650528196517
2025-03-14 07:35:00,61.05435284156795
2025-03-14 07:36:00,61.062200493869426
2025-03-14 07:37:00,61.070048228261264
2025-03-14 07:38:00,61.07789605002915
2025-03-14 07:39:00,61.08574395912895
2025-03-14 07:40:00,61.093591955649956
2025-03-14 07:41:00,61.10144003943382
2025-03-14 07:42:00,61.10928821058893
2025-03-14 07:43:00,61.117136469033184
2025-03-14 07:44:00,61.12498481485601
2025-03-14 07:45:00,61.132833247975384
2025-03-14 07:46:00,61.140681768385356
2025-03-14 07:47:00,61.14853038135348
2025-03-14 07:48:00,61.15637907636559
2025-03-14 07:49:00,61.16422785865092
2025-03-14 07:50:00,61.17207672820384
2025-03-14 07:51:00,61.17992568505676
2025-03-14 07:52:00,61.187774729146774
2025-03-14 07:53:00,61.19562386048722
2025-03-14 07:54:00,61.20347307905344
2025-03-14 07:55:00,61.21132238487786
2025-03-14 07:56:00,61.21917177793593
2025-03-14 07:57:00,61.22702125824098
2025-03-14 07:58:00,61.23487082571129
2025-03-14 07:59:00,61.242720485672535
2025-03-14 08:00:00,61.2505702275711
2025-03-14 08:01:00,61.25842005669454
2025-03-14 08:02:00,61.26626997301839
2025-03-14 08:03:00,61.2741199764418
2025-03-14 08:04:00,61.28197006709277
2025-03-14 08:05:00,61.289820244908725
2025-03-14 08:06:00,61.29767050988427
2025-03-14 08:07:00,61.305520861975864
2025-03-14 08:08:00,61.31337130125442
2025-03-14 08:09:00,61.321221827695574
2025-03-14 08:10:00,61.3290724464925
2025-03-14 08:11:00,61.33692314718577
2025-03-14 08:12:00,61.34477393494947
2025-03-14 08:13:00,61.35262480981653
2025-03-14 08:14:00,61.36047577183888
2025-03-14 08:15:00,61.36832682093504
2025-03-14 08:16:00,61.376177957099884
2025-03-14 08:17:00,61.3840291803663
2025-03-14 08:18:00,61.391880490729235
2025-03-14 08:19:00,61.399731888164396
2025-03-14 08:20:00,61.407583372647736
2025-03-14 08:21:00,61.4154349494686
2025-03-14 08:22:00,61.42328660803305
2025-03-14 08:23:00,61.4311383537067
2025-03-14 08:24:00,61.438990186389205
2025-03-14 08:25:00,61.44684210607558
2025-03-14 08:26:00,61.45469411279903
2025-03-14 08:27:00,61.462546206592705
2025-03-14 08:28:00,61.4703983873563
2025-03-14 08:29:00,61.478250655104034
2025-03-14 08:30:00,61.4861030098691
2025-03-14 08:31:00,61.493955451646684
2025-03-14 08:32:00,61.501807985669835
2025-03-14 08:33:00,61.50966060141981
2025-03-14 08:34:00,61.51751330412968
2025-03-14 08:35:00,61.525366093794645
2025-03-14 08:36:00,61.53321897042895
2025-03-14 08:37:00,61.54107193402798
2025-03-14 08:38:00,61.54892498458689
2025-03-14 08:39:00,61.55677812206297
2025-03-14 08:40:00,61.564631346508605
2025-03-14 08:41:00,61.57248465782395
2025-03-14 08:42:00,61.580338056137705
2025-03-14 08:43:00,61.5881915413309
2025-03-14 08:44:00,61.596045118752045
2025-03-14 08:45:00,61.603898777766744
2025-03-14 08:46:00,61.61175252366619
2025-03-14 08:47:00,61.61960635652218
2025-03-14 08:48:00,61.62746027621578
2025-03-14 08:49:00,61.635314282837825
2025-03-14 08:50:00,61.64316837628847
2025-03-14 08:51:00,61.65102255663962
2025-03-14 08:52:00,61.658876823848686
2025-03-14 08:53:00,61.66673117791122
2025-03-14 08:54:00,61.67458561884189
2025-03-14 08:55:00,61.68244015187576
2025-03-14 08:56:00,61.69029476652974
2025-03-14 08:57:00,61.698149467962594
2025-03-14 08:58:00,61.706004256246295
2025-03-14 08:59:00,61.71385913137648
2025-03-14 09:00:00,61.72171409334898
2025-03-14 09:01:00,61.72956914204506
2025-03-14 09:02:00,61.73742427761308
2025-03-14 09:03:00,61.74527949999164
2025-03-14 09:04:00,61.753134809157444
2025-03-14 09:05:00,61.760990205087374
2025-03-14 09:06:00,61.76884569313155
2025-03-14 09:07:00,61.77670126265346
2025-03-14 09:08:00,61.784556918965166
2025-03-14 09:09:00,61.792412662062624
2025-03-14 09:10:00,61.80026849186551
2025-03-14 09:11:00,61.808124408484154
2025-03-14 09:12:00,61.81598041185735
2025-03-14 09:13:00,61.823836501981106
2025-03-14 09:14:00,61.83169267879421
2025-03-14 09:15:00,61.83954894238806
2025-03-14 09:16:00,61.84740529275878
2025-03-14 09:17:00,61.85526173506675
2025-03-14 09:18:00,61.86311825884591
2025-03-14 09:19:00,61.87097486937114
2025-03-14 09:20:00,61.8788315665432
2025-03-14 09:21:00,61.886688350491795
2025-03-14 09:22:00,61.89454522113677
2025-03-14 09:23:00,61.90240217843622
2025-03-14 09:24:00,61.910259222424514
2025-03-14 09:25:00,61.918116353174184
2025-03-14 09:26:00,61.92597357058615
2025-03-14 09:27:00,61.93383087461848
2025-03-14 09:28:00,61.941688265382005
2025-03-14 09:29:00,61.94954574803809
2025-03-14 09:30:00,61.95740331211943
2025-03-14 09:31:00,61.96526096286377
2025-03-14 09:32:00,61.97311870026752
2025-03-14 09:33:00,61.980976524269764
2025-03-14 09:34:00,61.98883443498144
2025-03-14 09:35:00,61.996692432303604
2025-03-14 09:36:00,62.00455051623277
2025-03-14 09:37:00,62.01240868684161
2025-03-14 09:38:00,62.02026694403136
2025-03-14 09:39:00,62.02812528791294
2025-03-14 09:40:00,62.035983723610514
2025-03-14 09:41:00,62.04384224065569
2025-03-14 09:42:00,62.05170084432524
2025-03-14 09:43:00,62.059559534596616
2025-03-14 09:44:00,62.0674183114474
2025-03-14 09:45:00,62.07527717495053
2025-03-14 09:46:00,62.08313612496923
2025-03-14 09:47:00,62.09099516161449
2025-03-14 09:48:00,62.098854284825855
2025-03-14 09:49:00,62.106713494600115
2025-03-14 09:50:00,62.11457279095302
2025-03-14 09:51:00,62.12243217914303
2025-03-14 09:52:00,62.13029164862458
2025-03-14 09:53:00,62.1381512046751
2025-03-14 09:54:00,62.14601084727239
2025-03-14 09:55:00,62.153870576394254
2025-03-14 09:56:00,62.161730392075654
2025-03-14 09:57:00,62.16959029431348
2025-03-14 09:58:00,62.17745028310467
2025-03-14 09:59:00,62.18531035835071
2025-03-14 10:00:00,62.19317052016305
2025-03-14 10:01:00,62.20103076850049
2025-03-14 10:02:00,62.20889110866054
2025-03-14 10:03:00,62.216751530020176
2025-03-14 10:04:00,62.22461203789584
2025-03-14 10:05:00,62.23247263226558
2025-03-14 10:06:00,62.24033331318371
2025-03-14 10:07:00,62.24819408060915
2025-03-14 10:08:00,62.256054934462625
2025-03-14 10:09:00,62.263915874817656
2025-03-14 10:10:00,62.27177690169035
2025-03-14 10:11:00,62.279638015020765
2025-03-14 10:12:00,62.28749921482509
2025-03-14 10:13:00,62.29536050110051
2025-03-14 10:14:00,62.30322187914549
2025-03-14 10:15:00,62.31108333837397
2025-03-14 10:16:00,62.31894488406519
2025-03-14 10:17:00,62.32680651617845
2025-03-14 10:18:00,62.334668234787216
2025-03-14 10:19:00,62.34253003986983
2025-03-14 10:20:00,62.350391931347204
2025-03-14 10:21:00,62.35825390927403
2025-03-14 10:22:00,62.366115973647595
2025-03-14 10:23:00,62.37397812446534
2025-03-14 10:24:00,62.38184036174377
2025-03-14 10:25:00,62.389702690629534
2025-03-14 10:26:00,62.39756510072621
2025-03-14 10:27:00,62.40542759723781
2025-03-14 10:28:00,62.41329018016176
2025-03-14 10:29:00,62.42115284949554
2025-03-14 10:30:00,62.42901560523674
2025-03-14 10:31:00,62.43687844736378
2025-03-14 10:32:00,62.444741375931486
2025-03-14 10:33:00,62.452604390880225
2025-03-14 10:34:00,62.460467492245776
2025-03-14 10:35:00,62.4683306799684
2025-03-14 10:36:00,62.47619395934837
2025-03-14 10:37:00,62.4840573198738
2025-03-14 10:38:00,62.49192076674936
2025-03-14 10:39:00,62.499784299991845
2025-03-14 10:40:00,62.507647919656264
2025-03-14 10:41:00,62.51551162564487
2025-03-14 10:42:00,62.523375418012755
2025-03-14 10:43:00,62.531239296757704
2025-03-14 10:44:00,62.53910326183922
2025-03-14 10:45:00,62.54696731329338
2025-03-14 10:46:00,62.55483145106079
2025-03-14 10:47:00,62.5626956804997
2025-03-14 10:48:00,62.570559991001645
2025-03-14 10:49:00,62.57842438782958
2025-03-14 10:50:00,62.5862888710195
2025-03-14 10:51:00,62.594153440550286
2025-03-14 10:52:00,62.6020180964008
2025-03-14 10:53:00,62.60988283854991
2025-03-14 10:54:00,62.61774766705281
2025-03-14 10:55:00,62.62561258190764
2025-03-14 10:56:00,62.633477583016905
2025-03-14 10:57:00,62.64134267051226
2025-03-14 10:58:00,62.64920784427725
2025-03-14 10:59:00,62.65707310963295
2025-03-14 11:00:00,62.66493845604607
2025-03-14 11:01:00,62.672803888723166
2025-03-14 11:02:00,62.68066940771965
2025-03-14 11:03:00,62.68853501299539
2025-03-14 11:04:00,62.696400704605956
2025-03-14 11:05:00,62.70426648251136
2025-03-14 11:06:00,62.71213234667158
2025-03-14 11:07:00,62.719998297122984
2025-03-14 11:08:00,62.72786433388305
2025-03-14 11:09:00,62.73573045689268
2025-03-14 11:10:00,62.74359667147378
2025-03-14 11:11:00,62.75146296705391
2025-03-14 11:12:00,62.75932934889769
2025-03-14 11:13:00,62.767195817003376
2025-03-14 11:14:00,62.77506237136937
2025-03-14 11:15:00,62.78292901201321
2025-03-14 11:16:00,62.79079573893325
2025-03-14 11:17:00,62.79866255210885
2025-03-14 11:18:00,62.80652945151927
2025-03-14 11:19:00,62.81439643714391
2025-03-14 11:20:00,62.822263509057734
2025-03-14 11:21:00,62.830130672526025
2025-03-14 11:22:00,62.837997916918084
2025-03-14 11:23:00,62.84586524755662
2025-03-14 11:24:00,62.85373266442104
2025-03-14 11:25:00,62.861600167548126
2025-03-14 11:26:00,62.86946775693649
2025-03-14 11:27:00,62.87733543248922
2025-03-14 11:28:00,62.8852031942623
2025-03-14 11:29:00,62.89307104231159
2025-03-14 11:30:00,62.900938976578495
2025-03-14 11:31:00,62.90880699706171
2025-03-14 11:32:00,62.916675109008295
2025-03-14 11:33:00,62.924543301901146
2025-03-14 11:34:00,62.9324115810065
2025-03-14 11:35:00,62.94027994636119
2025-03-14 11:36:00,62.94814839788771
2025-03-14 11:37:00,62.956016935565664
2025-03-14 11:38:00,62.963885559527625
2025-03-14 11:39:00,62.97175426965778
2025-03-14 11:40:00,62.979623065993195
2025-03-14 11:41:00,62.987491948513664
2025-03-14 11:42:00,62.995360917218036
2025-03-14 11:43:00,63.00322997214339
2025-03-14 11:44:00,63.01109911849963
2025-03-14 11:45:00,63.0189683457683
2025-03-14 11:46:00,63.02683765921667
2025-03-14 11:47:00,63.03470705886275
2025-03-14 11:48:00,63.04257654464821
2025-03-14 11:49:00,63.050446116648516
2025-03-14 11:50:00,63.05831577480535
2025-03-14 11:51:00,63.066185519136866
2025-03-14 11:52:00,63.07405534962302
2025-03-14 11:53:00,63.081925266320255
2025-03-14 11:54:00,63.08979526911303
2025-03-14 11:55:00,63.09766536338387
2025-03-14 11:56:00,63.10553553855619
2025-03-14 11:57:00,63.11340579984055
2025-03-14 11:58:00,63.121276147312585
2025-03-14 11:59:00,63.129146580914124
2025-03-14 12:00:00,63.13701710066351
2025-03-14 12:01:00,63.14488770654087
2025-03-14 12:02:00,63.15275839864101
2025-03-14 12:03:00,63.16062917681033
2025-03-14 12:04:00,63.16850004116268
2025-03-14 12:05:00,63.17637099164016
2025-03-14 12:06:00,63.18424203351141
2025-03-14 12:07:00,63.19211315629437
2025-03-14 12:08:00,63.19998436516221
2025-03-14 12:09:00,63.20785566015253
2025-03-14 12:10:00,63.21572704128378
2025-03-14 12:11:00,63.22359850859363
2025-03-14 12:12:00,63.231470061986016
2025-03-14 12:13:00,63.23934170147942
2025-03-14 12:14:00,63.24721342713062
2025-03-14 12:15:00,63.2550852388818
2025-03-14 12:16:00,63.26295713677074
2025-03-14 12:17:00,63.2708291260477
2025-03-14 12:18:00,63.278701196153314
2025-03-14 12:19:00,63.28657335237615
2025-03-14 12:20:00,63.29444559467751
2025-03-14 12:21:00,63.3023179230952
2025-03-14 12:22:00,63.310190337628924
2025-03-14 12:23:00,63.31806283825911
2025-03-14 12:24:00,63.325935425023616
2025-03-14 12:25:00,63.33380809786483
2025-03-14 12:26:00,63.34168085680153
2025-03-14 12:27:00,63.349553701833415
2025-03-14 12:28:00,63.35742663297924
2025-03-14 12:29:00,63.36529965547126
2025-03-14 12:30:00,63.37317275878702
2025-03-14 12:31:00,63.381045948158686
2025-03-14 12:32:00,63.38891922368165
2025-03-14 12:33:00,63.396792585279144
2025-03-14 12:34:00,63.404666032931985
2025-03-14 12:35:00,63.41253956663999
2025-03-14 12:36:00,63.420413186460316
2025-03-14 12:37:00,63.42828689237376
2025-03-14 12:38:00,63.436160684361134
2025-03-14 12:39:00,63.44403456242222
2025-03-14 12:40:00,63.45190853182831
2025-03-14 12:41:00,63.45978258201781
2025-03-14 12:42:00,63.46765671824264
2025-03-14 12:43:00,63.47553094063667
2025-03-14 12:44:00,63.483405249008726
2025-03-14 12:45:00,63.49127964351173
2025-03-14 12:46:00,63.49915412403105
2025-03-14 12:47:00,63.50702869062408
2025-03-14 12:48:00,63.514903343271754
2025-03-14 12:49:00,63.522778081974145
2025-03-14 12:50:00,63.530652906788696
2025-03-14 12:51:00,63.538527822853624
2025-03-14 12:52:00,63.54640281975918
2025-03-14 12:53:00,63.55427790270089
2025-03-14 12:54:00,63.562153071659765
2025-03-14 12:55:00,63.57002832673158
2025-03-14 12:56:00,63.577903667840076
2025-03-14 12:57:00,63.585779094928185
2025-03-14 12:58:00,63.59365460809165
2025-03-14 12:59:00,63.601530207311654
2025-03-14 13:00:00,63.60940589260761
2025-03-14 13:01:00,63.61728166388414
2025-03-14 13:02:00,63.62515752652878
2025-03-14 13:03:00,63.63303346988233
2025-03-14 13:04:00,63.64090949931306
2025-03-14 13:05:00,63.64878561480222
2025-03-14 13:06:00,63.65666181629284
2025-03-14 13:07:00,63.66453810378542
2025-03-14 13:08:00,63.67241447731844
2025-03-14 13:09:00,63.680290936911526
2025-03-14 13:10:00,63.68816748250779
2025-03-14 13:11:00,63.69604411416505
2025-03-14 13:12:00,63.70392083184552
2025-03-14 13:13:00,63.711797635530615
2025-03-14 13:14:00,63.71967453051301
2025-03-14 13:15:00,63.727551506285415
2025-03-14 13:16:00,63.73542856800665
2025-03-14 13:17:00,63.743305715772934
2025-03-14 13:18:00,63.75118294956566
2025-03-14 13:19:00,63.759060269404635
2025-03-14 13:20:00,63.76693767519478
2025-03-14 13:21:00,63.77481516705156
2025-03-14 13:22:00,63.782692744918194
2025-03-14 13:23:00,63.790570408757134
2025-03-14 13:24:00,63.7984481586264
2025-03-14 13:25:00,63.80632599981958
2025-03-14 13:26:00,63.814203921713556
2025-03-14 13:27:00,63.82208192960175
2025-03-14 13:28:00,63.82996002350415
2025-03-14 13:29:00,63.83783820338322
2025-03-14 13:30:00,63.845716469316244
2025-03-14 13:31:00,63.85359482126583
2025-03-14 13:32:00,63.861473259156234
2025-03-14 13:33:00,63.869351783084
2025-03-14 13:34:00,63.877230392973416
2025-03-14 13:35:00,63.88510908892101
2025-03-14 13:36:00,63.89298787608715
2025-03-14 13:37:00,63.90086674398174
2025-03-14 13:38:00,63.90874569789901
2025-03-14 13:39:00,63.916624737801556
2025-03-14 13:40:00,63.92450386369043
2025-03-14 13:41:00,63.93238307558572
2025-03-14 13:42:00,63.940262373411876
2025-03-14 13:43:00,63.94814175730386
2025-03-14 13:44:00,63.95602122714786
2025-03-14 13:45:00,63.963900782983224
2025-03-14 13:46:00,63.971780424811
2025-03-14 13:47:00,63.979660157907084
2025-03-14 13:48:00,63.9875399717039
2025-03-14 13:49:00,63.99541987147721
2025-03-14 13:50:00,64.00329985720913
2025-03-14 13:51:00,64.01117992891986
2025-03-14 13:52:00,64.019060086668
2025-03-14 13:53:00,64.02694033035903
2025-03-14 13:54:00,64.03482066001325
2025-03-14 13:55:00,64.04270107568938
2025-03-14 13:56:00,64.05058157729292
2025-03-14 13:57:00,64.05846216490161
2025-03-14 13:58:00,64.06634283847849
2025-03-14 13:59:00,64.07422360333854
2025-03-14 14:00:00,64.08210444883657
2025-03-14 14:01:00,64.0899853802875
2025-03-14 14:02:00,64.09786639780745
2025-03-14 14:03:00,64.1057475012639
2025-03-14 14:04:00,64.11362869063905
2025-03-14 14:05:00,64.12150996601075
2025-03-14 14:06:00,64.1293913273231
2025-03-14 14:07:00,64.13727277465398
2025-03-14 14:08:00,64.14515430792827
2025-03-14 14:09:00,64.15303592712829
2025-03-14 14:10:00,64.16091763762724
2025-03-14 14:11:00,64.16879942881711
2025-03-14 14:12:00,64.17668130593714
2025-03-14 14:13:00,64.18456326900801
2025-03-14 14:14:00,64.19244531805037
2025-03-14 14:15:00,64.20032745308482
2025-03-14 14:16:00,64.2082096740364
2025-03-14 14:17:00,64.21609198092592
2025-03-14 14:18:00,64.22397437379315
2025-03-14 14:19:00,64.23185685267799
2025-03-14 14:20:00,64.23973941746723
2025-03-14 14:21:00,64.24762207347742
2025-03-14 14:22:00,64.2555048101953
2025-03-14 14:23:00,64.26338763280344
2025-03-14 14:24:00,64.27127054143747
2025-03-14 14:25:00,64.27915353598429
2025-03-14 14:26:00,64.287036616503
2025-03-14 14:27:00,64.29491978293794
2025-03-14 14:28:00,64.30280303538657
2025-03-14 14:29:00,64.31068637373582
2025-03-14 14:30:00,64.31856979800664
2025-03-14 14:31:00,64.32645330825821
2025-03-14 14:32:00,64.33433690976946
2025-03-14 14:33:00,64.34222059193065
2025-03-14 14:34:00,64.35010436000157
2025-03-14 14:35:00,64.35798821404143
2025-03-14 14:36:00,64.36587215401396
2025-03-14 14:37:00,64.3737561799401
2025-03-14 14:38:00,64.38164029178351
2025-03-14 14:39:00,64.38952448962269
2025-03-14 14:40:00,64.3974087733256
2025-03-14 14:41:00,64.40529314302822
2025-03-14 14:42:00,64.41317759865589
2025-03-14 14:43:00,64.42106214021072
2025-03-14 14:44:00,64.42894677301068
2025-03-14 14:45:00,64.43683148644493
2025-03-14 14:46:00,64.44471628583149
2025-03-14 14:47:00,64.45260117113415
2025-03-14 14:48:00,64.46048614239328
2025-03-14 14:49:00,64.46837119955352
2025-03-14 14:50:00,64.4762563426936
2025-03-14 14:51:00,64.48414157173906
2025-03-14 14:52:00,64.4920268867494
2025-03-14 14:53:00,64.49991228765026
2025-03-14 14:54:00,64.50779777450128
2025-03-14 14:55:00,64.51568335256374
2025-03-14 14:56:00,64.5235690112833
2025-03-14 14:57:00,64.53145475590217
2025-03-14 14:58:00,64.53934058648005
2025-03-14 14:59:00,64.5472265029617
2025-03-14 15:00:00,64.55511250542597
2025-03-14 15:01:00,64.56299859379858
2025-03-14 15:02:00,64.57088476804356
2025-03-14 15:03:00,64.57877102825888
2025-03-14 15:04:00,64.58665737438955
2025-03-14 15:05:00,64.59454380647614
2025-03-14 15:06:00,64.60243032974242
2025-03-14 15:07:00,64.6103169336714
2025-03-14 15:08:00,64.61820362346779
2025-03-14 15:09:00,64.62609039924871
2025-03-14 15:10:00,64.63397726095928
2025-03-14 15:11:00,64.64186420852532
2025-03-14 15:12:00,64.64975124206417
2025-03-14 15:13:00,64.65763836148255
2025-03-14 15:14:00,64.6655255668787
2025-03-14 15:15:00,64.67341285814028
2025-03-14 15:16:00,64.68130023534633
2025-03-14 15:17:00,64.68918770375973
2025-03-14 15:18:00,64.69707525280502
2025-03-14 15:19:00,64.70496288778331
2025-03-14 15:20:00,64.71285060867805
2025-03-14 15:21:00,64.72073841543443
2025-03-14 15:22:00,64.72862630816988
2025-03-14 15:23:00,64.73651428679128
2025-03-14 15:24:00,64.74440235133972
2025-03-14 15:25:00,64.7522905017794
2025-03-14 15:26:00,64.76017873817054
2025-03-14 15:27:00,64.76806706047748
2025-03-14 15:28:00,64.77595546866466
2025-03-14 15:29:00,64.78384396805312
2025-03-14 15:30:00,64.79173254804729
2025-03-14 15:31:00,64.79962121402568
2025-03-14 15:32:00,64.80750996585695
2025-03-14 15:33:00,64.81539880362055
2025-03-14 15:34:00,64.8232877272618
2025-03-14 15:35:00,64.83117673686016
2025-03-14 15:36:00,64.83906583238007
2025-03-14 15:37:00,64.84695501374787
2025-03-14 15:38:00,64.85484428102387
2025-03-14 15:39:00,64.86273363422998
2025-03-14 15:40:00,64.8706230786882
2025-03-14 15:41:00,64.87851260368687
2025-03-14 15:42:00,64.88640221462448
2025-03-14 15:43:00,64.89429191146567
2025-03-14 15:44:00,64.90218169425172
2025-03-14 15:45:00,64.91007156287061
2025-03-14 15:46:00,64.9179615174403
2025-03-14 15:47:00,64.9258515578872
2025-03-14 15:48:00,64.93374168425257
2025-03-14 15:49:00,64.94163189650112
2025-03-14 15:50:00,64.94952219467433
2025-03-14 15:51:00,64.9574125840371
2025-03-14 15:52:00,64.96530305399209
2025-03-14 15:53:00,64.97319360988087
2025-03-14 15:54:00,64.98108425166825
2025-03-14 15:55:00,64.98897497933828
2025-03-14 15:56:00,64.996865792894
2025-03-14 15:57:00,65.00475669237693
2025-03-14 15:58:00,65.01264767777106
2025-03-14 15:59:00,65.0205387490604
2025-03-14 16:00:00,65.02842990620994
2025-03-14 16:01:00,65.0363211492994
2025-03-14 16:02:00,65.04421248353711
2025-03-14 16:03:00,65.05210389840134
2025-03-14 16:04:00,65.05999539917694
2025-03-14 16:05:00,65.0678869858289
2025-03-14 16:06:00,65.07577865834139
2025-03-14 16:07:00,65.08367041681343
2025-03-14 16:08:00,65.09156226119092
2025-03-14 16:09:00,65.09945419140054
2025-03-14 16:10:00,65.10734620752228
2025-03-14 16:11:00,65.11523830954036
2025-03-14 16:12:00,65.12313049745818
2025-03-14 16:13:00,65.13102277125994
2025-03-14 16:14:00,65.13891513625046
2025-03-14 16:15:00,65.14680758186874
2025-03-14 16:16:00,65.1547001133238
2025-03-14 16:17:00,65.16259273071483
2025-03-14 16:18:00,65.17048543394961
2025-03-14 16:19:00,65.17837822312732
2025-03-14 16:20:00,65.18627109819403
2025-03-14 16:21:00,65.19416405911495
2025-03-14 16:22:00,65.20205710593196
2025-03-14 16:23:00,65.20995023864849
2025-03-14 16:24:00,65.21784345724905
2025-03-14 16:25:00,65.22573676701998
2025-03-14 16:26:00,65.2336301573993
2025-03-14 16:27:00,65.24152363365428
2025-03-14 16:28:00,65.24941719578848
2025-03-14 16:29:00,65.25731084382473
2025-03-14 16:30:00,65.26520457774748
2025-03-14 16:31:00,65.27309839754128
2025-03-14 16:32:00,65.28099230320974
2025-03-14 16:33:00,65.28888629479498
2025-03-14 16:34:00,65.29678037226229
2025-03-14 16:35:00,65.30467453555801
2025-03-14 16:36:00,65.31256879010326
2025-03-14 16:37:00,65.32046312514362
2025-03-14 16:38:00,65.32835754615773
2025-03-14 16:39:00,65.3362520530152
2025-03-14 16:40:00,65.34414664573906
2025-03-14 16:41:00,65.3520413243523
2025-03-14 16:42:00,65.35993608887784
2025-03-14 16:43:00,65.36783093924294
2025-03-14 16:44:00,65.37572587550889
2025-03-14 16:45:00,65.38362089762212
2025-03-14 16:46:00,65.391516005644
2025-03-14 16:47:00,65.39941120484308
2025-03-14 16:48:00,65.40730648459817
2025-03-14 16:49:00,65.41520185023535
2025-03-14 16:50:00,65.42309730175852
2025-03-14 16:51:00,65.43099283913331
2025-03-14 16:52:00,65.43888846244042
2025-03-14 16:53:00,65.44678417156874
2025-03-14 16:54:00,65.45467996656073
2025-03-14 16:55:00,65.46257584747784
2025-03-14 16:56:00,65.47047181422826
2025-03-14 16:57:00,65.47836786685447
2025-03-14 16:58:00,65.48626400537955
2025-03-14 16:59:00,65.49416023507295
2025-03-14 17:00:00,65.5020565453124
2025-03-14 17:01:00,65.50995294142473
2025-03-14 17:02:00,65.5178494234141
2025-03-14 17:03:00,65.52574599128462
2025-03-14 17:04:00,65.5336426450021
2025-03-14 17:05:00,65.54153938460902
2025-03-14 17:06:00,65.54943621005212
2025-03-14 17:07:00,65.5573331214122
2025-03-14 17:08:00,65.56523011861681
2025-03-14 17:09:00,65.57312720165102
2025-03-14 17:10:00,65.5810243759191
2025-03-14 17:11:00,65.58892163068279
2025-03-14 17:12:00,65.59681897134638
2025-03-14 17:13:00,65.60471639789492
2025-03-14 17:14:00,65.6126139102752
2025-03-14 17:15:00,65.62051150854904
2025-03-14 17:16:00,65.62840919262501
2025-03-14 17:17:00,65.63630696262236
2025-03-14 17:18:00,65.64420481850708
2025-03-14 17:19:00,65.65210276016862
2025-03-14 17:20:00,65.66000078772632
2025-03-14 17:21:00,65.66789890645086
2025-03-14 17:22:00,65.67579710573749
2025-03-14 17:23:00,65.683695390876
2025-03-14 17:24:00,65.69159376188999
2025-03-14 17:25:00,65.69949221870725
2025-03-14 17:26:00,65.70739076144726
2025-03-14 17:27:00,65.71528939003784
2025-03-14 17:28:00,65.72318810444511
2025-03-14 17:29:00,65.73108690471194
2025-03-14 17:30:00,65.7389857908429
2025-03-14 17:31:00,65.74688476286161
2025-03-14 17:32:00,65.75478382600116
2025-03-14 17:33:00,65.76268296971335
2025-03-14 17:34:00,65.7705821992695
2025-03-14 17:35:00,65.77848151463587
2025-03-14 17:36:00,65.78638091593211
2025-03-14 17:37:00,65.7942804030287
2025-03-14 17:38:00,65.8021799759685
2025-03-14 17:39:00,65.81007963479456
2025-03-14 17:40:00,65.81797937943486
2025-03-14 17:41:00,65.82587920995162
2025-03-14 17:42:00,65.83377912631116
2025-03-14 17:43:00,65.841679128499
2025-03-14 17:44:00,65.84957922184485
2025-03-14 17:45:00,65.85747939572272
2025-03-14 17:46:00,65.86537965546232
2025-03-14 17:47:00,65.87328000104917
2025-03-14 17:48:00,65.881180432469
2025-03-14 17:49:00,65.8890809497264
2025-03-14 17:50:00,65.89698155282636
2025-03-14 17:51:00,65.90488224179285
2025-03-14 17:52:00,65.91278301659224
2025-03-14 17:53:00,65.92068387722944
2025-03-14 17:54:00,65.92858482372851
2025-03-14 17:55:00,65.93648586130469
2025-03-14 17:56:00,65.94438697944626
2025-03-14 17:57:00,65.95228818342602
2025-03-14 17:58:00,65.96018947326804
2025-03-14 17:59:00,65.96809084895813
2025-03-14 18:00:00,65.97599231044357
2025-03-14 18:01:00,65.98389385774865
2025-03-14 18:02:00,65.99179549091662
2025-03-14 18:03:00,65.9996972099141
2025-03-14 18:04:00,66.00759901474612
2025-03-14 18:05:00,66.01550090541767
2025-03-14 18:06:00,66.02340288718307
2025-03-14 18:07:00,66.03130494952968
2025-03-14 18:08:00,66.03920709769264
2025-03-14 18:09:00,66.04710933169613
2025-03-14 18:10:00,66.05501165146859
2025-03-14 18:11:00,66.0629140570918
2025-03-14 18:12:00,66.07081654857082
2025-03-14 18:13:00,66.07871912585338
2025-03-14 18:14:00,66.08662178898282
2025-03-14 18:15:00,66.09452453792599
2025-03-14 18:16:00,66.1024273726881
2025-03-14 18:17:00,66.11033029856239
2025-03-14 18:18:00,66.11823330497785
2025-03-14 18:19:00,66.12613639718953
2025-03-14 18:20:00,66.13403957526003
2025-03-14 18:21:00,66.14194283913714
2025-03-14 18:22:00,66.14984618880689
2025-03-14 18:23:00,66.1577496242938
2025-03-14 18:24:00,66.16565314564136
2025-03-14 18:25:00,66.17355675279742
2025-03-14 18:26:00,66.1814604457097
2025-03-14 18:27:00,66.18936422447948
2025-03-14 18:28:00,66.1972680890545
2025-03-14 18:29:00,66.20517204476712
2025-03-14 18:30:00,66.21307608096872
2025-03-14 18:31:00,66.22098020297247
2025-03-14 18:32:00,66.22888441078372
2025-03-14 18:33:00,66.2367887044079
2025-03-14 18:34:00,66.24469308386958
2025-03-14 18:35:00,66.25259754911669
2025-03-14 18:36:00,66.26050210013545
2025-03-14 18:37:00,66.26840673700801
2025-03-14 18:38:00,66.27631145968232
2025-03-14 18:39:00,66.28421626812553
2025-03-14 18:40:00,66.29212116768974
2025-03-14 18:41:00,66.30002614780227
2025-03-14 18:42:00,66.30793121366187
2025-03-14 18:43:00,66.31583636531232
2025-03-14 18:44:00,66.32374160279767
2025-03-14 18:45:00,66.33164692602743
2025-03-14 18:46:00,66.33955233510318
2025-03-14 18:47:00,66.34745782997291
2025-03-14 18:48:00,66.35536341060387
2025-03-14 18:49:00,66.36326907704009
2025-03-14 18:50:00,66.3711748292871
2025-03-14 18:51:00,66.37908067260187
2025-03-14 18:52:00,66.38698659643002
2025-03-14 18:53:00,66.39489260602839
2025-03-14 18:54:00,66.40279870140266
2025-03-14 18:55:00,66.41070488259697
2025-03-14 18:56:00,66.41861114955941
2025-03-14 18:57:00,66.42651750233406
2025-03-14 18:58:00,66.43442394083081
2025-03-14 18:59:00,66.4423304651512
2025-03-14 19:00:00,66.45023707524352
2025-03-14 19:01:00,66.45814377113274
2025-03-14 19:02:00,66.46605055809559
2025-03-14 19:03:00,66.47395742551922
2025-03-14 19:04:00,66.48186437869963
2025-03-14 19:05:00,66.48977141771925
2025-03-14 19:06:00,66.4976785424881
2025-03-14 19:07:00,66.50558575303116
2025-03-14 19:08:00,66.51349304929684
2025-03-14 19:09:00,66.52140043138681
2025-03-14 19:10:00,66.52930789924947
2025-03-14 19:11:00,66.53721545283321
2025-03-14 19:12:00,66.5451230922206
2025-03-14 19:13:00,66.55303081737925
2025-03-14 19:14:00,66.56093863358664
2025-03-14 19:15:00,66.56884653026731
2025-03-14 19:16:00,66.57675451273715
2025-03-14 19:17:00,66.58466258088694
2025-03-14 19:18:00,66.59257073489545
2025-03-14 19:19:00,66.60047897459592
2025-03-14 19:20:00,66.60838730005202
2025-03-14 19:21:00,66.6162957112889
2025-03-14 19:22:00,66.62420420829343
2025-03-14 19:23:00,66.63211279105253
2025-03-14 19:24:00,66.64002145953387
2025-03-14 19:25:00,66.64793021909227
2025-03-14 19:26:00,66.65583905905561
2025-03-14 19:27:00,66.66374798481706
2025-03-14 19:28:00,66.67165699630598
2025-03-14 19:29:00,66.67956609352854
2025-03-14 19:30:00,66.68747527647167
2025-03-14 19:31:00,66.69538454523752
2025-03-14 19:32:00,66.70329389971711
2025-03-14 19:33:00,66.71120333987828
2025-03-14 19:34:00,66.71911286584233
2025-03-14 19:35:00,66.72702247751953
2025-03-14 19:36:00,66.73493218024622
2025-03-14 19:37:00,66.74284196336852
2025-03-14 19:38:00,66.7507518322611
2025-03-14 19:39:00,66.75866178685354
2025-03-14 19:40:00,66.76657182720956
2025-03-14 19:41:00,66.77448195329717
2025-03-14 19:42:00,66.78239216510349
2025-03-14 19:43:00,66.7903024625964
2025-03-14 19:44:00,66.79821284585901
2025-03-14 19:45:00,66.80612331482092
2025-03-14 19:46:00,66.8140338694885
2025-03-14 19:47:00,66.82194451519862
2025-03-14 19:48:00,66.82985524135427
2025-03-14 19:49:00,66.83776605319639
2025-03-14 19:50:00,66.8456769507313
2025-03-14 19:51:00,66.85358793402305
2025-03-14 19:52:00,66.86149900298219
2025-03-14 19:53:00,66.86941015769176
2025-03-14 19:54:00,66.87732139808159
2025-03-14 19:55:00,66.88523272421573
2025-03-14 19:56:00,66.8931441359855
2025-03-14 19:57:00,66.90105563349329
2025-03-14 19:58:00,66.90896721670728
2025-03-14 19:59:00,66.91687889096512
2025-03-14 20:00:00,66.92479064557281
2025-03-14 20:01:00,66.93270248584867
2025-03-14 20:02:00,66.94061441185698
2025-03-14 20:03:00,66.94852642356582
2025-03-14 20:04:00,66.95643852100106
2025-03-14 20:05:00,66.96435070403487
2025-03-14 20:06:00,66.97226297280827
2025-03-14 20:07:00,66.98017532725106
2025-03-14 20:08:00,66.98808776740829
2025-03-14 20:09:00,66.99600029320987
2025-03-14 20:10:00,67.00391291005155
2025-03-14 20:11:00,67.01182560720022
2025-03-14 20:12:00,67.01973839007081
2025-03-14 20:13:00,67.02765125859328
2025-03-14 20:14:00,67.03556421283187
2025-03-14 20:15:00,67.04347725269739
2025-03-14 20:16:00,67.05139037823494
2025-03-14 20:17:00,67.05930358947049
2025-03-14 20:18:00,67.06721688633401
2025-03-14 20:19:00,67.07513026887068
2025-03-14 20:20:00,67.08304373710645
2025-03-14 20:21:00,67.09095729628419
2025-03-14 20:22:00,67.09887093580431
2025-03-14 20:23:00,67.1067846610056
2025-03-14 20:24:00,67.11469847183737
2025-03-14 20:25:00,67.12261236834476
2025-03-14 20:26:00,67.1305263504963
2025-03-14 20:27:00,67.1384404182605
2025-03-14 20:28:00,67.1463545716826
2025-03-14 20:29:00,67.15426881082706
2025-03-14 20:30:00,67.16218313554725
2025-03-14 20:31:00,67.17009754590781
2025-03-14 20:32:00,67.17801204722875
2025-03-14 20:33:00,67.18592662885226
2025-03-14 20:34:00,67.19384129615602
2025-03-14 20:35:00,67.20175604907031
2025-03-14 20:36:00,67.20967088762126
2025-03-14 20:37:00,67.21758581179674
2025-03-14 20:38:00,67.22550082156528
2025-03-14 20:39:00,67.23341591702996
2025-03-14 20:40:00,67.24133109802496
2025-03-14 20:41:00,67.249246364711
2025-03-14 20:42:00,67.2571617169991
2025-03-14 20:43:00,67.26507715489635
2025-03-14 20:44:00,67.27299268370446
2025-03-14 20:45:00,67.2809082928221
2025-03-14 20:46:00,67.28882398757025
2025-03-14 20:47:00,67.29673976793671
2025-03-14 20:48:00,67.30465563383268
2025-03-14 20:49:00,67.31257158539971
2025-03-14 20:50:00,67.32048762252977
2025-03-14 20:51:00,67.32840374528759
2025-03-14 20:52:00,67.33631995362279
2025-03-14 20:53:00,67.34423624754254
2025-03-14 20:54:00,67.3521526270733
2025-03-14 20:55:00,67.36006909749813
2025-03-14 20:56:00,67.3679856481765
2025-03-14 20:57:00,67.37590228448757
2025-03-14 20:58:00,67.38381900634256
2025-03-14 20:59:00,67.39173581376794
2025-03-14 21:00:00,67.399652706771
2025-03-14 21:01:00,67.4075696853974
2025-03-14 21:02:00,67.41548674957774
2025-03-14 21:03:00,67.42340389930006
2025-03-14 21:04:00,67.43132113459086
2025-03-14 21:05:00,67.43923845543831
2025-03-14 21:06:00,67.447155867203
2025-03-14 21:07:00,67.45507335918586
2025-03-14 21:08:00,67.46299093674752
2025-03-14 21:09:00,67.47090859981859
2025-03-14 21:10:00,67.47882634848308
2025-03-14 21:11:00,67.4867441826718
2025-03-14 21:12:00,67.4946621024305
2025-03-14 21:13:00,67.502580107709
2025-03-14 21:14:00,67.51049819855315
2025-03-14 21:15:00,67.51841637493206
2025-03-14 21:16:00,67.52633463679554
2025-03-14 21:17:00,67.53425298958153
2025-03-14 21:18:00,67.54217142255192
2025-03-14 21:19:00,67.55008994106781
2025-03-14 21:20:00,67.55800854509828
2025-03-14 21:21:00,67.56592723465089
2025-03-14 21:22:00,67.57384600969479
2025-03-14 21:23:00,67.58176487029512
2025-03-14 21:24:00,67.58968381640182
2025-03-14 21:25:00,67.59760284802255
2025-03-14 21:26:00,67.6055219651264
2025-03-14 21:27:00,67.61344116777866
2025-03-14 21:28:00,67.62136045594849
2025-03-14 21:29:00,67.62927983488247
2025-03-14 21:30:00,67.63719929403359
2025-03-14 21:31:00,67.6451188386292
2025-03-14 21:32:00,67.6530384687922
2025-03-14 21:33:00,67.66095818441504
2025-03-14 21:34:00,67.66887798548615
2025-03-14 21:35:00,67.67679787210932
2025-03-14 21:36:00,67.68471784415773
2025-03-14 21:37:00,67.69263790173527
2025-03-14 21:38:00,67.70055804473432
2025-03-14 21:39:00,67.70847827322028
2025-03-14 21:40:00,67.71639859251714
2025-03-14 21:41:00,67.72431899194264
2025-03-14 21:42:00,67.73223947683996
2025-03-14 21:43:00,67.74016004719769
2025-03-14 21:44:00,67.74808070298523
2025-03-14 21:45:00,67.75600144430639
2025-03-14 21:46:00,67.76392227097692
2025-03-14 21:47:00,67.77184318315838
2025-03-14 21:48:00,67.77976418076256
2025-03-14 21:49:00,67.7876852638549
2025-03-14 21:50:00,67.79560643234728
2025-03-14 21:51:00,67.80352769158348
2025-03-14 21:52:00,67.81144903093808
2025-03-14 21:53:00,67.81937045571641
2025-03-14 21:54:00,67.82729196594553
2025-03-14 21:55:00,67.83521356161431
2025-03-14 21:56:00,67.84313524269216
2025-03-14 21:57:00,67.85105700914868
2025-03-14 21:58:00,67.85897886106866
2025-03-14 21:59:00,67.86690079836397
2025-03-14 22:00:00,67.87482282104267
2025-03-14 22:01:00,67.88274492918963
2025-03-14 22:02:00,67.8906671280146
2025-03-14 22:03:00,67.89858940692994
2025-03-14 22:04:00,67.90651177124158
2025-03-14 22:05:00,67.91443422093826
2025-03-14 22:06:00,67.92235675604734
2025-03-14 22:07:00,67.93027937648071
2025-03-14 22:08:00,67.93820208234266
2025-03-14 22:09:00,67.94612487358354
2025-03-14 22:10:00,67.95404775019227
2025-03-14 22:11:00,67.96197071215782
2025-03-14 22:12:00,67.96989375948823
2025-03-14 22:13:00,67.97781689219174
2025-03-14 22:14:00,67.98574011559401
2025-03-14 22:15:00,67.99366341901045
2025-03-14 22:16:00,68.00158680778601
2025-03-14 22:17:00,68.00951028192881
2025-03-14 22:18:00,68.01743384138953
2025-03-14 22:19:00,68.02535748615709
2025-03-14 22:20:00,68.03328121633575
2025-03-14 22:21:00,68.04120503183776
2025-03-14 22:22:00,68.04912893265211
2025-03-14 22:23:00,68.05705291878705
2025-03-14 22:24:00,68.06497699025083
2025-03-14 22:25:00,68.07290115235057
2025-03-14 22:26:00,68.08082539447771
2025-03-14 22:27:00,68.08874972190097
2025-03-14 22:28:00,68.0966741346286
2025-03-14 22:29:00,68.10459863263054
2025-03-14 22:30:00,68.11252321599196
2025-03-14 22:31:00,68.12044788462508
2025-03-14 22:32:00,68.1283726385192
2025-03-14 22:33:00,68.13629747774013
2025-03-14 22:34:00,68.14422240225795
2025-03-14 22:35:00,68.152147412081
2025-03-14 22:36:00,68.16007251242095
2025-03-14 22:37:00,68.16799769278369
2025-03-14 22:38:00,68.17592295840006
2025-03-14 22:39:00,68.18384830929773
2025-03-14 22:40:00,68.19177374542744
2025-03-14 22:41:00,68.19969926681686
2025-03-14 22:42:00,68.20762487349381
2025-03-14 22:43:00,68.21555056542817
2025-03-14 22:44:00,68.22347634255166
2025-03-14 22:45:00,68.23140220496887
2025-03-14 22:46:00,68.23932815261144
2025-03-14 22:47:00,68.24725419080674
2025-03-14 22:48:00,68.25518030892556
2025-03-14 22:49:00,68.26310651225691
2025-03-14 22:50:00,68.27103280082855
2025-03-14 22:51:00,68.27895917459144
2025-03-14 22:52:00,68.28688563359245
2025-03-14 22:53:00,68.29481217782116
2025-03-14 22:54:00,68.30273880720915
2025-03-14 22:55:00,68.31066552184195
2025-03-14 22:56:00,68.31859232167054
2025-03-14 22:57:00,68.32651920666513
2025-03-14 22:58:00,68.33444617683433
2025-03-14 22:59:00,68.34237323754468
2025-03-14 23:00:00,68.35030037808919
2025-03-14 23:01:00,68.35822760383432
2025-03-14 23:02:00,68.36615491478878
2025-03-14 23:03:00,68.37408231086519
2025-03-14 23:04:00,68.3820097921107
2025-03-14 23:05:00,68.38993735851477
2025-03-14 23:06:00,68.39786501008615
2025-03-14 23:07:00,68.40579274679521
2025-03-14 23:08:00,68.41372056866987
2025-03-14 23:09:00,68.42164847566124
2025-03-14 23:10:00,68.42957647311725
2025-03-14 23:11:00,68.43750455040684
2025-03-14 23:12:00,68.44543271282033
2025-03-14 23:13:00,68.4533609603089
2025-03-14 23:14:00,68.46128929297734
2025-03-14 23:15:00,68.46921771071925
2025-03-14 23:16:00,68.47714621360116
2025-03-14 23:17:00,68.48507480155502
2025-03-14 23:18:00,68.4930034746665
2025-03-14 23:19:00,68.50093223284846
2025-03-14 23:20:00,68.50886107610975
2025-03-14 23:21:00,68.51679000977958
2025-03-14 23:22:00,68.52471902322634
2025-03-14 23:23:00,68.5326481217407
2025-03-14 23:24:00,68.5405773053124
2025-03-14 23:25:00,68.54850657398882
2025-03-14 23:26:00,68.5564359276828
2025-03-14 23:27:00,68.56436536649946
2025-03-14 23:28:00,68.57229489035154
2025-03-14 23:29:00,68.5802244992289
2025-03-14 23:30:00,68.5881541931406
2025-03-14 23:31:00,68.59608397211473
2025-03-14 23:32:00,68.60401384144272
2025-03-14 23:33:00,68.61194379049205
2025-03-14 23:34:00,68.61987382455408
2025-03-14 23:35:00,68.6278039436186
2025-03-14 23:36:00,68.63573414773316
2025-03-14 23:37:00,68.6436644368491
2025-03-14 23:38:00,68.65159481095634
2025-03-14 23:39:00,68.65952527004477
2025-03-14 23:40:00,68.6674558142003
2025-03-14 23:41:00,68.67538644329753
2025-03-14 23:42:00,68.6833171573648
2025-03-14 23:43:00,68.69124795643047
2025-03-14 23:44:00,68.69917884580569
2025-03-14 23:45:00,68.70710981481875
2025-03-14 23:46:00,68.71504086876153
2025-03-14 23:47:00,68.72297200770092
2025-03-14 23:48:00,68.73090323158847
2025-03-14 23:49:00,68.73883454043326
2025-03-14 23:50:00,68.74676593422538
2025-03-14 23:51:00,68.75469741295481
2025-03-14 23:52:00,68.76262897661151
2025-03-14 23:53:00,68.77056062518551
2025-03-14 23:54:00,68.77849235872455
2025-03-14 23:55:00,68.78642418244414
2025-03-14 23:56:00,68.79435608580648
2025-03-14 23:57:00,68.80228807404626
2025-03-14 23:58:00,68.81022014717288
2025-03-14 23:59:00,68.81815230523397
2025-03-15 00:00:00,68.82608454816196
2025-03-15 00:01:00,68.83401687596633
2025-03-15 00:02:00,68.84194928865621
2025-03-15 00:03:00,68.84988178624106
2025-03-15 00:04:00,68.85781436869176
2025-03-15 00:05:00,68.8657470359985
2025-03-15 00:06:00,68.8736797935119
2025-03-15 00:07:00,68.88161263048187
2025-03-15 00:08:00,68.88954555237443
2025-03-15 00:09:00,68.8974785590837
2025-03-15 00:10:00,68.90541165063823
2025-03-15 00:11:00,68.91334482697059
2025-03-15 00:12:00,68.92127808816718
2025-03-15 00:13:00,68.92921143421812
2025-03-15 00:14:00,68.93714486499834
2025-03-15 00:15:00,68.94507838067113
2025-03-15 00:16:00,68.95301198111139
2025-03-15 00:17:00,68.96094567163183
2025-03-15 00:18:00,68.9688794416739
2025-03-15 00:19:00,68.9768132964928
2025-03-15 00:20:00,68.98474723605942
2025-03-15 00:21:00,68.99268126046033
2025-03-15 00:22:00,69.0006153695704
2025-03-15 00:23:00,69.00854956345691
2025-03-15 00:24:00,69.01648384207174
2025-03-15 00:25:00,69.02441820548212
2025-03-15 00:26:00,69.03235265363992
2025-03-15 00:27:00,69.04028718647794
2025-03-15 00:28:00,69.04822180406333
2025-03-15 00:29:00,69.05615651174804
2025-03-15 00:30:00,69.06409129879957
2025-03-15 00:31:00,69.07202617053125
2025-03-15 00:32:00,69.0799611269912
2025-03-15 00:33:00,69.08789616816989
2025-03-15 00:34:00,69.0958312940192
2025-03-15 00:35:00,69.10376650460663
2025-03-15 00:36:00,69.11170179982638
2025-03-15 00:37:00,69.11963717970747
2025-03-15 00:38:00,69.12757264429796
2025-03-15 00:39:00,69.13550819356917
2025-03-15 00:40:00,69.14344383275805
2025-03-15 00:41:00,69.1513795513238
2025-03-15 00:42:00,69.15931535454172
2025-03-15 00:43:00,69.167251242364
2025-03-15 00:44:00,69.17518721483881
2025-03-15 00:45:00,69.18312327193743
2025-03-15 00:46:00,69.19105941361204
2025-03-15 00:47:00,69.19899563996856
2025-03-15 00:48:00,69.20693195092059
2025-03-15 00:49:00,69.21486834643953
2025-03-15 00:50:00,69.22280482655448
2025-03-15 00:51:00,69.23074139661828
2025-03-15 00:52:00,69.2386780458778
2025-03-15 00:53:00,69.24661477978209
2025-03-15 00:54:00,69.25455159822565
2025-03-15 00:55:00,69.26248850119902
2025-03-15 00:56:00,69.2704254887699
2025-03-15 00:57:00,69.27836256087123
2025-03-15 00:58:00,69.28629971757059
2025-03-15 00:59:00,69.29423695872407
2025-03-15 01:00:00,69.3021742844185
2025-03-15 01:01:00,69.31011169464463
2025-03-15 01:02:00,69.31804919473663
2025-03-15 01:03:00,69.32598677395981
2025-03-15 01:04:00,69.33392443776384
2025-03-15 01:05:00,69.34186218596628
2025-03-15 01:06:00,69.34980001871176
2025-03-15 01:07:00,69.35773793597187
2025-03-15 01:08:00,69.36567593764119
2025-03-15 01:09:00,69.37361402376818
2025-03-15 01:10:00,69.3815521944014
2025-03-15 01:11:00,69.38949044949308
2025-03-15 01:12:00,69.39742878899573
2025-03-15 01:13:00,69.40536721297696
2025-03-15 01:14:00,69.41330572669469
2025-03-15 01:15:00,69.42124431949031
2025-03-15 01:16:00,69.42918299673717
2025-03-15 01:17:00,69.4371217584068
2025-03-15 01:18:00,69.4450606044325
2025-03-15 01:19:00,69.45299953492041
2025-03-15 01:20:00,69.46093854974606
2025-03-15 01:21:00,69.46887764893884
2025-03-15 01:22:00,69.47681683252817
2025-03-15 01:23:00,69.48475610052414
2025-03-15 01:24:00,69.49269545287925
2025-03-15 01:25:00,69.5006348948711
2025-03-15 01:26:00,69.50857441591734
2025-03-15 01:27:00,69.51651402123787
2025-03-15 01:28:00,69.52445371097761
2025-03-15 01:29:00,69.53239348501201
2025-03-15 01:30:00,69.54033334333211
2025-03-15 01:31:00,69.54827328598661
2025-03-15 01:32:00,69.5562133129473
2025-03-15 01:33:00,69.56415342420522
2025-03-15 01:34:00,69.57209361975136
2025-03-15 01:35:00,69.58003389955755
2025-03-15 01:36:00,69.587974268998
2025-03-15 01:37:00,69.59591471733594
2025-03-15 01:38:00,69.6038552499648
2025-03-15 01:39:00,69.61179586683717
2025-03-15 01:40:00,69.6197365679634
2025-03-15 01:41:00,69.62767735331532
2025-03-15 01:42:00,69.63561822286485
2025-03-15 01:43:00,69.64355917666079
2025-03-15 01:44:00,69.65150021465581
2025-03-15 01:45:00,69.65944133689871
2025-03-15 01:46:00,69.66738254332296
2025-03-15 01:47:00,69.67532383920712
2025-03-15 01:48:00,69.6832652139868
2025-03-15 01:49:00,69.69120667297904
2025-03-15 01:50:00,69.69914821607884
2025-03-15 01:51:00,69.70708984337352
2025-03-15 01:52:00,69.71503155479662
2025-03-15 01:53:00,69.72297335033936
2025-03-15 01:54:00,69.73091523006991
2025-03-15 01:55:00,69.73885719388322
2025-03-15 01:56:00,69.74679924184763
2025-03-15 01:57:00,69.75474137389662
2025-03-15 01:58:00,69.76268359005985
2025-03-15 01:59:00,69.77062589563582
2025-03-15 02:00:00,69.77856827998227
2025-03-15 02:01:00,69.78651074839762
2025-03-15 02:02:00,69.79445330091164
2025-03-15 02:03:00,69.80239593743872
2025-03-15 02:04:00,69.81033865806626
2025-03-15 02:05:00,69.81828146274721
2025-03-15 02:06:00,69.82622435139592
2025-03-15 02:07:00,69.83416732413839
2025-03-15 02:08:00,69.84211038085054
2025-03-15 02:09:00,69.85005352163921
2025-03-15 02:10:00,69.85799675170705
2025-03-15 02:11:00,69.86594006050744
2025-03-15 02:12:00,69.87388345322373
2025-03-15 02:13:00,69.88182692994363
2025-03-15 02:14:00,69.8897704906199
2025-03-15 02:15:00,69.89771413526341
2025-03-15 02:16:00,69.90565786388467
2025-03-15 02:17:00,69.91360167647524
2025-03-15 02:18:00,69.9215455729495
2025-03-15 02:19:00,69.9294895533567
2025-03-15 02:20:00,69.93743361770747
2025-03-15 02:21:00,69.94537777130128
2025-03-15 02:22:00,69.95332200345601
2025-03-15 02:23:00,69.96126631949033
2025-03-15 02:24:00,69.96921071947276
2025-03-15 02:25:00,69.97715520326
2025-03-15 02:26:00,69.98509977097835
2025-03-15 02:27:00,69.9930444225231
2025-03-15 02:28:00,70.0009891578858
2025-03-15 02:29:00,70.00893397713492
2025-03-15 02:30:00,70.01687888022362
2025-03-15 02:31:00,70.02482386716261
2025-03-15 02:32:00,70.03276894315563
2025-03-15 02:33:00,70.04071409769311
2025-03-15 02:34:00,70.04865933597875
2025-03-15 02:35:00,70.05660465811957
2025-03-15 02:36:00,70.06455006401092
2025-03-15 02:37:00,70.07249555368301
2025-03-15 02:38:00,70.08044112708893
2025-03-15 02:39:00,70.08838678427804
2025-03-15 02:40:00,70.09633252522278
2025-03-15 02:41:00,70.1042783498763
2025-03-15 02:42:00,70.11222425824951
2025-03-15 02:43:00,70.12017025035328
2025-03-15 02:44:00,70.12811633148814
2025-03-15 02:45:00,70.13606249100906
2025-03-15 02:46:00,70.14400873419713
2025-03-15 02:47:00,70.1519550610634
2025-03-15 02:48:00,70.1599014716188
2025-03-15 02:49:00,70.1678479658358
2025-03-15 02:50:00,70.17579454372542
2025-03-15 02:51:00,70.18374120520238
2025-03-15 02:52:00,70.19168795039327
2025-03-15 02:53:00,70.199634779155
2025-03-15 02:54:00,70.20758169151787
2025-03-15 02:55:00,70.2155286928598
2025-03-15 02:56:00,70.22347577245817
2025-03-15 02:57:00,70.23142293561382
2025-03-15 02:58:00,70.23937018237633
2025-03-15 02:59:00,70.24731751271827
2025-03-15 03:00:00,70.25526492657374
2025-03-15 03:01:00,70.26321242403074
2025-03-15 03:02:00,70.27116000500425
2025-03-15 03:03:00,70.27910766952454
2025-03-15 03:04:00,70.28705541752574
2025-03-15 03:05:00,70.29500324905749
2025-03-15 03:06:00,70.30295116940192
2025-03-15 03:07:00,70.31089916795123
2025-03-15 03:08:00,70.31884724996826
2025-03-15 03:09:00,70.32679541546418
2025-03-15 03:10:00,70.33474366439238
2025-03-15 03:11:00,70.3426919967833
2025-03-15 03:12:00,70.35064041262889
2025-03-15 03:13:00,70.35858891188266
2025-03-15 03:14:00,70.36653749457496
2025-03-15 03:15:00,70.37448616069781
2025-03-15 03:16:00,70.3824349102239
2025-03-15 03:17:00,70.39038374843594
2025-03-15 03:18:00,70.39833266470605
2025-03-15 03:19:00,70.40628166439393
2025-03-15 03:20:00,70.41423074739527
2025-03-15 03:21:00,70.42217991377913
2025-03-15 03:22:00,70.43012916347979
2025-03-15 03:23:00,70.43807849654704
2025-03-15 03:24:00,70.44602791293438
2025-03-15 03:25:00,70.45397741261465
2025-03-15 03:26:00,70.4619269955799
2025-03-15 03:27:00,70.4698766618607
2025-03-15 03:28:00,70.47782641144914
2025-03-15 03:29:00,70.48577624958986
2025-03-15 03:30:00,70.49372616573137
2025-03-15 03:31:00,70.50167616506053
2025-03-15 03:32:00,70.50962624762721
2025-03-15 03:33:00,70.51757641346211
2025-03-15 03:34:00,70.52552666249953
2025-03-15 03:35:00,70.5334769947316
2025-03-15 03:36:00,70.54142741018902
2025-03-15 03:37:00,70.54937790882542
2025-03-15 03:38:00,70.55732849065222
2025-03-15 03:39:00,70.56527915560386
2025-03-15 03:40:00,70.57322990909871
2025-03-15 03:41:00,70.58118074037284
2025-03-15 03:42:00,70.58913165478685
2025-03-15 03:43:00,70.59708265231379
2025-03-15 03:44:00,70.60503373298427
2025-03-15 03:45:00,70.6129848967328
2025-03-15 03:46:00,70.6209361436094
2025-03-15 03:47:00,70.62888747351002
2025-03-15 03:48:00,70.63683888652322
2025-03-15 03:49:00,70.64479038258345
2025-03-15 03:50:00,70.6527419617215
2025-03-15 03:51:00,70.66069362922153
2025-03-15 03:52:00,70.66864537439585
2025-03-15 03:53:00,70.67659720258636
2025-03-15 03:54:00,70.6845491138047
2025-03-15 03:55:00,70.69250110798524
2025-03-15 03:56:00,70.70045318519746
2025-03-15 03:57:00,70.70840534535662
2025-03-15 03:58:00,70.71635758845511
2025-03-15 03:59:00,70.7243099145622
2025-03-15 04:00:00,70.73226232357406
2025-03-15 04:01:00,70.7402148155023
2025-03-15 04:02:00,70.7481673957277
2025-03-15 04:03:00,70.7561200534658
2025-03-15 04:04:00,70.76407279411669
2025-03-15 04:05:00,70.77202561769198
2025-03-15 04:06:00,70.77997852410708
2025-03-15 04:07:00,70.78793151337362
2025-03-15 04:08:00,70.79588458550336
2025-03-15 04:09:00,70.8038377404694
2025-03-15 04:10:00,70.81179097828351
2025-03-15 04:11:00,70.81974429889961
2025-03-15 04:12:00,70.82769770232935
2025-03-15 04:13:00,70.83565118850748
2025-03-15 04:14:00,70.84360476285389
2025-03-15 04:15:00,70.8515584146218
2025-03-15 04:16:00,70.85951214913483
2025-03-15 04:17:00,70.86746596642395
2025-03-15 04:18:00,70.87541986642393
2025-03-15 04:19:00,70.88337384914651
2025-03-15 04:20:00,70.89132791456498
2025-03-15 04:21:00,70.89928206274894
2025-03-15 04:22:00,70.90723629359462
2025-03-15 04:23:00,70.9151906071138
2025-03-15 04:24:00,70.92314500326052
2025-03-15 04:25:00,70.93109948745523
2025-03-15 04:26:00,70.93905404889261
2025-03-15 04:27:00,70.94700869299308
2025-03-15 04:28:00,70.95496341972998
2025-03-15 04:29:00,70.9629182290381
2025-03-15 04:30:00,70.97087312098714
2025-03-15 04:31:00,70.97882809549259
2025-03-15 04:32:00,70.98678315256637
2025-03-15 04:33:00,70.9947382922012
2025-03-15 04:34:00,71.00269351435108
2025-03-15 04:35:00,71.01064881912431
2025-03-15 04:36:00,71.01860421167207
2025-03-15 04:37:00,71.02655968141961
2025-03-15 04:38:00,71.03451523371068
2025-03-15 04:39:00,71.04247086842247
2025-03-15 04:40:00,71.05042658562462
2025-03-15 04:41:00,71.05838238530987
2025-03-15 04:42:00,71.06633826739393
2025-03-15 04:43:00,71.07429423198504
2025-03-15 04:44:00,71.08225027899887
2025-03-15 04:45:00,71.09020640837042
2025-03-15 04:46:00,71.09816262015022
2025-03-15 04:47:00,71.10611891968249
2025-03-15 04:48:00,71.114075296257
2025-03-15 04:49:00,71.12203175517956
2025-03-15 04:50:00,71.12998829644282
2025-03-15 04:51:00,71.13794492003959
2025-03-15 04:52:00,71.14590162600129
2025-03-15 04:53:00,71.15385841424354
2025-03-15 04:54:00,71.16181528481707
2025-03-15 04:55:00,71.16977223761826
2025-03-15 04:56:00,71.17772927273631
2025-03-15 04:57:00,71.18568639012554
2025-03-15 04:58:00,71.19364358975947
2025-03-15 04:59:00,71.20160087696372
2025-03-15 05:00:00,71.2095582410465
2025-03-15 05:01:00,71.2175156873333
2025-03-15 05:02:00,71.22547321583632
2025-03-15 05:03:00,71.23343082656768
2025-03-15 05:04:00,71.24138851940467
2025-03-15 05:05:00,71.24934629443653
2025-03-15 05:06:00,71.25730415157912
2025-03-15 05:07:00,71.26526209088313
2025-03-15 05:08:00,71.27322011230297
2025-03-15 05:09:00,71.28117821585079
2025-03-15 05:10:00,71.28913640679477
2025-03-15 05:11:00,71.29709467450043
2025-03-15 05:12:00,71.30505302429368
2025-03-15 05:13:00,71.31301145614825
2025-03-15 05:14:00,71.32096997001854
2025-03-15 05:15:00,71.32892856595538
2025-03-15 05:16:00,71.33688724387459
2025-03-15 05:17:00,71.34484600378852
2025-03-15 05:18:00,71.35280484570943
2025-03-15 05:19:00,71.3607637696303
2025-03-15 05:20:00,71.36872277550566
2025-03-15 05:21:00,71.37668186862334
2025-03-15 05:22:00,71.38464103838673
2025-03-15 05:23:00,71.3926002900645
2025-03-15 05:24:00,71.40055962364957
2025-03-15 05:25:00,71.40851903911583
2025-03-15 05:26:00,71.41647853649484
2025-03-15 05:27:00,71.42443811572191
2025-03-15 05:28:00,71.4323977768093
2025-03-15 05:29:00,71.44035751978875
2025-03-15 05:30:00,71.44831734451841
2025-03-15 05:31:00,71.45627725108783
2025-03-15 05:32:00,71.46423724480445
2025-03-15 05:33:00,71.47219731497478
2025-03-15 05:34:00,71.48015746694496
2025-03-15 05:35:00,71.48811770063091
2025-03-15 05:36:00,71.49607801606447
2025-03-15 05:37:00,71.50403841325794
2025-03-15 05:38:00,71.5119988922046
2025-03-15 05:39:00,71.51995945280119
2025-03-15 05:40:00,71.52792009507951
2025-03-15 05:41:00,71.53588081907117
2025-03-15 05:42:00,71.54384162471165
2025-03-15 05:43:00,71.55180251199413
2025-03-15 05:44:00,71.55976348626521
2025-03-15 05:45:00,71.56772453683061
2025-03-15 05:46:00,71.5756856689984
2025-03-15 05:47:00,71.5836468827425
2025-03-15 05:48:00,71.59160817805626
2025-03-15 05:49:00,71.59956955495211
2025-03-15 05:50:00,71.60753101342333
2025-03-15 05:51:00,71.61549255340537
2025-03-15 05:52:00,71.62345417493006
2025-03-15 05:53:00,71.63141587791353
2025-03-15 05:54:00,71.63937766244555
2025-03-15 05:55:00,71.64733953375746
2025-03-15 05:56:00,71.65530148123148
2025-03-15 05:57:00,71.66326351015675
2025-03-15 05:58:00,71.67122562050743
2025-03-15 05:59:00,71.67918781225758
2025-03-15 06:00:00,71.68715008541969
2025-03-15 06:01:00,71.69511244002571
2025-03-15 06:02:00,71.70307487595345
2025-03-15 06:03:00,71.7110373932732
2025-03-15 06:04:00,71.71899999192061
2025-03-15 06:05:00,71.72696267194682
2025-03-15 06:06:00,71.73492543858377
2025-03-15 06:07:00,71.74288828125148
2025-03-15 06:08:00,71.75085120512401
2025-03-15 06:09:00,71.75881421032972
2025-03-15 06:10:00,71.76677729678482
2025-03-15 06:11:00,71.77474046450212
2025-03-15 06:12:00,71.7827037133979
2025-03-15 06:13:00,71.79066704360052
2025-03-15 06:14:00,71.79863045492993
2025-03-15 06:15:00,71.80659394745672
2025-03-15 06:16:00,71.81455752119365
2025-03-15 06:17:00,71.82252118141149
2025-03-15 06:18:00,71.83048491739484
2025-03-15 06:19:00,71.83844873454947
2025-03-15 06:20:00,71.8464126328303
2025-03-15 06:21:00,71.85437661217296
2025-03-15 06:22:00,71.86234067262886
2025-03-15 06:23:00,71.87030481411438
2025-03-15 06:24:00,71.87826903666152
2025-03-15 06:25:00,71.88623334024466
2025-03-15 06:26:00,71.89419772487656
2025-03-15 06:27:00,71.9021621905122
2025-03-15 06:28:00,71.9101267371066
2025-03-15 06:29:00,71.91809137004668
2025-03-15 06:30:00,71.92605607857783
2025-03-15 06:31:00,71.93402086808695
2025-03-15 06:32:00,71.94198573850984
2025-03-15 06:33:00,71.94995068984007
2025-03-15 06:34:00,71.95791572209053
2025-03-15 06:35:00,71.96588083519694
2025-03-15 06:36:00,71.9738460292108
2025-03-15 06:37:00,71.98181130404863
2025-03-15 06:38:00,71.98977665972332
2025-03-15 06:39:00,71.99774209620921
2025-03-15 06:40:00,72.00570761883584
2025-03-15 06:41:00,72.01367321694437
2025-03-15 06:42:00,72.02163889582577
2025-03-15 06:43:00,72.02960465545446
2025-03-15 06:44:00,72.03757049584335
2025-03-15 06:45:00,72.04553641692833
2025-03-15 06:46:00,72.05350241874157
2025-03-15 06:47:00,72.06146850119978
2025-03-15 06:48:00,72.0694346644122
2025-03-15 06:49:00,72.07740090825689
2025-03-15 06:50:00,72.08536723272766
2025-03-15 06:51:00,72.09333364319298
2025-03-15 06:52:00,72.10130012897406
2025-03-15 06:53:00,72.10926669528527
2025-03-15 06:54:00,72.11723334223602
2025-03-15 06:55:00,72.12520006970432
2025-03-15 06:56:00,72.13316687774189
2025-03-15 06:57:00,72.1411337663231
2025-03-15 06:58:00,72.1491007354225
2025-03-15 06:59:00,72.15706778503386
2025-03-15 07:00:00,72.16503491511244
2025-03-15 07:01:00,72.17300212569063
2025-03-15 07:02:00,72.1809694220023
2025-03-15 07:03:00,72.1889367935032
2025-03-15 07:04:00,72.19690424533087
2025-03-15 07:05:00,72.20487177763333
2025-03-15 07:06:00,72.21283939026955
2025-03-15 07:07:00,72.22080708331038
2025-03-15 07:08:00,72.22877485669193
2025-03-15 07:09:00,72.2367427104273
2025-03-15 07:10:00,72.24471064449108
2025-03-15 07:11:00,72.25267865881926
2025-03-15 07:12:00,72.26064675350219
2025-03-15 07:13:00,72.26861492839873
2025-03-15 07:14:00,72.2765831889362
2025-03-15 07:15:00,72.2845515243382
2025-03-15 07:16:00,72.29251993997403
2025-03-15 07:17:00,72.30048843581845
2025-03-15 07:18:00,72.30845701186533
2025-03-15 07:19:00,72.31642566805075
2025-03-15 07:20:00,72.3243944044265
2025-03-15 07:21:00,72.33236322092868
2025-03-15 07:22:00,72.3403321175127
2025-03-15 07:23:00,72.34830109423032
2025-03-15 07:24:00,72.35627015107555
2025-03-15 07:25:00,72.36423929328326
2025-03-15 07:26:00,72.37220851024995
2025-03-15 07:27:00,72.38017780721046
2025-03-15 07:28:00,72.38814718417815
2025-03-15 07:29:00,72.39611664120478
2025-03-15 07:30:00,72.404086178188
2025-03-15 07:31:00,72.41205579512174
2025-03-15 07:32:00,72.42002549198091
2025-03-15 07:33:00,72.42799526885582
2025-03-15 07:34:00,72.43596512562485
2025-03-15 07:35:00,72.44393506224347
2025-03-15 07:36:00,72.45190508413982
2025-03-15 07:37:00,72.45987518053626
2025-03-15 07:38:00,72.46784535678376
2025-03-15 07:39:00,72.47581561283783
2025-03-15 07:40:00,72.48378594871183
2025-03-15 07:41:00,72.49175636439989
2025-03-15 07:42:00,72.49972685985747
2025-03-15 07:43:00,72.50769743509804
2025-03-15 07:44:00,72.51566809003846
2025-03-15 07:45:00,72.52363882471153
2025-03-15 07:46:00,72.53160963911132
2025-03-15 07:47:00,72.53958053853142
2025-03-15 07:48:00,72.54755151227069
2025-03-15 07:49:00,72.55552256568052
2025-03-15 07:50:00,72.56349369871651
2025-03-15 07:51:00,72.57146491135353
2025-03-15 07:52:00,72.57943620362437
2025-03-15 07:53:00,72.58740757546528
2025-03-15 07:54:00,72.59537902687049
2025-03-15 07:55:00,72.60335055785342
2025-03-15 07:56:00,72.61132216831187
2025-03-15 07:57:00,72.61929385827864
2025-03-15 07:58:00,72.62726562774787
2025-03-15 07:59:00,72.63523748211004
2025-03-15 08:00:00,72.64320941047056
2025-03-15 08:01:00,72.65118141837412
2025-03-15 08:02:00,72.65915350564134
2025-03-15 08:03:00,72.66712567230515
2025-03-15 08:04:00,72.67509791835965
2025-03-15 08:05:00,72.68307024377991
2025-03-15 08:06:00,72.69104264856016
2025-03-15 08:07:00,72.69901513269474
2025-03-15 08:08:00,72.70698769613927
2025-03-15 08:09:00,72.71496033881091
2025-03-15 08:10:00,72.72293306611981
2025-03-15 08:11:00,72.73090586736363
2025-03-15 08:12:00,72.73887874787536
2025-03-15 08:13:00,72.74685170755284
2025-03-15 08:14:00,72.75482474642898
2025-03-15 08:15:00,72.76279786449808
2025-03-15 08:16:00,72.77077106175457
2025-03-15 08:17:00,72.77874433813486
2025-03-15 08:18:00,72.78671769367186
2025-03-15 08:19:00,72.79469112828278
2025-03-15 08:20:00,72.80266464196201
2025-03-15 08:21:00,72.8106382401201
2025-03-15 08:22:00,72.81861191193839
2025-03-15 08:23:00,72.82658566278879
2025-03-15 08:24:00,72.83455949266575
2025-03-15 08:25:00,72.84253340156363
2025-03-15 08:26:00,72.85050738938045
2025-03-15 08:27:00,72.85848145622626
2025-03-15 08:28:00,72.86645560196055
2025-03-15 08:29:00,72.87442982657765
2025-03-15 08:30:00,72.88240413016845
2025-03-15 08:31:00,72.89037851261179
2025-03-15 08:32:00,72.89835297926058
2025-03-15 08:33:00,72.90632751941143
2025-03-15 08:34:00,72.9143021384174
2025-03-15 08:35:00,72.92227683615715
2025-03-15 08:36:00,72.93025161274097
2025-03-15 08:37:00,72.93822646808607
2025-03-15 08:38:00,72.9462014021485
2025-03-15 08:39:00,72.95417641498051
2025-03-15 08:40:00,72.96215150648017
2025-03-15 08:41:00,72.97012667669992
2025-03-15 08:42:00,72.9781019255764
2025-03-15 08:43:00,72.98607725308476
2025-03-15 08:44:00,72.99405266459785
2025-03-15 08:45:00,73.00202814937296
2025-03-15 08:46:00,73.01000371272504
2025-03-15 08:47:00,73.01797935466786
2025-03-15 08:48:00,73.02595507513823
2025-03-15 08:49:00,73.03393087414983
2025-03-15 08:50:00,73.04190675173598
2025-03-15 08:51:00,73.04988270773677
2025-03-15 08:52:00,73.05785874224341
2025-03-15 08:53:00,73.06583485523105
2025-03-15 08:54:00,73.07381104661714
2025-03-15 08:55:00,73.08178732177495
2025-03-15 08:56:00,73.08976366996114
2025-03-15 08:57:00,73.09774009652969
2025-03-15 08:58:00,73.10571660145581
2025-03-15 08:59:00,73.11369318477287
2025-03-15 09:00:00,73.12166984634027
2025-03-15 09:01:00,73.12964658622998
2025-03-15 09:02:00,73.13762340439797
2025-03-15 09:03:00,73.14560030080035
2025-03-15 09:04:00,73.1535772754318
2025-03-15 09:05:00,73.16155432834482
2025-03-15 09:06:00,73.16953146475872
2025-03-15 09:07:00,73.17750867398749
2025-03-15 09:08:00,73.18548596138542
2025-03-15 09:09:00,73.19346332692797
2025-03-15 09:10:00,73.2014407705519
2025-03-15 09:11:00,73.20941829230978
2025-03-15 09:12:00,73.21739589213851
2025-03-15 09:13:00,73.22537356997493
2025-03-15 09:14:00,73.23335132591023
2025-03-15 09:15:00,73.24132915980402
2025-03-15 09:16:00,73.24930707174761
2025-03-15 09:17:00,73.25728506692201
2025-03-15 09:18:00,73.26526313481429
2025-03-15 09:19:00,73.27324128056696
2025-03-15 09:20:00,73.28121950423267
2025-03-15 09:21:00,73.28919780580613
2025-03-15 09:22:00,73.2971761852436
2025-03-15 09:23:00,73.30515464252058
2025-03-15 09:24:00,73.3131331776511
2025-03-15 09:25:00,73.3211117905721
2025-03-15 09:26:00,73.3290904812784
2025-03-15 09:27:00,73.33706924972627
2025-03-15 09:28:00,73.34504809594901
2025-03-15 09:29:00,73.35302702528256
2025-03-15 09:30:00,73.36100602690459
2025-03-15 09:31:00,73.3689851062668
2025-03-15 09:32:00,73.37696426324821
2025-03-15 09:33:00,73.38494349786296
2025-03-15 09:34:00,73.39292281014458
2025-03-15 09:35:00,73.40090219999132
2025-03-15 09:36:00,73.40888166739818
2025-03-15 09:37:00,73.4168612124179
2025-03-15 09:38:00,73.42484083494878
2025-03-15 09:39:00,73.43282053500515
2025-03-15 09:40:00,73.44080031782667
2025-03-15 09:41:00,73.44878017286072
2025-03-15 09:42:00,73.45676010530842
2025-03-15 09:43:00,73.46474011520333
2025-03-15 09:44:00,73.47272020248244
2025-03-15 09:45:00,73.48070036714063
2025-03-15 09:46:00,73.48868060919227
2025-03-15 09:47:00,73.49666092857429
2025-03-15 09:48:00,73.50464132528168
2025-03-15 09:49:00,73.51262179929016
2025-03-15 09:50:00,73.52060235057526
2025-03-15 09:51:00,73.52858298447373
2025-03-15 09:52:00,73.5365636902586
2025-03-15 09:53:00,73.54454447324719
2025-03-15 09:54:00,73.55252533345386
2025-03-15 09:55:00,73.56050627081564
2025-03-15 09:56:00,73.56848728532749
2025-03-15 09:57:00,73.57646837698452
2025-03-15 09:58:00,73.5844495457238
2025-03-15 09:59:00,73.59243079154034
2025-03-15 10:00:00,73.60041211444846
2025-03-15 10:01:00,73.60839351438533
2025-03-15 10:02:00,73.61637499668792
2025-03-15 10:03:00,73.6243565506288
2025-03-15 10:04:00,73.63233818156428
2025-03-15 10:05:00,73.64031988943148
2025-03-15 10:06:00,73.64830167426405
2025-03-15 10:07:00,73.6562835359799
2025-03-15 10:08:00,73.66426547459346
2025-03-15 10:09:00,73.67224749002249
2025-03-15 10:10:00,73.68022958235863
2025-03-15 10:11:00,73.68821175146195
2025-03-15 10:12:00,73.69619399742396
2025-03-15 10:13:00,73.70417632012399
2025-03-15 10:14:00,73.71215872491881
2025-03-15 10:15:00,73.72014120111888
2025-03-15 10:16:00,73.7281237540617
2025-03-15 10:17:00,73.7361063836265
2025-03-15 10:18:00,73.74408908988573
2025-03-15 10:19:00,73.75207187279582
2025-03-15 10:20:00,73.76005473229411
2025-03-15 10:21:00,73.76803766837574
2025-03-15 10:22:00,73.77602068107446
2025-03-15 10:23:00,73.78400377036616
2025-03-15 10:24:00,73.79198693611087
2025-03-15 10:25:00,73.79997018374291
2025-03-15 10:26:00,73.80795350249511
2025-03-15 10:27:00,73.81593689770523
2025-03-15 10:28:00,73.82392036936844
2025-03-15 10:29:00,73.83190391747999
2025-03-15 10:30:00,73.83988754189998
2025-03-15 10:31:00,73.84787124275871
2025-03-15 10:32:00,73.8558550199549
2025-03-15 10:33:00,73.86383887348383
2025-03-15 10:34:00,73.87182280326353
2025-03-15 10:35:00,73.8798068093664
2025-03-15 10:36:00,73.88779089707272
2025-03-15 10:37:00,73.89577505565336
2025-03-15 10:38:00,73.90375929042716
2025-03-15 10:39:00,73.91174360142804
2025-03-15 10:40:00,73.91972798857401
2025-03-15 10:41:00,73.92771245184105
2025-03-15 10:42:00,73.93569699124377
2025-03-15 10:43:00,73.94368160671955
2025-03-15 10:44:00,73.95166629830231
2025-03-15 10:45:00,73.95965106591012
2025-03-15 10:46:00,73.96763590955764
2025-03-15 10:47:00,73.97562083452544
2025-03-15 10:48:00,73.98360583018044
2025-03-15 10:49:00,73.99159090170664
2025-03-15 10:50:00,73.99957604925386
2025-03-15 10:51:00,74.00756127264368
2025-03-15 10:52:00,74.01554657194868
2025-03-15 10:53:00,74.02353194708701
2025-03-15 10:54:00,74.03151739807333
2025-03-15 10:55:00,74.03950292488369
2025-03-15 10:56:00,74.0474885274749
2025-03-15 10:57:00,74.05547420582299
2025-03-15 10:58:00,74.06345995996196
2025-03-15 10:59:00,74.07144579511491
2025-03-15 11:00:00,74.07943170064814
2025-03-15 11:01:00,74.08741768182334
2025-03-15 11:02:00,74.0954037386552
2025-03-15 11:03:00,74.10338987111984
2025-03-15 11:04:00,74.11137607919339
2025-03-15 11:05:00,74.11936236285194
2025-03-15 11:06:00,74.12734872201378
2025-03-15 11:07:00,74.1353351566936
2025-03-15 11:08:00,74.14332166694474
2025-03-15 11:09:00,74.15130825262762
2025-03-15 11:10:00,74.15929491917788
2025-03-15 11:11:00,74.16728165572975
2025-03-15 11:12:00,74.17526846771898
2025-03-15 11:13:00,74.18325535510247
2025-03-15 11:14:00,74.19124231785638
2025-03-15 11:15:00,74.19922935591825
2025-03-15 11:16:00,74.20721646930289
2025-03-15 11:17:00,74.2152036579865
2025-03-15 11:18:00,74.22319092188744
2025-03-15 11:19:00,74.23117826107834
2025-03-15 11:20:00,74.23916567547751
2025-03-15 11:21:00,74.24715317038603
2025-03-15 11:22:00,74.25514073516908
2025-03-15 11:23:00,74.2631283750312
2025-03-15 11:24:00,74.27111609000653
2025-03-15 11:25:00,74.27910388010989
2025-03-15 11:26:00,74.28709174527896
2025-03-15 11:27:00,74.29507968547061
2025-03-15 11:28:00,74.30306770066123
2025-03-15 11:29:00,74.31105579088488
2025-03-15 11:30:00,74.31904395609861
2025-03-15 11:31:00,74.32703219618212
2025-03-15 11:32:00,74.33502051659123
2025-03-15 11:33:00,74.34300890651691
2025-03-15 11:34:00,74.35099737131851
2025-03-15 11:35:00,74.35898591097228
2025-03-15 11:36:00,74.3669745254352
2025-03-15 11:37:00,74.3749632146836
2025-03-15 11:38:00,74.38295197871317
2025-03-15 11:39:00,74.39094081751945
2025-03-15 11:40:00,74.39892973100152
2025-03-15 11:41:00,74.40691871917444
2025-03-15 11:42:00,74.41490778205309
2025-03-15 11:43:00,74.42289691955587
2025-03-15 11:44:00,74.43088613704255
2025-03-15 11:45:00,74.43887542372275
2025-03-15 11:46:00,74.44686478505275
2025-03-15 11:47:00,74.45485422087376
2025-03-15 11:48:00,74.46284373122002
2025-03-15 11:49:00,74.47083331606794
2025-03-15 11:50:00,74.47882297535533
2025-03-15 11:51:00,74.48681270909711
2025-03-15 11:52:00,74.4948025172891
2025-03-15 11:53:00,74.50279239984967
2025-03-15 11:54:00,74.5107823567746
2025-03-15 11:55:00,74.51877239338528
2025-03-15 11:56:00,74.52676249894887
2025-03-15 11:57:00,74.53475267884468
2025-03-15 11:58:00,74.54274293299115
2025-03-15 11:59:00,74.55073326134553
2025-03-15 12:00:00,74.55872366394212
2025-03-15 12:01:00,74.56671414069943
2025-03-15 12:02:00,74.57470469167119
2025-03-15 12:03:00,74.58269531671799
2025-03-15 12:04:00,74.5906860158935
2025-03-15 12:05:00,74.59867678915492
2025-03-15 12:06:00,74.60666764186264
2025-03-15 12:07:00,74.61465856320602
2025-03-15 12:08:00,74.62264955858403
2025-03-15 12:09:00,74.63064062789594
2025-03-15 12:10:00,74.6386317711762
2025-03-15 12:11:00,74.64662298842062
2025-03-15 12:12:00,74.65461427956703
2025-03-15 12:13:00,74.66260564451477
2025-03-15 12:14:00,74.67059708341418
2025-03-15 12:15:00,74.67858859610654
2025-03-15 12:16:00,74.6865801825491
2025-03-15 12:17:00,74.6945718481798
2025-03-15 12:18:00,74.70256358214897
2025-03-15 12:19:00,74.71055538987521
2025-03-15 12:20:00,74.71854727125776
2025-03-15 12:21:00,74.72653922635054
2025-03-15 12:22:00,74.73453125505283
2025-03-15 12:23:00,74.74252335739918
2025-03-15 12:24:00,74.7505155333081
2025-03-15 12:25:00,74.75850778277562
2025-03-15 12:26:00,74.76650010575891
2025-03-15 12:27:00,74.77449250231196
2025-03-15 12:28:00,74.78248497233396
2025-03-15 12:29:00,74.79047752114747
2025-03-15 12:30:00,74.79847013799872
2025-03-15 12:31:00,74.80646282826814
2025-03-15 12:32:00,74.81445559197094
2025-03-15 12:33:00,74.82244842894856
2025-03-15 12:34:00,74.83044133927426
2025-03-15 12:35:00,74.83843432292464
2025-03-15 12:36:00,74.84642737979902
2025-03-15 12:37:00,74.8544205099514
2025-03-15 12:38:00,74.86241371330046
2025-03-15 12:39:00,74.87040698982284
2025-03-15 12:40:00,74.87840034491865
2025-03-15 12:41:00,74.88639376773706
2025-03-15 12:42:00,74.89438726363947
2025-03-15 12:43:00,74.90238083266051
2025-03-15 12:44:00,74.91037447475765
2025-03-15 12:45:00,74.91836818984953
2025-03-15 12:46:00,74.92636197795147
2025-03-15 12:47:00,74.93435583902094
2025-03-15 12:48:00,74.94234977299598
2025-03-15 12:49:00,74.95034377994985
2025-03-15 12:50:00,74.95833785976271
2025-03-15 12:51:00,74.96633201779643
2025-03-15 12:52:00,74.97432624329613
2025-03-15 12:53:00,74.98232054164296
2025-03-15 12:54:00,74.99031491271715
2025-03-15 12:55:00,74.99830935657258
2025-03-15 12:56:00,75.00630387314742
2025-03-15 12:57:00,75.0142984624185
2025-03-15 12:58:00,75.0222931243818
2025-03-15 12:59:00,75.03028785895619
2025-03-15 13:00:00,75.0382826661957
2025-03-15 13:01:00,75.04627754598053
2025-03-15 13:02:00,75.05427250371145
2025-03-15 13:03:00,75.0622675285559
2025-03-15 13:04:00,75.07026262599194
2025-03-15 13:05:00,75.07825779584181
2025-03-15 13:06:00,75.08625303819825
2025-03-15 13:07:00,75.0942483528642
2025-03-15 13:08:00,75.10224374002895
2025-03-15 13:09:00,75.11023919953415
2025-03-15 13:10:00,75.11823473137588
2025-03-15 13:11:00,75.12623033549235
2025-03-15 13:12:00,75.13422601193773
2025-03-15 13:13:00,75.14222176066943
2025-03-15 13:14:00,75.15021758691482
2025-03-15 13:15:00,75.15821348005332
2025-03-15 13:16:00,75.16620944529285
2025-03-15 13:17:00,75.17420548270685
2025-03-15 13:18:00,75.18220159223357
2025-03-15 13:19:00,75.19019777386924
2025-03-15 13:20:00,75.19819402753275
2025-03-15 13:21:00,75.2061903532589
2025-03-15 13:22:00,75.21418675098602
2025-03-15 13:23:00,75.22218322063301
2025-03-15 13:24:00,75.23017976225404
2025-03-15 13:25:00,75.23817638115403
2025-03-15 13:26:00,75.24617306659596
2025-03-15 13:27:00,75.254169823904
2025-03-15 13:28:00,75.26216665299714
2025-03-15 13:29:00,75.27016355391032
2025-03-15 13:30:00,75.27816052662038
2025-03-15 13:31:00,75.28615757106569
2025-03-15 13:32:00,75.29415468720384
2025-03-15 13:33:00,75.30215187506974
2025-03-15 13:34:00,75.31014913456305
2025-03-15 13:35:00,75.31814646573804
2025-03-15 13:36:00,75.32614387378399
2025-03-15 13:37:00,75.334141348118
2025-03-15 13:38:00,75.34213889398727
2025-03-15 13:39:00,75.35013651134946
2025-03-15 13:40:00,75.35813420022026
2025-03-15 13:41:00,75.36613196051864
2025-03-15 13:42:00,75.37412979226028
2025-03-15 13:43:00,75.3821276954415
2025-03-15 13:44:00,75.3901256699233
2025-03-15 13:45:00,75.39812371577939
2025-03-15 13:46:00,75.40612183294807
2025-03-15 13:47:00,75.41412002681221
2025-03-15 13:48:00,75.4221182864986
2025-03-15 13:49:00,75.43011661744804
2025-03-15 13:50:00,75.4381150195602
2025-03-15 13:51:00,75.44611349287015
2025-03-15 13:52:00,75.45411203729694
2025-03-15 13:53:00,75.46211065287564
2025-03-15 13:54:00,75.47010933950597
2025-03-15 13:55:00,75.47810809716502
2025-03-15 13:56:00,75.4861069258878
2025-03-15 13:57:00,75.49410582557408
2025-03-15 13:58:00,75.50210479620097
2025-03-15 13:59:00,75.5101038431903
2025-03-15 14:00:00,75.51810295570694
2025-03-15 14:01:00,75.52610213903749
2025-03-15 14:02:00,75.53410139325557
2025-03-15 14:03:00,75.54210071829974
2025-03-15 14:04:00,75.5501001141085
2025-03-15 14:05:00,75.55809958063949
2025-03-15 14:06:00,75.56609911796653
2025-03-15 14:07:00,75.57409872595083
2025-03-15 14:08:00,75.58209840460813
2025-03-15 14:09:00,75.59009815393487
2025-03-15 14:10:00,75.59809797917933
2025-03-15 14:11:00,75.60609786966047
2025-03-15 14:12:00,75.61409783070387
2025-03-15 14:13:00,75.6220978622673
2025-03-15 14:14:00,75.63009796427002
2025-03-15 14:15:00,75.63809813676643
2025-03-15 14:16:00,75.64609837967573
2025-03-15 14:17:00,75.65409869297517
2025-03-15 14:18:00,75.66209907668046
2025-03-15 14:19:00,75.67009953073024
2025-03-15 14:20:00,75.67810005506294
2025-03-15 14:21:00,75.68610065502389
2025-03-15 14:22:00,75.69410131987352
2025-03-15 14:23:00,75.70210205495705
2025-03-15 14:24:00,75.7101028602324
2025-03-15 14:25:00,75.71810373565737
2025-03-15 14:26:00,75.72610468117058
2025-03-15 14:27:00,75.73410569680725
2025-03-15 14:28:00,75.74210678254458
2025-03-15 14:29:00,75.7501079382825
2025-03-15 14:30:00,75.75810916401761
2025-03-15 14:31:00,75.76611045972712
2025-03-15 14:32:00,75.77411183077585
2025-03-15 14:33:00,75.7821132663466
2025-03-15 14:34:00,75.79011477182357
2025-03-15 14:35:00,75.79811634714522
2025-03-15 14:36:00,75.80611799228896
2025-03-15 14:37:00,75.81411970721268
2025-03-15 14:38:00,75.82212149193238
2025-03-15 14:39:00,75.8301233463286
2025-03-15 14:40:00,75.8381252704753
2025-03-15 14:41:00,75.84612726425317
2025-03-15 14:42:00,75.8541293277168
2025-03-15 14:43:00,75.86213146070818
2025-03-15 14:44:00,75.87013366872783
2025-03-15 14:45:00,75.87813594086134
2025-03-15 14:46:00,75.88613828253187
2025-03-15 14:47:00,75.89414069369737
2025-03-15 14:48:00,75.90214317431592
2025-03-15 14:49:00,75.91014572434547
2025-03-15 14:50:00,75.91814834374404
2025-03-15 14:51:00,75.92615103254695
2025-03-15 14:52:00,75.93415379063497
2025-03-15 14:53:00,75.9421566180433
2025-03-15 14:54:00,75.9501595147494
2025-03-15 14:55:00,75.95816248600279
2025-03-15 14:56:00,75.96616552110122
2025-03-15 14:57:00,75.97416862539085
2025-03-15 14:58:00,75.98217179881037
2025-03-15 14:59:00,75.99017504135652
2025-03-15 15:00:00,75.99817835298731
2025-03-15 15:01:00,76.00618173366084
2025-03-15 15:02:00,76.01418518333519
2025-03-15 15:03:00,76.02218870196845
2025-03-15 15:04:00,76.03019228959594
2025-03-15 15:05:00,76.03819594609845
2025-03-15 15:06:00,76.04619967695781
2025-03-15 15:07:00,76.05420347121996
2025-03-15 15:08:00,76.0622073343281
2025-03-15 15:09:00,76.07021126624025
2025-03-15 15:10:00,76.07821526691457
2025-03-15 15:11:00,76.0862193363285
2025-03-15 15:12:00,76.09422347442076
2025-03-15 15:13:00,76.10222768118818
2025-03-15 15:14:00,76.1102319566082
2025-03-15 15:15:00,76.11823630060033
2025-03-15 15:16:00,76.12624071318058
2025-03-15 15:17:00,76.13424519967656
2025-03-15 15:18:00,76.14224974932701
2025-03-15 15:19:00,76.15025436742073
2025-03-15 15:20:00,76.15825905399325
2025-03-15 15:21:00,76.16626380898336
2025-03-15 15:22:00,76.17426863231051
2025-03-15 15:23:00,76.1822735240296
2025-03-15 15:24:00,76.19027848402146
2025-03-15 15:25:00,76.19828351234084
2025-03-15 15:26:00,76.20628860894601
2025-03-15 15:27:00,76.2142937737178
2025-03-15 15:28:00,76.22229900665307
2025-03-15 15:29:00,76.2303043131569
2025-03-15 15:30:00,76.23830968240972
2025-03-15 15:31:00,76.24631511973925
2025-03-15 15:32:00,76.25432062512301
2025-03-15 15:33:00,76.26232619857727
2025-03-15 15:34:00,76.27033184000226
2025-03-15 15:35:00,76.27833754939475
2025-03-15 15:36:00,76.28634332671308
2025-03-15 15:37:00,76.29434917189613
2025-03-15 15:38:00,76.30235508499871
2025-03-15 15:39:00,76.31036106590182
2025-03-15 15:40:00,76.3183671199529
2025-03-15 15:41:00,76.32637323642842
2025-03-15 15:42:00,76.33437942067586
2025-03-15 15:43:00,76.34238567257617
2025-03-15 15:44:00,76.35039199214556
2025-03-15 15:45:00,76.358398379381
2025-03-15 15:46:00,76.3664048341827
2025-03-15 15:47:00,76.37441135660569
2025-03-15 15:48:00,76.38241794653086
2025-03-15 15:49:00,76.3904246039745
2025-03-15 15:50:00,76.3984313288562
2025-03-15 15:51:00,76.40643812660112
2025-03-15 15:52:00,76.41444498633065
2025-03-15 15:53:00,76.42245191346979
2025-03-15 15:54:00,76.4304589079576
2025-03-15 15:55:00,76.43846596969438
2025-03-15 15:56:00,76.44647309875437
2025-03-15 15:57:00,76.4544802950573
2025-03-15 15:58:00,76.46248755856149
2025-03-15 15:59:00,76.47049488924462
2025-03-15 16:00:00,76.47850228704559
2025-03-15 16:01:00,76.48650975200016
2025-03-15 16:02:00,76.49451728935973
2025-03-15 16:03:00,76.50252488838049
2025-03-15 16:04:00,76.5105325544686
2025-03-15 16:05:00,76.51854028748572
2025-03-15 16:06:00,76.52654808744813
2025-03-15 16:07:00,76.53455595433363
2025-03-15 16:08:00,76.54256388810053
2025-03-15 16:09:00,76.55057188868794
2025-03-15 16:10:00,76.55857995607346
2025-03-15 16:11:00,76.56658809029292
2025-03-15 16:12:00,76.57459629118868
2025-03-15 16:13:00,76.58260455883507
2025-03-15 16:14:00,76.5906128985032
2025-03-15 16:15:00,76.59862129944884
2025-03-15 16:16:00,76.6066297669817
2025-03-15 16:17:00,76.61463830113753
2025-03-15 16:18:00,76.62264690177814
2025-03-15 16:19:00,76.6306555689778
2025-03-15 16:20:00,76.6386643025984
2025-03-15 16:21:00,76.64667310267563
2025-03-15 16:22:00,76.65468196912933
2025-03-15 16:23:00,76.66269090203386
2025-03-15 16:24:00,76.67069990123169
2025-03-15 16:25:00,76.67870897209083
2025-03-15 16:26:00,76.68671810384727
2025-03-15 16:27:00,76.69472730184975
2025-03-15 16:28:00,76.70273656605669
2025-03-15 16:29:00,76.71074589642656
2025-03-15 16:30:00,76.71875529293712
2025-03-15 16:31:00,76.72676475550826
2025-03-15 16:32:00,76.734774284137
2025-03-15 16:33:00,76.74278387887865
2025-03-15 16:34:00,76.75079353953689
2025-03-15 16:35:00,76.75880326616694
2025-03-15 16:36:00,76.76681306413711
2025-03-15 16:37:00,76.77482292258631
2025-03-15 16:38:00,76.78283284690208
2025-03-15 16:39:00,76.7908428370624
2025-03-15 16:40:00,76.79885289302571
2025-03-15 16:41:00,76.80686301473122
2025-03-15 16:42:00,76.81487320213739
2025-03-15 16:43:00,76.82288345524142
2025-03-15 16:44:00,76.8308937739633
2025-03-15 16:45:00,76.83890415835809
2025-03-15 16:46:00,76.84691460828773
2025-03-15 16:47:00,76.85492512915943
2025-03-15 16:48:00,76.86293571020842
2025-03-15 16:49:00,76.87094635670651
2025-03-15 16:50:00,76.87895706861234
2025-03-15 16:51:00,76.88696784600043
2025-03-15 16:52:00,76.89497868871332
2025-03-15 16:53:00,76.9029895967483
2025-03-15 16:54:00,76.91100057014128
2025-03-15 16:55:00,76.91901160877346
2025-03-15 16:56:00,76.92702271268078
2025-03-15 16:57:00,76.93503388174452
2025-03-15 16:58:00,76.9430451159812
2025-03-15 16:59:00,76.95105642070172
2025-03-15 17:00:00,76.9590677851989
2025-03-15 17:01:00,76.96707921472549
2025-03-15 17:02:00,76.97509070925946
2025-03-15 17:03:00,76.98310226881748
2025-03-15 17:04:00,76.99111389333879
2025-03-15 17:05:00,76.99912558274332
2025-03-15 17:06:00,77.00713733702838
2025-03-15 17:07:00,77.01514915624932
2025-03-15 17:08:00,77.02316104019069
2025-03-15 17:09:00,77.03117298894652
2025-03-15 17:10:00,77.039185007828
2025-03-15 17:11:00,77.04719708604999
2025-03-15 17:12:00,77.05520922890437
2025-03-15 17:13:00,77.06322143640782
2025-03-15 17:14:00,77.0712337085383
2025-03-15 17:15:00,77.07924604525445
2025-03-15 17:16:00,77.087258446457
2025-03-15 17:17:00,77.0952709121819
2025-03-15 17:18:00,77.10328344236854
2025-03-15 17:19:00,77.11129603693689
2025-03-15 17:20:00,77.119308695923
2025-03-15 17:21:00,77.12732142467698
2025-03-15 17:22:00,77.13533421231666
2025-03-15 17:23:00,77.14334706426953
2025-03-15 17:24:00,77.1513599804943
2025-03-15 17:25:00,77.15937296087229
2025-03-15 17:26:00,77.16738600545888
2025-03-15 17:27:00,77.17539911419351
2025-03-15 17:28:00,77.18341228703481
2025-03-15 17:29:00,77.1914255238836
2025-03-15 17:30:00,77.19943882483386
2025-03-15 17:31:00,77.20745218978637
2025-03-15 17:32:00,77.21546562405285
2025-03-15 17:33:00,77.22347911684737
2025-03-15 17:34:00,77.23149267353969
2025-03-15 17:35:00,77.23950629408859
2025-03-15 17:36:00,77.24751997847207
2025-03-15 17:37:00,77.25553372661028
2025-03-15 17:38:00,77.26354753850065
2025-03-15 17:39:00,77.27156141412125
2025-03-15 17:40:00,77.27957535339213
2025-03-15 17:41:00,77.28758935631086
2025-03-15 17:42:00,77.29560342279744
2025-03-15 17:43:00,77.30361755288804
2025-03-15 17:44:00,77.31163175187537
2025-03-15 17:45:00,77.31964600893436
2025-03-15 17:46:00,77.32766032949304
2025-03-15 17:47:00,77.33567471349092
2025-03-15 17:48:00,77.34368916080946
2025-03-15 17:49:00,77.35170367150408
2025-03-15 17:50:00,77.35971824553364
2025-03-15 17:51:00,77.36773288277962
2025-03-15 17:52:00,77.37574758329745
2025-03-15 17:53:00,77.38376234702672
2025-03-15 17:54:00,77.39177717390679
2025-03-15 17:55:00,77.39979206926944
2025-03-15 17:56:00,77.40780702234713
2025-03-15 17:57:00,77.41582203847155
2025-03-15 17:58:00,77.4238371176595
2025-03-15 17:59:00,77.43185225981188
2025-03-15 18:00:00,77.43986746486814
2025-03-15 18:01:00,77.44788273286451
2025-03-15 18:02:00,77.45589806372122
2025-03-15 18:03:00,77.46391345741641
2025-03-15 18:04:00,77.47192891388963
2025-03-15 18:05:00,77.47994443315775
2025-03-15 18:06:00,77.48796002045599
2025-03-15 18:07:00,77.49597566513253
2025-03-15 18:08:00,77.50399137244199
2025-03-15 18:09:00,77.51200714236252
2025-03-15 18:10:00,77.52002297481432
2025-03-15 18:11:00,77.52803886983374
2025-03-15 18:12:00,77.53605482734083
2025-03-15 18:13:00,77.54407084735274
2025-03-15 18:14:00,77.55208692973144
2025-03-15 18:15:00,77.56010307455205
2025-03-15 18:16:00,77.56811928171541
2025-03-15 18:17:00,77.57613555655374
2025-03-15 18:18:00,77.58415188825998
2025-03-15 18:19:00,77.59216828224383
2025-03-15 18:20:00,77.60018473842541
2025-03-15 18:21:00,77.60820125676373
2025-03-15 18:22:00,77.61621783725639
2025-03-15 18:23:00,77.62423447982366
2025-03-15 18:24:00,77.63225118446313
2025-03-15 18:25:00,77.64026795107573
2025-03-15 18:26:00,77.64828477967846
2025-03-15 18:27:00,77.65630167021098
2025-03-15 18:28:00,77.66431862267086
2025-03-15 18:29:00,77.67233564235188
2025-03-15 18:30:00,77.68035271852416
2025-03-15 18:31:00,77.68836985642331
2025-03-15 18:32:00,77.69638705614379
2025-03-15 18:33:00,77.70440431754781
2025-03-15 18:34:00,77.71242164061378
2025-03-15 18:35:00,77.72043902535863
2025-03-15 18:36:00,77.72845647166405
2025-03-15 18:37:00,77.73647397952764
2025-03-15 18:38:00,77.74449154898585
2025-03-15 18:39:00,77.7525091798429
2025-03-15 18:40:00,77.76052687756695
2025-03-15 18:41:00,77.76854463135024
2025-03-15 18:42:00,77.77656244644808
2025-03-15 18:43:00,77.78458032291624
2025-03-15 18:44:00,77.79259826069443
2025-03-15 18:45:00,77.80061625972229
2025-03-15 18:46:00,77.80863431995884
2025-03-15 18:47:00,77.81665244138247
2025-03-15 18:48:00,77.82467062399094
2025-03-15 18:49:00,77.83268886764657
2025-03-15 18:50:00,77.84070717244381
2025-03-15 18:51:00,77.8487255435802
2025-03-15 18:52:00,77.85674397036371
2025-03-15 18:53:00,77.86476245808855
2025-03-15 18:54:00,77.8727810067719
2025-03-15 18:55:00,77.8807996162568
2025-03-15 18:56:00,77.88881828667628
2025-03-15 18:57:00,77.89683701783476
2025-03-15 18:58:00,77.90485580974935
2025-03-15 18:59:00,77.91287466241779
2025-03-15 19:00:00,77.92089357577983
2025-03-15 19:01:00,77.92891254975581
2025-03-15 19:02:00,77.93693158975648
2025-03-15 19:03:00,77.94495068493453
2025-03-15 19:04:00,77.95296984060393
2025-03-15 19:05:00,77.96098905685906
2025-03-15 19:06:00,77.96900833350443
2025-03-15 19:07:00,77.977027670557
2025-03-15 19:08:00,77.98504706803413
2025-03-15 19:09:00,77.99306652583681
2025-03-15 19:10:00,78.00108604390475
2025-03-15 19:11:00,78.00910562225523
2025-03-15 19:12:00,78.01712526082798
2025-03-15 19:13:00,78.02514495960149
2025-03-15 19:14:00,78.03316472388997
2025-03-15 19:15:00,78.04118454292309
2025-03-15 19:16:00,78.04920442201505
2025-03-15 19:17:00,78.05722436110567
2025-03-15 19:18:00,78.06524436021213
2025-03-15 19:19:00,78.07326441927424
2025-03-15 19:20:00,78.08128453823184
2025-03-15 19:21:00,78.08930471706336
2025-03-15 19:22:00,78.09732495574744
2025-03-15 19:23:00,78.10534525422383
2025-03-15 19:24:00,78.11336561243239
2025-03-15 19:25:00,78.12138603576496
2025-03-15 19:26:00,78.12940651337344
2025-03-15 19:27:00,78.13742705061095
2025-03-15 19:28:00,78.14544764747542
2025-03-15 19:29:00,78.15346830388732
2025-03-15 19:30:00,78.16148901982525
2025-03-15 19:31:00,78.16950979526773
2025-03-15 19:32:00,78.17753063011588
2025-03-15 19:33:00,78.1855515243677
2025-03-15 19:34:00,78.19357247800164
2025-03-15 19:35:00,78.20159349095765
2025-03-15 19:36:00,78.20961456856976
2025-03-15 19:37:00,78.21763570002818
2025-03-15 19:38:00,78.22565689076377
2025-03-15 19:39:00,78.23367814058093
2025-03-15 19:40:00,78.2416994495743
2025-03-15 19:41:00,78.24972081764513
2025-03-15 19:42:00,78.25774224473325
2025-03-15 19:43:00,78.26576373085608
2025-03-15 19:44:00,78.27378527595337
2025-03-15 19:45:00,78.28180687996512
2025-03-15 19:46:00,78.28982854288928
2025-03-15 19:47:00,78.29785027002144
2025-03-15 19:48:00,78.30587205059012
2025-03-15 19:49:00,78.3138938899103
2025-03-15 19:50:00,78.32191578798
2025-03-15 19:51:00,78.32993774473904
2025-03-15 19:52:00,78.33795976012743
2025-03-15 19:53:00,78.34598183414316
2025-03-15 19:54:00,78.35400396674544
2025-03-15 19:55:00,78.36202615785496
2025-03-15 19:56:00,78.37004840743094
2025-03-15 19:57:00,78.37807071552947
2025-03-15 19:58:00,78.38609308199375
2025-03-15 19:59:00,78.39411551217769
2025-03-15 20:00:00,78.40213799538687
2025-03-15 20:01:00,78.41016053685905
2025-03-15 20:02:00,78.41818313653421
2025-03-15 20:03:00,78.42620579446844
2025-03-15 20:04:00,78.43422851056302
2025-03-15 20:05:00,78.44225128477729
2025-03-15 20:06:00,78.45027411707049
2025-03-15 20:07:00,78.45829700742145
2025-03-15 20:08:00,78.46631995578939
2025-03-15 20:09:00,78.47434296213375
2025-03-15 20:10:00,78.48236603178927
2025-03-15 20:11:00,78.4903891539257
2025-03-15 20:12:00,78.49841233389718
2025-03-15 20:13:00,78.50643557174048
2025-03-15 20:14:00,78.51445886731827
2025-03-15 20:15:00,78.52248222060916
2025-03-15 20:16:00,78.53050563159198
2025-03-15 20:17:00,78.53852910020662
2025-03-15 20:18:00,78.54655262643193
2025-03-15 20:19:00,78.5545762102466
2025-03-15 20:20:00,78.5625998515906
2025-03-15 20:21:00,78.57062355577976
2025-03-15 20:22:00,78.57864731200266
2025-03-15 20:23:00,78.58667112565247
2025-03-15 20:24:00,78.59469499664995
2025-03-15 20:25:00,78.60271892497369
2025-03-15 20:26:00,78.61074291060257
2025-03-15 20:27:00,78.61876695341856
2025-03-15 20:28:00,78.62679105349717
2025-03-15 20:29:00,78.6348152107204
2025-03-15 20:30:00,78.64283942502834
2025-03-15 20:31:00,78.6508636963804
2025-03-15 20:32:00,78.65888803022801
2025-03-15 20:33:00,78.6669124156434
2025-03-15 20:34:00,78.67493685801986
2025-03-15 20:35:00,78.68296135731691
2025-03-15 20:36:00,78.69098591347456
2025-03-15 20:37:00,78.69901052647167
2025-03-15 20:38:00,78.70703519620956
2025-03-15 20:39:00,78.7150599227639
2025-03-15 20:40:00,78.72308470595858
2025-03-15 20:41:00,78.73110954586919
2025-03-15 20:42:00,78.73913444237783
2025-03-15 20:43:00,78.74715939550194
2025-03-15 20:44:00,78.75518441049975
2025-03-15 20:45:00,78.7632094766753
2025-03-15 20:46:00,78.77123459922863
2025-03-15 20:47:00,78.77925977827407
2025-03-15 20:48:00,78.78728501367438
2025-03-15 20:49:00,78.79531030538897
2025-03-15 20:50:00,78.80333565341611
2025-03-15 20:51:00,78.8113610576765
2025-03-15 20:52:00,78.81938651818774
2025-03-15 20:53:00,78.82741203481261
2025-03-15 20:54:00,78.8354376076073
2025-03-15 20:55:00,78.84346324188834
2025-03-15 20:56:00,78.85148892678518
2025-03-15 20:57:00,78.85951466771101
2025-03-15 20:58:00,78.86754046458671
2025-03-15 20:59:00,78.87556631739109
2025-03-15 21:00:00,78.8835922260644
2025-03-15 21:01:00,78.89161819060475
2025-03-15 21:02:00,78.89964421091372
2025-03-15 21:03:00,78.90767028695083
2025-03-15 21:04:00,78.91569641873362
2025-03-15 21:05:00,78.92372260618296
2025-03-15 21:06:00,78.93174885463492
2025-03-15 21:07:00,78.93977515329601
2025-03-15 21:08:00,78.9478015074829
2025-03-15 21:09:00,78.9558279172133
2025-03-15 21:10:00,78.96385438236923
2025-03-15 21:11:00,78.97188090296842
2025-03-15 21:12:00,78.9799074789317
2025-03-15 21:13:00,78.98793411023792
2025-03-15 21:14:00,78.99596079682736
2025-03-15 21:15:00,79.00398753865957
2025-03-15 21:16:00,79.01201433571353
2025-03-15 21:17:00,79.02004119334484
2025-03-15 21:18:00,79.02806810066292
2025-03-15 21:19:00,79.03609506308145
2025-03-15 21:20:00,79.0441220805988
2025-03-15 21:21:00,79.05214915301963
2025-03-15 21:22:00,79.06017628047778
2025-03-15 21:23:00,79.06820346281673
2025-03-15 21:24:00,79.07623070003477
2025-03-15 21:25:00,79.08425799201413
2025-03-15 21:26:00,79.09228533888857
2025-03-15 21:27:00,79.10031274048225
2025-03-15 21:28:00,79.10834019675482
2025-03-15 21:29:00,79.11636771308142
2025-03-15 21:30:00,79.12439527862925
2025-03-15 21:31:00,79.13242289875417
2025-03-15 21:32:00,79.14045057341576
2025-03-15 21:33:00,79.14847830257366
2025-03-15 21:34:00,79.15650608616828
2025-03-15 21:35:00,79.1645339241785
2025-03-15 21:36:00,79.1725618165833
2025-03-15 21:37:00,79.18058976326498
2025-03-15 21:38:00,79.18861776420253
2025-03-15 21:39:00,79.19664581945237
2025-03-15 21:40:00,79.20467393421582
2025-03-15 21:41:00,79.21270209775633
2025-03-15 21:42:00,79.22073031543002
2025-03-15 21:43:00,79.22875858717727
2025-03-15 21:44:00,79.23678691289966
2025-03-15 21:45:00,79.24481529263426
2025-03-15 21:46:00,79.25284372628268
2025-03-15 21:47:00,79.26087221384336
2025-03-15 21:48:00,79.26890075527592
2025-03-15 21:49:00,79.27692935048202
2025-03-15 21:50:00,79.28495799946006
2025-03-15 21:51:00,79.2929867075471
2025-03-15 21:52:00,79.30101546392874
2025-03-15 21:53:00,79.30904427394213
2025-03-15 21:54:00,79.3170731375856
2025-03-15 21:55:00,79.32510205474141
2025-03-15 21:56:00,79.33313102542739
2025-03-15 21:57:00,79.34116004956454
2025-03-15 21:58:00,79.34918912713191
2025-03-15 21:59:00,79.35721825806989
2025-03-15 22:00:00,79.3652474423188
2025-03-15 22:01:00,79.37327667989652
2025-03-15 22:02:00,79.38130597612084
2025-03-15 22:03:00,79.38933532011916
2025-03-15 22:04:00,79.39736471730603
2025-03-15 22:05:00,79.40539416764129
2025-03-15 22:06:00,79.4134236710072
2025-03-15 22:07:00,79.42145322740222
2025-03-15 22:08:00,79.42948283680548
2025-03-15 22:09:00,79.43751249919609
2025-03-15 22:10:00,79.44554221443701
2025-03-15 22:11:00,79.45357198254608
2025-03-15 22:12:00,79.4616018035024
2025-03-15 22:13:00,79.46963167714964
2025-03-15 22:14:00,79.47766160901878
2025-03-15 22:15:00,79.4856915881207
2025-03-15 22:16:00,79.49372161988963
2025-03-15 22:17:00,79.50175170424654
2025-03-15 22:18:00,79.5097818411513
2025-03-15 22:19:00,79.5178120305637
2025-03-15 22:20:00,79.52584227252096
2025-03-15 22:21:00,79.53387256682795
2025-03-15 22:22:00,79.54190291352195
2025-03-15 22:23:00,79.5499333125628
2025-03-15 22:24:00,79.55796376391022
2025-03-15 22:25:00,79.56599427286322
2025-03-15 22:26:00,79.5740248286839
2025-03-15 22:27:00,79.58205543661319
2025-03-15 22:28:00,79.5900860966883
2025-03-15 22:29:00,79.59811680884974
2025-03-15 22:30:00,79.60614757301857
2025-03-15 22:31:00,79.61417838919328
2025-03-15 22:32:00,79.6222092573145
2025-03-15 22:33:00,79.63024017732255
2025-03-15 22:34:00,79.63827114923541
2025-03-15 22:35:00,79.64630217287734
2025-03-15 22:36:00,79.6543332537025
2025-03-15 22:37:00,79.66236438089518
2025-03-15 22:38:00,79.67039555973521
2025-03-15 22:39:00,79.67842679024055
2025-03-15 22:40:00,79.68645807231294
2025-03-15 22:41:00,79.69448940593163
2025-03-15 22:42:00,79.7025207910564
2025-03-15 22:43:00,79.71055222766658
2025-03-15 22:44:00,79.71858371568324
2025-03-15 22:45:00,79.72661525504692
2025-03-15 22:46:00,79.73464684577557
2025-03-15 22:47:00,79.74267849312986
2025-03-15 22:48:00,79.75071018637126
2025-03-15 22:49:00,79.75874193079916
2025-03-15 22:50:00,79.76677372641223
2025-03-15 22:51:00,79.7748055730347
2025-03-15 22:52:00,79.78283747080084
2025-03-15 22:53:00,79.7908694195543
2025-03-15 22:54:00,79.7989014192744
2025-03-15 22:55:00,79.80693346997904
2025-03-15 22:56:00,79.81496557151203
2025-03-15 22:57:00,79.82299772391065
2025-03-15 22:58:00,79.83102992707684
2025-03-15 22:59:00,79.83906218638755
2025-03-15 23:00:00,79.84709449100717
2025-03-15 23:01:00,79.85512684635148
2025-03-15 23:02:00,79.86315925224486
2025-03-15 23:03:00,79.87119170876335
2025-03-15 23:04:00,79.87922421577022
2025-03-15 23:05:00,79.88725677326397
2025-03-15 23:06:00,79.8952893812046
2025-03-15 23:07:00,79.9033220395327
2025-03-15 23:08:00,79.91135474824686
2025-03-15 23:09:00,79.91938750722969
2025-03-15 23:10:00,79.92742032183905
2025-03-15 23:11:00,79.93545318133573
2025-03-15 23:12:00,79.94348609098085
2025-03-15 23:13:00,79.95151905071504
2025-03-15 23:14:00,79.95955206057565
2025-03-15 23:15:00,79.9675851204646
2025-03-15 23:16:00,79.97561823034181
2025-03-15 23:17:00,79.9836513901286
2025-03-15 23:18:00,79.99168459986231
2025-03-15 23:19:00,79.99971785944483
2025-03-15 23:20:00,80.00775116879747
2025-03-15 23:21:00,80.01578453335583
2025-03-15 23:22:00,80.02381794226409
2025-03-15 23:23:00,80.03185140078371
2025-03-15 23:24:00,80.03988490899074
2025-03-15 23:25:00,80.0479184667291
2025-03-15 23:26:00,80.05595207405553
2025-03-15 23:27:00,80.06398573089133
2025-03-15 23:28:00,80.07201943713841
2025-03-15 23:29:00,80.08005319281482
2025-03-15 23:30:00,80.08808699782256
2025-03-15 23:31:00,80.09612085217964
2025-03-15 23:32:00,80.10415476116707
2025-03-15 23:33:00,80.11218871404488
2025-03-15 23:34:00,80.12022271605531
2025-03-15 23:35:00,80.12825676721647
2025-03-15 23:36:00,80.13629086744967
2025-03-15 23:37:00,80.14432501675356
2025-03-15 23:38:00,80.15235921503022
2025-03-15 23:39:00,80.16039346227835
2025-03-15 23:40:00,80.16842775845797
2025-03-15 23:41:00,80.176462103471
2025-03-15 23:42:00,80.18449649727759
2025-03-15 23:43:00,80.19253093987643
2025-03-15 23:44:00,80.2005654366261
2025-03-15 23:45:00,80.20859997663155
2025-03-15 23:46:00,80.21663456527067
2025-03-15 23:47:00,80.22466920250356
2025-03-15 23:48:00,80.23270388827088
2025-03-15 23:49:00,80.24073862257144
2025-03-15 23:50:00,80.24877340532653
2025-03-15 23:51:00,80.25680823647691
2025-03-15 23:52:00,80.26484311594393
2025-03-15 23:53:00,80.2728780437845
2025-03-15 23:54:00,80.2809130198811
2025-03-15 23:55:00,80.28894804957336
2025-03-15 23:56:00,80.2969831220819
2025-03-15 23:57:00,80.30501824270745
2025-03-15 23:58:00,80.31305341139073
2025-03-15 23:59:00,80.32108862820805
2025-03-16 00:00:00,80.3291238929452
2025-03-16 00:01:00,80.3371592056591
2025-03-16 00:02:00,80.34519456627113
2025-03-16 00:03:00,80.35322997474141
2025-03-16 00:04:00,80.36126543101061
2025-03-16 00:05:00,80.36930093507763
2025-03-16 00:06:00,80.377336492224
2025-03-16 00:07:00,80.3853720916702
2025-03-16 00:08:00,80.39340773873643
2025-03-16 00:09:00,80.4014434334022
2025-03-16 00:10:00,80.40947917562764
2025-03-16 00:11:00,80.4175149652954
2025-03-16 00:12:00,80.42555080242373
2025-03-16 00:13:00,80.43358668695338
2025-03-16 00:14:00,80.44162261884453
2025-03-16 00:15:00,80.44965859801847
2025-03-16 00:16:00,80.45769462451292
2025-03-16 00:17:00,80.46573070351278
2025-03-16 00:18:00,80.47376682437366
2025-03-16 00:19:00,80.4818029923193
2025-03-16 00:20:00,80.48983920734855
2025-03-16 00:21:00,80.49787546942153
2025-03-16 00:22:00,80.50591177847903
2025-03-16 00:23:00,80.51394813444253
2025-03-16 00:24:00,80.52198453731091
2025-03-16 00:25:00,80.53002098706372
2025-03-16 00:26:00,80.53805748358357
2025-03-16 00:27:00,80.54609402683076
2025-03-16 00:28:00,80.55413061678475
2025-03-16 00:29:00,80.5621672588437
2025-03-16 00:30:00,80.57020394207255
2025-03-16 00:31:00,80.5782406718887
2025-03-16 00:32:00,80.58627744821368
2025-03-16 00:33:00,80.5943142710077
2025-03-16 00:34:00,80.60235114026965
2025-03-16 00:35:00,80.61038805586287
2025-03-16 00:36:00,80.61842501782507
2025-03-16 00:37:00,80.62646202603896
2025-03-16 00:38:00,80.63449908052286
2025-03-16 00:39:00,80.64253618121755
2025-03-16 00:40:00,80.6505733333859
2025-03-16 00:41:00,80.6586105263055
2025-03-16 00:42:00,80.66664776527777
2025-03-16 00:43:00,80.67468505026302
2025-03-16 00:44:00,80.68272238122148
2025-03-16 00:45:00,80.69075975803582
2025-03-16 00:46:00,80.6987971807632
2025-03-16 00:47:00,80.70683464930565
2025-03-16 00:48:00,80.71487216362345
2025-03-16 00:49:00,80.72290972365748
2025-03-16 00:50:00,80.73094732934858
2025-03-16 00:51:00,80.73898498615345
2025-03-16 00:52:00,80.74702268305882
2025-03-16 00:53:00,80.75506042556013
2025-03-16 00:54:00,80.76309821350138
2025-03-16 00:55:00,80.77113604692035
2025-03-16 00:56:00,80.77917392573846
2025-03-16 00:57:00,80.78721184993542
2025-03-16 00:58:00,80.79524981941331
2025-03-16 00:59:00,80.80328783411315
2025-03-16 01:00:00,80.81132589407254
2025-03-16 01:01:00,80.81936399917433
2025-03-16 01:02:00,80.82740215477855
2025-03-16 01:03:00,80.83544035010408
2025-03-16 01:04:00,80.84347859043348
2025-03-16 01:05:00,80.85151687568828
2025-03-16 01:06:00,80.85955520588682
2025-03-16 01:07:00,80.8675935810088
2025-03-16 01:08:00,80.87563200093706
2025-03-16 01:09:00,80.88367046567053
2025-03-16 01:10:00,80.89170897513087
2025-03-16 01:11:00,80.89974752927833
2025-03-16 01:12:00,80.90778612807318
2025-03-16 01:13:00,80.91582477147574
2025-03-16 01:14:00,80.92386346480755
2025-03-16 01:15:00,80.93190219724839
2025-03-16 01:16:00,80.93994097417783
2025-03-16 01:17:00,80.94797979549813
2025-03-16 01:18:00,80.95601866116958
2025-03-16 01:19:00,80.96405757117186
2025-03-16 01:20:00,80.97209652542656
2025-03-16 01:21:00,80.98013552385528
2025-03-16 01:22:00,80.98817456653452
2025-03-16 01:23:00,80.99621365334716
2025-03-16 01:24:00,81.0042527841954
2025-03-16 01:25:00,81.01229196445905
2025-03-16 01:26:00,81.02033118329828
2025-03-16 01:27:00,81.0283704461122
2025-03-16 01:28:00,81.03640975278375
2025-03-16 01:29:00,81.04444910331195
2025-03-16 01:30:00,81.05248849759907
2025-03-16 01:31:00,81.06052793566356
2025-03-16 01:32:00,81.06856741744639
2025-03-16 01:33:00,81.0766069428498
2025-03-16 01:34:00,81.08464651183418
2025-03-16 01:35:00,81.09268612441797
2025-03-16 01:36:00,81.1007257858843
2025-03-16 01:37:00,81.10876548539306
2025-03-16 01:38:00,81.11680522830484
2025-03-16 01:39:00,81.12484501459939
2025-03-16 01:40:00,81.13288484423713
2025-03-16 01:41:00,81.14092471712023
2025-03-16 01:42:00,81.14896463318978
2025-03-16 01:43:00,81.15700459248355
2025-03-16 01:44:00,81.16504459486518
2025-03-16 01:45:00,81.1730846403337
2025-03-16 01:46:00,81.18112472884957
2025-03-16 01:47:00,81.1891648656961
2025-03-16 01:48:00,81.19720504011028
2025-03-16 01:49:00,81.2052452573949
2025-03-16 01:50:00,81.21328551752968
2025-03-16 01:51:00,81.22132582045566
2025-03-16 01:52:00,81.22936616611383
2025-03-16 01:53:00,81.23740655446467
2025-03-16 01:54:00,81.24544698546853
2025-03-16 01:55:00,81.2534874590665
2025-03-16 01:56:00,81.26152797519958
2025-03-16 01:57:00,81.26956853382818
2025-03-16 01:58:00,81.27760913493212
2025-03-16 01:59:00,81.28564978381434
2025-03-16 02:00:00,81.29369046967275
2025-03-16 02:01:00,81.3017311978684
2025-03-16 02:02:00,81.30977196822612
2025-03-16 02:03:00,81.31781278088067
2025-03-16 02:04:00,81.32585363565691
2025-03-16 02:05:00,81.33389453259275
2025-03-16 02:06:00,81.34193547159055
2025-03-16 02:07:00,81.34997645255257
2025-03-16 02:08:00,81.3580174755168
2025-03-16 02:09:00,81.36605854038554
2025-03-16 02:10:00,81.3740996525975
2025-03-16 02:11:00,81.38214080115662
2025-03-16 02:12:00,81.39018199150168
2025-03-16 02:13:00,81.39822322361242
2025-03-16 02:14:00,81.40626449739122
2025-03-16 02:15:00,81.41430581277918
2025-03-16 02:16:00,81.42234716979489
2025-03-16 02:17:00,81.43038856830188
2025-03-16 02:18:00,81.43843000831886
2025-03-16 02:19:00,81.44647148972871
2025-03-16 02:20:00,81.45451301258883
2025-03-16 02:21:00,81.46255458218312
2025-03-16 02:22:00,81.47059618765077
2025-03-16 02:23:00,81.47863783439206
2025-03-16 02:24:00,81.48667952230929
2025-03-16 02:25:00,81.49472125134359
2025-03-16 02:26:00,81.50276302153296
2025-03-16 02:27:00,81.51080483276034
2025-03-16 02:28:00,81.51884668492818
2025-03-16 02:29:00,81.52688857809379
2025-03-16 02:30:00,81.53493051219829
2025-03-16 02:31:00,81.54297248714414
2025-03-16 02:32:00,81.55101450825408
2025-03-16 02:33:00,81.55905656472528
2025-03-16 02:34:00,81.56709866193873
2025-03-16 02:35:00,81.57514079979678
2025-03-16 02:36:00,81.58318297825991
2025-03-16 02:37:00,81.59122519732745
2025-03-16 02:38:00,81.5992674568824
2025-03-16 02:39:00,81.60730975690466
2025-03-16 02:40:00,81.61535209733535
2025-03-16 02:41:00,81.6233944781157
2025-03-16 02:42:00,81.63143689924487
2025-03-16 02:43:00,81.63947936064481
2025-03-16 02:44:00,81.64752186763837
2025-03-16 02:45:00,81.65556440942254
2025-03-16 02:46:00,81.66360699135898
2025-03-16 02:47:00,81.67164961333077
2025-03-16 02:48:00,81.67969227537603
2025-03-16 02:49:00,81.6877349773389
2025-03-16 02:50:00,81.69577771927692
2025-03-16 02:51:00,81.7038205010731
2025-03-16 02:52:00,81.71186332268803
2025-03-16 02:53:00,81.71990618414037
2025-03-16 02:54:00,81.72794908523571
2025-03-16 02:55:00,81.73599203147153
2025-03-16 02:56:00,81.74403501190893
2025-03-16 02:57:00,81.75207803196784
2025-03-16 02:58:00,81.76012109157014
2025-03-16 02:59:00,81.76816419061822
2025-03-16 03:00:00,81.77620732911153
2025-03-16 03:01:00,81.78425050701055
2025-03-16 03:02:00,81.7922937242371
2025-03-16 03:03:00,81.80033698079058
2025-03-16 03:04:00,81.80838027655402
2025-03-16 03:05:00,81.81642361148803
2025-03-16 03:06:00,81.82446699095469
2025-03-16 03:07:00,81.83251040418915
2025-03-16 03:08:00,81.84055385645655
2025-03-16 03:09:00,81.84859734765945
2025-03-16 03:10:00,81.85664087783587
2025-03-16 03:11:00,81.86468444690769
2025-03-16 03:12:00,81.87272805483552
2025-03-16 03:13:00,81.88077170154125
2025-03-16 03:14:00,81.88881538702415
2025-03-16 03:15:00,81.89685911118679
2025-03-16 03:16:00,81.90490287397039
2025-03-16 03:17:00,81.91294668081468
2025-03-16 03:18:00,81.92099052078015
2025-03-16 03:19:00,81.92903439920971
2025-03-16 03:20:00,81.93707831614144
2025-03-16 03:21:00,81.94512227149727
2025-03-16 03:22:00,81.95316626514085
2025-03-16 03:23:00,81.96121029716855
2025-03-16 03:24:00,81.96925436738599
2025-03-16 03:25:00,81.9772984758118
2025-03-16 03:26:00,81.9853426223874
2025-03-16 03:27:00,81.99338680711213
2025-03-16 03:28:00,82.00143102988851
2025-03-16 03:29:00,82.00947529604018
2025-03-16 03:30:00,82.01751959474366
2025-03-16 03:31:00,82.02556393136133
2025-03-16 03:32:00,82.03360830583455
2025-03-16 03:33:00,82.04165271812381
2025-03-16 03:34:00,82.04969716817058
2025-03-16 03:35:00,82.0577416559354
2025-03-16 03:36:00,82.0657861813596
2025-03-16 03:37:00,82.07383074438445
2025-03-16 03:38:00,82.08187534499002
2025-03-16 03:39:00,82.08991998304008
2025-03-16 03:40:00,82.09796466403286
2025-03-16 03:41:00,82.10600937698956
2025-03-16 03:42:00,82.11405412731153
2025-03-16 03:43:00,82.12209891492067
2025-03-16 03:44:00,82.13014373985523
2025-03-16 03:45:00,82.13818860194021
2025-03-16 03:46:00,82.14623350125258
2025-03-16 03:47:00,82.15427843761732
2025-03-16 03:48:00,82.162323411034
2025-03-16 03:49:00,82.17036842150199
2025-03-16 03:50:00,82.17841346892382
2025-03-16 03:51:00,82.18645855864293
2025-03-16 03:52:00,82.1945036798353
2025-03-16 03:53:00,82.20254883784425
2025-03-16 03:54:00,82.21059403261113
2025-03-16 03:55:00,82.21863926411604
2025-03-16 03:56:00,82.22668453224215
2025-03-16 03:57:00,82.23472983698892
2025-03-16 03:58:00,82.24277517831713
2025-03-16 03:59:00,82.25082055614871
2025-03-16 04:00:00,82.25886597042498
2025-03-16 04:01:00,82.26691142112605
2025-03-16 04:02:00,82.27495691361482
2025-03-16 04:03:00,82.28300243695077
2025-03-16 04:04:00,82.29104799663244
2025-03-16 04:05:00,82.2990935924656
2025-03-16 04:06:00,82.30713922450775
2025-03-16 04:07:00,82.31518489262285
2025-03-16 04:08:00,82.32323059681033
2025-03-16 04:09:00,82.33127633699225
2025-03-16 04:10:00,82.33932211316798
2025-03-16 04:11:00,82.34736792522085
2025-03-16 04:12:00,82.3554137731891
2025-03-16 04:13:00,82.36345965693654
2025-03-16 04:14:00,82.37150558180696
2025-03-16 04:15:00,82.3795515370339
2025-03-16 04:16:00,82.38759752792234
2025-03-16 04:17:00,82.39564355439425
2025-03-16 04:18:00,82.40368961642976
2025-03-16 04:19:00,82.41173571400908
2025-03-16 04:20:00,82.4197818470154
2025-03-16 04:21:00,82.42782801546763
2025-03-16 04:22:00,82.43587421922962
2025-03-16 04:23:00,82.44392045832036
2025-03-16 04:24:00,82.4519667326424
2025-03-16 04:25:00,82.46001304763656
2025-03-16 04:26:00,82.46805939234245
2025-03-16 04:27:00,82.47610577216193
2025-03-16 04:28:00,82.48415218699772
2025-03-16 04:29:00,82.49219863688818
2025-03-16 04:30:00,82.50024512175523
2025-03-16 04:31:00,82.50829164150161
2025-03-16 04:32:00,82.51633819608806
2025-03-16 04:33:00,82.5243847854948
2025-03-16 04:34:00,82.53243140962442
2025-03-16 04:35:00,82.54047806853465
2025-03-16 04:36:00,82.54852476739516
2025-03-16 04:37:00,82.55657149553586
2025-03-16 04:38:00,82.5646182582039
2025-03-16 04:39:00,82.57266505534076
2025-03-16 04:40:00,82.58071188696542
2025-03-16 04:41:00,82.58875875296101
2025-03-16 04:42:00,82.59680565334662
2025-03-16 04:43:00,82.60485258800551
2025-03-16 04:44:00,82.61289955693726
2025-03-16 04:45:00,82.62094656004453
2025-03-16 04:46:00,82.62899359726876
2025-03-16 04:47:00,82.63704067405106
2025-03-16 04:48:00,82.64508777943055
2025-03-16 04:49:00,82.65313491880946
2025-03-16 04:50:00,82.66118209214866
2025-03-16 04:51:00,82.66922929940897
2025-03-16 04:52:00,82.67727654045439
2025-03-16 04:53:00,82.68532381532316
2025-03-16 04:54:00,82.69337112393744
2025-03-16 04:55:00,82.70141846619994
2025-03-16 04:56:00,82.70946584216834
2025-03-16 04:57:00,82.71751325168725
2025-03-16 04:58:00,82.7255606947563
2025-03-16 04:59:00,82.73360817671981
2025-03-16 05:00:00,82.7416556866941
2025-03-16 05:01:00,82.74970323006232
2025-03-16 05:02:00,82.75775080676591
2025-03-16 05:03:00,82.76579841676578
2025-03-16 05:04:00,82.77384606002268
2025-03-16 05:05:00,82.78189373638133
2025-03-16 05:06:00,82.78994144593815
2025-03-16 05:07:00,82.79798918855718
2025-03-16 05:08:00,82.80603696419925
2025-03-16 05:09:00,82.81408477282524
2025-03-16 05:10:00,82.82213261977965
2025-03-16 05:11:00,82.83018049421734
2025-03-16 05:12:00,82.8382284015022
2025-03-16 05:13:00,82.84627634153694
2025-03-16 05:14:00,82.85432431428254
2025-03-16 05:15:00,82.86237231971916
2025-03-16 05:16:00,82.87042035774955
2025-03-16 05:17:00,82.87846842839281
2025-03-16 05:18:00,82.88651653153224
2025-03-16 05:19:00,82.89456466716753
2025-03-16 05:20:00,82.90261283520141
2025-03-16 05:21:00,82.91066104097855
2025-03-16 05:22:00,82.91870927369234
2025-03-16 05:23:00,82.92675753866806
2025-03-16 05:24:00,82.9348058358666
2025-03-16 05:25:00,82.94285416522946
2025-03-16 05:26:00,82.95090252667883
2025-03-16 05:27:00,82.95895092021438
2025-03-16 05:28:00,82.96699934577761
2025-03-16 05:29:00,82.97504780327135
2025-03-16 05:30:00,82.98309629263701
2025-03-16 05:31:00,82.99114481387437
2025-03-16 05:32:00,82.99919337240577
2025-03-16 05:33:00,83.00724195719174
2025-03-16 05:34:00,83.0152905736934
2025-03-16 05:35:00,83.02333922189108
2025-03-16 05:36:00,83.03138790166813
2025-03-16 05:37:00,83.03943661298553
2025-03-16 05:38:00,83.04748535578476
2025-03-16 05:39:00,83.05553413004618
2025-03-16 05:40:00,83.0635829357114
2025-03-16 05:41:00,83.0716317727025
2025-03-16 05:42:00,83.07968064101924
2025-03-16 05:43:00,83.08772954052569
2025-03-16 05:44:00,83.09577847664418
2025-03-16 05:45:00,83.10382743852905
2025-03-16 05:46:00,83.11187643142831
2025-03-16 05:47:00,83.11992545541912
2025-03-16 05:48:00,83.12797451040433
2025-03-16 05:49:00,83.13602359626742
2025-03-16 05:50:00,83.14407271304678
2025-03-16 05:51:00,83.15212186068406
2025-03-16 05:52:00,83.16017103908202
2025-03-16 05:53:00,83.16822024818231
2025-03-16 05:54:00,83.17626948796521
2025-03-16 05:55:00,83.18431876377586
2025-03-16 05:56:00,83.19236806476823
2025-03-16 05:57:00,83.20041739628735
2025-03-16 05:58:00,83.20846675827485
2025-03-16 05:59:00,83.2165161506336
2025-03-16 06:00:00,83.22456557342137
2025-03-16 06:01:00,83.2326150265217
2025-03-16 06:02:00,83.24066450985683
2025-03-16 06:03:00,83.24871402338768
2025-03-16 06:04:00,83.2567635671334
2025-03-16 06:05:00,83.26481314095801
2025-03-16 06:06:00,83.27286275024568
2025-03-16 06:07:00,83.2809123841306
2025-03-16 06:08:00,83.28896204795811
2025-03-16 06:09:00,83.2970117416891
2025-03-16 06:10:00,83.30506146532348
2025-03-16 06:11:00,83.31311121872517
2025-03-16 06:12:00,83.32116100185527
2025-03-16 06:13:00,83.32921081471353
2025-03-16 06:14:00,83.33726065718344
2025-03-16 06:15:00,83.34531052928412
2025-03-16 06:16:00,83.35336043089906
2025-03-16 06:17:00,83.36141036741246
2025-03-16 06:18:00,83.36946032799713
2025-03-16 06:19:00,83.37751031792094
2025-03-16 06:20:00,83.38556033718373
2025-03-16 06:21:00,83.39361038574648
2025-03-16 06:22:00,83.40166046355081
2025-03-16 06:23:00,83.409710570519
2025-03-16 06:24:00,83.41776070659272
2025-03-16 06:25:00,83.4258108717911
2025-03-16 06:26:00,83.43386106603641
2025-03-16 06:27:00,83.44191128919276
2025-03-16 06:28:00,83.44996154127941
2025-03-16 06:29:00,83.45801182762237
2025-03-16 06:30:00,83.46606213741383
2025-03-16 06:31:00,83.47411247596042
2025-03-16 06:32:00,83.48216284322328
2025-03-16 06:33:00,83.49021323916345
2025-03-16 06:34:00,83.49826366368377
2025-03-16 06:35:00,83.50631411680351
2025-03-16 06:36:00,83.51436459840609
2025-03-16 06:37:00,83.52241510843324
2025-03-16 06:38:00,83.53046564690413
2025-03-16 06:39:00,83.53851621374108
2025-03-16 06:40:00,83.5465668142316
2025-03-16 06:41:00,83.55461743758693
2025-03-16 06:42:00,83.56266808917204
2025-03-16 06:43:00,83.57071876883177
2025-03-16 06:44:00,83.57876947664349
2025-03-16 06:45:00,83.58682021247131
2025-03-16 06:46:00,83.59487097629568
2025-03-16 06:47:00,83.60292176805834
2025-03-16 06:48:00,83.61097258768154
2025-03-16 06:49:00,83.61902343518447
2025-03-16 06:50:00,83.62707431037323
2025-03-16 06:51:00,83.63512521880679
2025-03-16 06:52:00,83.64317614946357
2025-03-16 06:53:00,83.65122710774753
2025-03-16 06:54:00,83.65927809360035
2025-03-16 06:55:00,83.66732910696373
2025-03-16 06:56:00,83.67538014779883
2025-03-16 06:57:00,83.68343121604724
2025-03-16 06:58:00,83.69148231170888
2025-03-16 06:59:00,83.69953343462856
2025-03-16 07:00:00,83.7075845848061
2025-03-16 07:01:00,83.7156357622026
2025-03-16 07:02:00,83.72368697218343
2025-03-16 07:03:00,83.73173820384302
2025-03-16 07:04:00,83.7397894625855
2025-03-16 07:05:00,83.74784074825573
2025-03-16 07:06:00,83.75589206091162
2025-03-16 07:07:00,83.76394340049495
2025-03-16 07:08:00,83.77199476690865
2025-03-16 07:09:00,83.78004616009451
2025-03-16 07:10:00,83.78809758005237
2025-03-16 07:11:00,83.7961490266464
2025-03-16 07:12:00,83.80420049991528
2025-03-16 07:13:00,83.81225199974263
2025-03-16 07:14:00,83.8203035315326
2025-03-16 07:15:00,83.82835508436018
2025-03-16 07:16:00,83.83640666361015
2025-03-16 07:17:00,83.84445826928241
2025-03-16 07:18:00,83.85250990126063
2025-03-16 07:19:00,83.86056155950583
2025-03-16 07:20:00,83.86861324395983
2025-03-16 07:21:00,83.8766649545449
2025-03-16 07:22:00,83.88471669126112
2025-03-16 07:23:00,83.89276845408885
2025-03-16 07:24:00,83.90082024291173
2025-03-16 07:25:00,83.90887206305662
2025-03-16 07:26:00,83.91692390369516
2025-03-16 07:27:00,83.92497577023164
2025-03-16 07:28:00,83.93302766254973
2025-03-16 07:29:00,83.94107958062996
2025-03-16 07:30:00,83.94913152437529
2025-03-16 07:31:00,83.95718349378565
2025-03-16 07:32:00,83.96523548876405
2025-03-16 07:33:00,83.97328750932978
2025-03-16 07:34:00,83.98133955532768
2025-03-16 07:35:00,83.98939162675775
2025-03-16 07:36:00,83.9974437290438
2025-03-16 07:37:00,84.00549585114405
2025-03-16 07:38:00,84.01354799857928
2025-03-16 07:39:00,84.02160017125256
2025-03-16 07:40:00,84.02965236910559
2025-03-16 07:41:00,84.03770459204146
2025-03-16 07:42:00,84.04575684007946
2025-03-16 07:43:00,84.05380911310317
2025-03-16 07:44:00,84.06186141107388
2025-03-16 07:45:00,84.06991373399146
2025-03-16 07:46:00,84.07796608175893
2025-03-16 07:47:00,84.08601845970338
2025-03-16 07:48:00,84.09407085703482
2025-03-16 07:49:00,84.10212327906099
2025-03-16 07:50:00,84.11017572572365
2025-03-16 07:51:00,84.11822819700333
2025-03-16 07:52:00,84.1262806928031
2025-03-16 07:53:00,84.13433321308416
2025-03-16 07:54:00,84.14238575782713
2025-03-16 07:55:00,84.15043832695437
2025-03-16 07:56:00,84.15849092044644
2025-03-16 07:57:00,84.16654353812889
2025-03-16 07:58:00,84.17459618009862
2025-03-16 07:59:00,84.18264885166342
2025-03-16 08:00:00,84.19070154191684
2025-03-16 08:01:00,84.19875425622477
2025-03-16 08:02:00,84.20680699460664
2025-03-16 08:03:00,84.21485975688799
2025-03-16 08:04:00,84.22291254314631
2025-03-16 08:05:00,84.23096535322642
2025-03-16 08:06:00,84.23901818712842
2025-03-16 08:07:00,84.24707104479408
2025-03-16 08:08:00,84.25512392612652
2025-03-16 08:09:00,84.26317683114502
2025-03-16 08:10:00,84.27122976513817
2025-03-16 08:11:00,84.27928271733505
2025-03-16 08:12:00,84.28733569294657
2025-03-16 08:13:00,84.29538869203103
2025-03-16 08:14:00,84.30344171447194
2025-03-16 08:15:00,84.31149476028881
2025-03-16 08:16:00,84.31954782936526
2025-03-16 08:17:00,84.32760092170135
2025-03-16 08:18:00,84.33565403718072
2025-03-16 08:19:00,84.34370717582281
2025-03-16 08:20:00,84.35176033747251
2025-03-16 08:21:00,84.3598135276317
2025-03-16 08:22:00,84.36786673525793
2025-03-16 08:23:00,84.37591996591121
2025-03-16 08:24:00,84.3839732193007
2025-03-16 08:25:00,84.39202649560102
2025-03-16 08:26:00,84.40007979459885
2025-03-16 08:27:00,84.408133116333
2025-03-16 08:28:00,84.4161864606872
2025-03-16 08:29:00,84.42423982766147
2025-03-16 08:30:00,84.43229321717828
2025-03-16 08:31:00,84.4403466292183
2025-03-16 08:32:00,84.4484000690315
2025-03-16 08:33:00,84.45645352586595
2025-03-16 08:34:00,84.46450700502987
2025-03-16 08:35:00,84.4725605064845
2025-03-16 08:36:00,84.48061403015225
2025-03-16 08:37:00,84.48866757603322
2025-03-16 08:38:00,84.4967211440112
2025-03-16 08:39:00,84.50477473404734
2025-03-16 08:40:00,84.51282834614177
2025-03-16 08:41:00,84.5208819801782
2025-03-16 08:42:00,84.52893563609848
2025-03-16 08:43:00,84.53698931394148
2025-03-16 08:44:00,84.54504301893793
2025-03-16 08:45:00,84.5530967402775
2025-03-16 08:46:00,84.5611504833655
2025-03-16 08:47:00,84.56920424810495
2025-03-16 08:48:00,84.57725803439905
2025-03-16 08:49:00,84.58531184228667
2025-03-16 08:50:00,84.59336567163203
2025-03-16 08:51:00,84.60141952239657
2025-03-16 08:52:00,84.6094733945996
2025-03-16 08:53:00,84.61752728808622
2025-03-16 08:54:00,84.62558120291457
2025-03-16 08:55:00,84.63363514427678
2025-03-16 08:56:00,84.6416891014981
2025-03-16 08:57:00,84.64974307977057
2025-03-16 08:58:00,84.65779707917186
2025-03-16 08:59:00,84.66585109958567
2025-03-16 09:00:00,84.67390514093461
2025-03-16 09:01:00,84.68195920317991
2025-03-16 09:02:00,84.69001328630232
2025-03-16 09:03:00,84.69806739022432
2025-03-16 09:04:00,84.70612151488791
2025-03-16 09:05:00,84.7141756602931
2025-03-16 09:06:00,84.72222983172908
2025-03-16 09:07:00,84.73028401828824
2025-03-16 09:08:00,84.7383382254536
2025-03-16 09:09:00,84.7463924531477
2025-03-16 09:10:00,84.75444670117679
2025-03-16 09:11:00,84.76250096963786
2025-03-16 09:12:00,84.77055525841467
2025-03-16 09:13:00,84.7786095675074
2025-03-16 09:14:00,84.78666389674162
2025-03-16 09:15:00,84.79471824623374
2025-03-16 09:16:00,84.8027726158094
2025-03-16 09:17:00,84.810827010816
2025-03-16 09:18:00,84.81888142044275
2025-03-16 09:19:00,84.8269358500952
2025-03-16 09:20:00,84.83499029957959
2025-03-16 09:21:00,84.84304476895417
2025-03-16 09:22:00,84.8510992580834
2025-03-16 09:23:00,84.85915376696734
2025-03-16 09:24:00,84.86720829560615
2025-03-16 09:25:00,84.87526284384482
2025-03-16 09:26:00,84.88331741168349
2025-03-16 09:27:00,84.89137199900594
2025-03-16 09:28:00,84.89942660585108
2025-03-16 09:29:00,84.90748123750824
2025-03-16 09:30:00,84.9155358831859
2025-03-16 09:31:00,84.92359054815398
2025-03-16 09:32:00,84.93164523239324
2025-03-16 09:33:00,84.93969993584562
2025-03-16 09:34:00,84.9477546584531
2025-03-16 09:35:00,84.95580940019646
2025-03-16 09:36:00,84.96386416097889
2025-03-16 09:37:00,84.97191894078111
2025-03-16 09:38:00,84.97997373954509
2025-03-16 09:39:00,84.98802855719346
2025-03-16 09:40:00,84.99608339905443
2025-03-16 09:41:00,85.00413825437509
2025-03-16 09:42:00,85.01219312838667
2025-03-16 09:43:00,85.02024802108929
2025-03-16 09:44:00,85.02830293244438
2025-03-16 09:45:00,85.03635786237456
2025-03-16 09:46:00,85.04441281080238
2025-03-16 09:47:00,85.05246777776678
2025-03-16 09:48:00,85.06052276311283
2025-03-16 09:49:00,85.06857776680192
2025-03-16 09:50:00,85.07663278885356
2025-03-16 09:51:00,85.08468783455736
2025-03-16 09:52:00,85.09274289306323
2025-03-16 09:53:00,85.10079796973821
2025-03-16 09:54:00,85.10885306452445
2025-03-16 09:55:00,85.11690817730572
2025-03-16 09:56:00,85.12496330815966
2025-03-16 09:57:00,85.13301845691205
2025-03-16 09:58:00,85.14107362356307
2025-03-16 09:59:00,85.14912880805468
2025-03-16 10:00:00,85.15718401034825
2025-03-16 10:01:00,85.16523923034707
2025-03-16 10:02:00,85.17329447345715
2025-03-16 10:03:00,85.18134972876999
2025-03-16 10:04:00,85.1894050016336
2025-03-16 10:05:00,85.197460292048
2025-03-16 10:06:00,85.20551559993591
2025-03-16 10:07:00,85.2135709252781
2025-03-16 10:08:00,85.22162626790025
2025-03-16 10:09:00,85.22968162786074
2025-03-16 10:10:00,85.23773700506281
2025-03-16 10:11:00,85.24579239950666
2025-03-16 10:12:00,85.25384781105669
2025-03-16 10:13:00,85.261903239752
2025-03-16 10:14:00,85.26995869082405
2025-03-16 10:15:00,85.27801415351955
2025-03-16 10:16:00,85.28606963316696
2025-03-16 10:17:00,85.29412512966952
2025-03-16 10:18:00,85.30218064302748
2025-03-16 10:19:00,85.3102361731441
2025-03-16 10:20:00,85.31829171998078
2025-03-16 10:21:00,85.32634728349899
2025-03-16 10:22:00,85.33440286366009
2025-03-16 10:23:00,85.34245846036744
2025-03-16 10:24:00,85.35051407354364
2025-03-16 10:25:00,85.358569708653
2025-03-16 10:26:00,85.36662535474818
2025-03-16 10:27:00,85.37468101713834
2025-03-16 10:28:00,85.38273669590127
2025-03-16 10:29:00,85.39079239084333
2025-03-16 10:30:00,85.39884810200351
2025-03-16 10:31:00,85.4069038293432
2025-03-16 10:32:00,85.41495957270755
2025-03-16 10:33:00,85.42301533217434
2025-03-16 10:34:00,85.43107110754997
2025-03-16 10:35:00,85.43912689889274
2025-03-16 10:36:00,85.44718271149263
2025-03-16 10:37:00,85.4552385345184
2025-03-16 10:38:00,85.46329437333753
2025-03-16 10:39:00,85.47135022787272
2025-03-16 10:40:00,85.47940609804662
2025-03-16 10:41:00,85.48746198382071
2025-03-16 10:42:00,85.49551788515646
2025-03-16 10:43:00,85.50357380199591
2025-03-16 10:44:00,85.51162973430056
2025-03-16 10:45:00,85.51968568197364
2025-03-16 10:46:00,85.52774164501547
2025-03-16 10:47:00,85.53579762875486
2025-03-16 10:48:00,85.54385362230221
2025-03-16 10:49:00,85.55190963102513
2025-03-16 10:50:00,85.55996565490447
2025-03-16 10:51:00,85.56802169384356
2025-03-16 10:52:00,85.57607774784265
2025-03-16 10:53:00,85.58413381678564
2025-03-16 10:54:00,85.59218990063401
2025-03-16 10:55:00,85.60024599936864
2025-03-16 10:56:00,85.60830211287343
2025-03-16 10:57:00,85.61635824118744
2025-03-16 10:58:00,85.624414384214
2025-03-16 10:59:00,85.63247054726263
2025-03-16 11:00:00,85.6405267195405
2025-03-16 11:01:00,85.64858290631844
2025-03-16 11:02:00,85.6566391075967
2025-03-16 11:03:00,85.6646953233173
2025-03-16 11:04:00,85.67275155344184
2025-03-16 11:05:00,85.68080779789301
2025-03-16 11:06:00,85.68886405661286
2025-03-16 11:07:00,85.6969203295823
2025-03-16 11:08:00,85.7049766167047
2025-03-16 11:09:00,85.7130329179609
2025-03-16 11:10:00,85.72108923866048
2025-03-16 11:11:00,85.7291455679913
2025-03-16 11:12:00,85.73720191128221
2025-03-16 11:13:00,85.74525826849477
2025-03-16 11:14:00,85.75331463957112
2025-03-16 11:15:00,85.76137102441453
2025-03-16 11:16:00,85.76942742300596
2025-03-16 11:17:00,85.77748383532628
2025-03-16 11:18:00,85.78554026122069
2025-03-16 11:19:00,85.79359670078638
2025-03-16 11:20:00,85.80165315384916
2025-03-16 11:21:00,85.80970962581573
2025-03-16 11:22:00,85.81776610577666
2025-03-16 11:23:00,85.82582259913859
2025-03-16 11:24:00,85.8338791058049
2025-03-16 11:25:00,85.8419356257759
2025-03-16 11:26:00,85.84999215893554
2025-03-16 11:27:00,85.8580487052647
2025-03-16 11:28:00,85.86610526468618
2025-03-16 11:29:00,85.87416183720025
2025-03-16 11:30:00,85.88221842269088
2025-03-16 11:31:00,85.8902750211002
2025-03-16 11:32:00,85.89833163787375
2025-03-16 11:33:00,85.90638826208264
2025-03-16 11:34:00,85.91444489905604
2025-03-16 11:35:00,85.92250154875548
2025-03-16 11:36:00,85.93055821120066
2025-03-16 11:37:00,85.93861488621738
2025-03-16 11:38:00,85.94667157384475
2025-03-16 11:39:00,85.95472827398618
2025-03-16 11:40:00,85.96278498660311
2025-03-16 11:41:00,85.97084171161838
2025-03-16 11:42:00,85.97889844903229
2025-03-16 11:43:00,85.98695519872882
2025-03-16 11:44:00,85.995011966076
2025-03-16 11:45:00,86.00306874028055
2025-03-16 11:46:00,86.01112552663302
2025-03-16 11:47:00,86.0191823250561
2025-03-16 11:48:00,86.02723913553073
2025-03-16 11:49:00,86.03529595799912
2025-03-16 11:50:00,86.0433527924034
2025-03-16 11:51:00,86.05140963872452
2025-03-16 11:52:00,86.05946649686587
2025-03-16 11:53:00,86.06752336676956
2025-03-16 11:54:00,86.07558024841664
2025-03-16 11:55:00,86.08363714717518
2025-03-16 11:56:00,86.09169405207727
2025-03-16 11:57:00,86.09975096858795
2025-03-16 11:58:00,86.10780789663008
2025-03-16 11:59:00,86.11586483610698
2025-03-16 12:00:00,86.12392178699965
2025-03-16 12:01:00,86.13197874925024
2025-03-16 12:02:00,86.14003572282033
2025-03-16 12:03:00,86.1480927076327
2025-03-16 12:04:00,86.15614970361017
2025-03-16 12:05:00,86.16420671077239
2025-03-16 12:06:00,86.17226373439075
2025-03-16 12:07:00,86.18032076367162
2025-03-16 12:08:00,86.18837780392512
2025-03-16 12:09:00,86.19643485509334
2025-03-16 12:10:00,86.20449191715734
2025-03-16 12:11:00,86.21254899007863
2025-03-16 12:12:00,86.22060607372188
2025-03-16 12:13:00,86.22866316810679
2025-03-16 12:14:00,86.23672027317564
2025-03-16 12:15:00,86.24477738883174
2025-03-16 12:16:00,86.25283451499794
2025-03-16 12:17:00,86.26089165717835
2025-03-16 12:18:00,86.2689488043271
2025-03-16 12:19:00,86.27700596190948
2025-03-16 12:20:00,86.28506312984835
2025-03-16 12:21:00,86.29312030806646
2025-03-16 12:22:00,86.30117749652547
2025-03-16 12:23:00,86.30923469514808
2025-03-16 12:24:00,86.31729190393474
2025-03-16 12:25:00,86.32534912276954
2025-03-16 12:26:00,86.33340635165273
2025-03-16 12:27:00,86.34146359056538
2025-03-16 12:28:00,86.34952083933337
2025-03-16 12:29:00,86.35757810336376
2025-03-16 12:30:00,86.36563537182413
2025-03-16 12:31:00,86.37369265006336
2025-03-16 12:32:00,86.38174993798494
2025-03-16 12:33:00,86.3898072355698
2025-03-16 12:34:00,86.39786454279901
2025-03-16 12:35:00,86.40592185951782
2025-03-16 12:36:00,86.41397918578475
2025-03-16 12:37:00,86.42203652146446
2025-03-16 12:38:00,86.43009386653802
2025-03-16 12:39:00,86.43815122094759
2025-03-16 12:40:00,86.44620859008101
2025-03-16 12:41:00,86.4542659629699
2025-03-16 12:42:00,86.46232334507965
2025-03-16 12:43:00,86.47038073633314
2025-03-16 12:44:00,86.47843813661434
2025-03-16 12:45:00,86.48649554596253
2025-03-16 12:46:00,86.49455296424227
2025-03-16 12:47:00,86.5026103914541
2025-03-16 12:48:00,86.51066782752073
2025-03-16 12:49:00,86.51872527238444
2025-03-16 12:50:00,86.5267827260457
2025-03-16 12:51:00,86.53484019371783
2025-03-16 12:52:00,86.54289766470377
2025-03-16 12:53:00,86.55095514429455
2025-03-16 12:54:00,86.55901263237419
2025-03-16 12:55:00,86.56707012898194
2025-03-16 12:56:00,86.57512763400182
2025-03-16 12:57:00,86.58318514741484
2025-03-16 12:58:00,86.59124266916331
2025-03-16 12:59:00,86.59930019918941
2025-03-16 13:00:00,86.60735773745482
2025-03-16 13:01:00,86.61541528386299
2025-03-16 13:02:00,86.6234728437825
2025-03-16 13:03:00,86.63153040636111
2025-03-16 13:04:00,86.63958797698676
2025-03-16 13:05:00,86.64764555558234
2025-03-16 13:06:00,86.65570314201256
2025-03-16 13:07:00,86.66376073633596
2025-03-16 13:08:00,86.67181833845605
2025-03-16 13:09:00,86.67987594835394
2025-03-16 13:10:00,86.68793356587481
2025-03-16 13:11:00,86.69599119109671
2025-03-16 13:12:00,86.7040488238843
2025-03-16 13:13:00,86.7121064642187
2025-03-16 13:14:00,86.72016411739096
2025-03-16 13:15:00,86.72822177266505
2025-03-16 13:16:00,86.73627943521574
2025-03-16 13:17:00,86.7443371051598
2025-03-16 13:18:00,86.75239478238134
2025-03-16 13:19:00,86.76045246678387
2025-03-16 13:20:00,86.76851015836773
2025-03-16 13:21:00,86.77656785703651
2025-03-16 13:22:00,86.78462556279061
2025-03-16 13:23:00,86.79268327551415
2025-03-16 13:24:00,86.80074099524636
2025-03-16 13:25:00,86.80879872723962
2025-03-16 13:26:00,86.81685646069961
2025-03-16 13:27:00,86.82491420089812
2025-03-16 13:28:00,86.83297194791317
2025-03-16 13:29:00,86.84102970157065
2025-03-16 13:30:00,86.84908746187112
2025-03-16 13:31:00,86.85714522875675
2025-03-16 13:32:00,86.86520300216989
2025-03-16 13:33:00,86.87326078205278
2025-03-16 13:34:00,86.88131856834772
2025-03-16 13:35:00,86.88937636105517
2025-03-16 13:36:00,86.89743416542761
2025-03-16 13:37:00,86.90549197068997
2025-03-16 13:38:00,86.91354978215296
2025-03-16 13:39:00,86.92160759973935
2025-03-16 13:40:00,86.9296654234885
2025-03-16 13:41:00,86.93772325328452
2025-03-16 13:42:00,86.94578108903089
2025-03-16 13:43:00,86.95383893072805
2025-03-16 13:44:00,86.96189677839592
2025-03-16 13:45:00,86.96995463182161
2025-03-16 13:46:00,86.97801249108319
2025-03-16 13:47:00,86.98607036145255
2025-03-16 13:48:00,86.99412823211584
2025-03-16 13:49:00,87.0021861084031
2025-03-16 13:50:00,87.01024399027604
2025-03-16 13:51:00,87.01830187765758
2025-03-16 13:52:00,87.0263597705288
2025-03-16 13:53:00,87.0344176688126
2025-03-16 13:54:00,87.04247557243188
2025-03-16 13:55:00,87.05053348140656
2025-03-16 13:56:00,87.05859139560134
2025-03-16 13:57:00,87.06664931499732
2025-03-16 13:58:00,87.0747072395756
2025-03-16 13:59:00,87.08276517466635
2025-03-16 14:00:00,87.09082310937798
2025-03-16 14:01:00,87.09888104909882
2025-03-16 14:02:00,87.10693899377122
2025-03-16 14:03:00,87.11499694331805
2025-03-16 14:04:00,87.12305489768171
2025-03-16 14:05:00,87.13111285682376
2025-03-16 14:06:00,87.13917082074485
2025-03-16 14:07:00,87.14722878934842
2025-03-16 14:08:00,87.15528676251867
2025-03-16 14:09:00,87.16334474029478
2025-03-16 14:10:00,87.1714027279683
2025-03-16 14:11:00,87.17946071474451
2025-03-16 14:12:00,87.1875187059148
2025-03-16 14:13:00,87.19557670146031
2025-03-16 14:14:00,87.20363470132338
2025-03-16 14:15:00,87.21169270540749
2025-03-16 14:16:00,87.2197507137132
2025-03-16 14:17:00,87.22780872616342
2025-03-16 14:18:00,87.23586674273926
2025-03-16 14:19:00,87.24392476332494
2025-03-16 14:20:00,87.25198278794026
2025-03-16 14:21:00,87.26004082183798
2025-03-16 14:22:00,87.26809885428149
2025-03-16 14:23:00,87.2761568905235
2025-03-16 14:24:00,87.28421493058391
2025-03-16 14:25:00,87.2922729743275
2025-03-16 14:26:00,87.3003310217548
2025-03-16 14:27:00,87.30838907284686
2025-03-16 14:28:00,87.31644712746846
2025-03-16 14:29:00,87.32450518563964
2025-03-16 14:30:00,87.3325632472444
2025-03-16 14:31:00,87.34062131226393
2025-03-16 14:32:00,87.3486793860674
2025-03-16 14:33:00,87.3567374577823
2025-03-16 14:34:00,87.364795532739
2025-03-16 14:35:00,87.37285361091863
2025-03-16 14:36:00,87.38091169220536
2025-03-16 14:37:00,87.38896977659968
2025-03-16 14:38:00,87.39702786408277
2025-03-16 14:39:00,87.40508595453883
2025-03-16 14:40:00,87.4131440479101
2025-03-16 14:41:00,87.4212021441584
2025-03-16 14:42:00,87.42926024330364
2025-03-16 14:43:00,87.43731834517185
2025-03-16 14:44:00,87.4453764552291
2025-03-16 14:45:00,87.4534345624866
2025-03-16 14:46:00,87.46149267241042
2025-03-16 14:47:00,87.46955078488472
2025-03-16 14:48:00,87.47760889991015
2025-03-16 14:49:00,87.4856670173902
2025-03-16 14:50:00,87.49372513728665
2025-03-16 14:51:00,87.50178325954184
2025-03-16 14:52:00,87.50984138405931
2025-03-16 14:53:00,87.51789951089789
2025-03-16 14:54:00,87.52595763994164
2025-03-16 14:55:00,87.53401577648229
2025-03-16 14:56:00,87.54207390978304
2025-03-16 14:57:00,87.55013204509667
2025-03-16 14:58:00,87.55819018236558
2025-03-16 14:59:00,87.56624832164853
2025-03-16 15:00:00,87.57430646281028
2025-03-16 15:01:00,87.58236460577382
2025-03-16 15:02:00,87.59042275052028
2025-03-16 15:03:00,87.59848089703084
2025-03-16 15:04:00,87.60653904518972
2025-03-16 15:05:00,87.61459719499742
2025-03-16 15:06:00,87.62265535176508
2025-03-16 15:07:00,87.63071350467816
2025-03-16 15:08:00,87.6387716590091
2025-03-16 15:09:00,87.6468298148165
2025-03-16 15:10:00,87.65488797196524
2025-03-16 15:11:00,87.66294613043647
2025-03-16 15:12:00,87.67100429015316
2025-03-16 15:13:00,87.6790624510577
2025-03-16 15:14:00,87.68712061317004
2025-03-16 15:15:00,87.69517877631625
2025-03-16 15:16:00,87.70323694057436
2025-03-16 15:17:00,87.71129511119746
2025-03-16 15:18:00,87.71935327739031
2025-03-16 15:19:00,87.7274114444447
2025-03-16 15:20:00,87.73546961234177
2025-03-16 15:21:00,87.74352778104335
2025-03-16 15:22:00,87.7515859504918
2025-03-16 15:23:00,87.75964412059074
2025-03-16 15:24:00,87.76770229136014
2025-03-16 15:25:00,87.77576046272294
2025-03-16 15:26:00,87.78381863456339
2025-03-16 15:27:00,87.79187680690144
2025-03-16 15:28:00,87.79993497962137
2025-03-16 15:29:00,87.80799315818943
2025-03-16 15:30:00,87.8160513315971
2025-03-16 15:31:00,87.82410950531077
2025-03-16 15:32:00,87.83216767925339
2025-03-16 15:33:00,87.84022585334802
2025-03-16 15:34:00,87.8482840275176
2025-03-16 15:35:00,87.85634220176273
2025-03-16 15:36:00,87.86440037600643
2025-03-16 15:37:00,87.87245855022992
2025-03-16 15:38:00,87.88051672431733
2025-03-16 15:39:00,87.88857489826934
2025-03-16 15:40:00,87.89663307739713
2025-03-16 15:41:00,87.90469125090544
2025-03-16 15:42:00,87.91274942412491
2025-03-16 15:43:00,87.92080759693975
2025-03-16 15:44:00,87.92886576933113
2025-03-16 15:45:00,87.93692394128031
2025-03-16 15:46:00,87.9449821126909
2025-03-16 15:47:00,87.95304028354404
2025-03-16 15:48:00,87.96109845378211
2025-03-16 15:49:00,87.96915662334766
2025-03-16 15:50:00,87.9772147921636
2025-03-16 15:51:00,87.98527296565766
2025-03-16 15:52:00,87.99333113287926
2025-03-16 15:53:00,88.00138929919787
2025-03-16 15:54:00,88.00944746461413
2025-03-16 15:55:00,88.01750562903166
2025-03-16 15:56:00,88.02556379241231
2025-03-16 15:57:00,88.0336219546984
2025-03-16 15:58:00,88.04168011587119
2025-03-16 15:59:00,88.04973827583436
2025-03-16 16:00:00,88.05779643451082
2025-03-16 16:01:00,88.06585459194004
2025-03-16 16:02:00,88.07391275339457
2025-03-16 16:03:00,88.08197090804015
2025-03-16 16:04:00,88.09002906122696
2025-03-16 16:05:00,88.09808721291682
2025-03-16 16:06:00,88.10614536307152
2025-03-16 16:07:00,88.11420351161406
2025-03-16 16:08:00,88.12226165846754
2025-03-16 16:09:00,88.13031980361315
2025-03-16 16:10:00,88.13837794699326
2025-03-16 16:11:00,88.14643608855036
2025-03-16 16:12:00,88.15449422820748
2025-03-16 16:13:00,88.16255236600402
2025-03-16 16:14:00,88.17061050721252
2025-03-16 16:15:00,88.17866864096001
2025-03-16 16:16:00,88.18672677265478
2025-03-16 16:17:00,88.19478490221988
2025-03-16 16:18:00,88.20284302959774
2025-03-16 16:19:00,88.21090115471144
2025-03-16 16:20:00,88.21895927760032
2025-03-16 16:21:00,88.2270173980905
2025-03-16 16:22:00,88.2350755162408
2025-03-16 16:23:00,88.24313363193538
2025-03-16 16:24:00,88.25119174515552
2025-03-16 16:25:00,88.25924986117387
2025-03-16 16:26:00,88.2673079692143
2025-03-16 16:27:00,88.27536607462699
2025-03-16 16:28:00,88.28342417733501
2025-03-16 16:29:00,88.29148227728075
2025-03-16 16:30:00,88.29954037440669
2025-03-16 16:31:00,88.30759846869405
2025-03-16 16:32:00,88.31565656012408
2025-03-16 16:33:00,88.32371464854224
2025-03-16 16:34:00,88.33177273396856
2025-03-16 16:35:00,88.3398308162873
2025-03-16 16:36:00,88.34788890092624
2025-03-16 16:37:00,88.35594697699291
2025-03-16 16:38:00,88.36400504983749
2025-03-16 16:39:00,88.37206311944122
2025-03-16 16:40:00,88.38012118566903
2025-03-16 16:41:00,88.38817924856028
2025-03-16 16:42:00,88.39623730803802
2025-03-16 16:43:00,88.40429536402537
2025-03-16 16:44:00,88.41235341648412
2025-03-16 16:45:00,88.42041146533737
2025-03-16 16:46:00,88.4284695105857
2025-03-16 16:47:00,88.43652755756007
2025-03-16 16:48:00,88.44458559538718
2025-03-16 16:49:00,88.45264362945618
2025-03-16 16:50:00,88.46070165963195
2025-03-16 16:51:00,88.46875968595386
2025-03-16 16:52:00,88.4768177083256
2025-03-16 16:53:00,88.48487572668965
2025-03-16 16:54:00,88.49293374100785
2025-03-16 16:55:00,88.50099175126142
2025-03-16 16:56:00,88.50904975735409
2025-03-16 16:57:00,88.5171077592283
2025-03-16 16:58:00,88.52516575688466
2025-03-16 16:59:00,88.53322375561537
2025-03-16 17:00:00,88.54128174460527
2025-03-16 17:01:00,88.54933972922416
2025-03-16 17:02:00,88.55739770933683
2025-03-16 17:03:00,88.56545568492461
2025-03-16 17:04:00,88.57351365598812
2025-03-16 17:05:00,88.58157162246988
2025-03-16 17:06:00,88.5896295842153
2025-03-16 17:07:00,88.59768754130265
2025-03-16 17:08:00,88.6057454935968
2025-03-16 17:09:00,88.61380344109847
2025-03-16 17:10:00,88.62186138911915
2025-03-16 17:11:00,88.62991932682432
2025-03-16 17:12:00,88.6379772595256
2025-03-16 17:13:00,88.64603518724302
2025-03-16 17:14:00,88.65409310989963
2025-03-16 17:15:00,88.66215102741856
2025-03-16 17:16:00,88.67020893972284
2025-03-16 17:17:00,88.67826684683253
2025-03-16 17:18:00,88.68632474867073
2025-03-16 17:19:00,88.6943826451605
2025-03-16 17:20:00,88.70244053628312
2025-03-16 17:21:00,88.71049842736956
2025-03-16 17:22:00,88.7185563075659
2025-03-16 17:23:00,88.7266141822031
2025-03-16 17:24:00,88.73467205130126
2025-03-16 17:25:00,88.74272991474464
2025-03-16 17:26:00,88.75078777249509
2025-03-16 17:27:00,88.75884562449512
2025-03-16 17:28:00,88.766903470726
2025-03-16 17:29:00,88.77496131109146
2025-03-16 17:30:00,88.78301914559209
2025-03-16 17:31:00,88.79107697413161
2025-03-16 17:32:00,88.79913480206054
2025-03-16 17:33:00,88.80719261854408
2025-03-16 17:34:00,88.81525042893277
2025-03-16 17:35:00,88.82330823316912
2025-03-16 17:36:00,88.83136603121497
2025-03-16 17:37:00,88.83942382301277
2025-03-16 17:38:00,88.8474816084663
2025-03-16 17:39:00,88.85553938761495
2025-03-16 17:40:00,88.86359716036242
2025-03-16 17:41:00,88.87165492661244
2025-03-16 17:42:00,88.87971268638508
2025-03-16 17:43:00,88.88777043956465
2025-03-16 17:44:00,88.89582819155974
2025-03-16 17:45:00,88.90388593147757
2025-03-16 17:46:00,88.91194366472676
2025-03-16 17:47:00,88.9200013911722
2025-03-16 17:48:00,88.928059110834
2025-03-16 17:49:00,88.93611682359642
2025-03-16 17:50:00,88.94417452946021
2025-03-16 17:51:00,88.95223222836783
2025-03-16 17:52:00,88.96028992024232
2025-03-16 17:53:00,88.96834760504565
2025-03-16 17:54:00,88.97640528273969
2025-03-16 17:55:00,88.9844629586749
2025-03-16 17:56:00,88.99252062193901
2025-03-16 17:57:00,89.00057827796013
2025-03-16 17:58:00,89.00863592668071
2025-03-16 17:59:00,89.01669356802388
2025-03-16 18:00:00,89.02475120187394
2025-03-16 18:01:00,89.03280882830917
2025-03-16 18:02:00,89.04086644721384
2025-03-16 18:03:00,89.04892405854993
2025-03-16 18:04:00,89.05698166220171
2025-03-16 18:05:00,89.06503925822803
2025-03-16 18:06:00,89.07309685188241
2025-03-16 18:07:00,89.08115443240777
2025-03-16 18:08:00,89.08921200507702
2025-03-16 18:09:00,89.09726956987141
2025-03-16 18:10:00,89.10532712671416
2025-03-16 18:11:00,89.113384675567
2025-03-16 18:12:00,89.12144221643078
2025-03-16 18:13:00,89.12949974915094
2025-03-16 18:14:00,89.13755727378641
2025-03-16 18:15:00,89.14561479022147
2025-03-16 18:16:00,89.1536722983792
2025-03-16 18:17:00,89.16172980366841
2025-03-16 18:18:00,89.1697872952543
2025-03-16 18:19:00,89.17784477839047
2025-03-16 18:20:00,89.1859022531357
2025-03-16 18:21:00,89.19395971933564
2025-03-16 18:22:00,89.20201717706844
2025-03-16 18:23:00,89.21007462616038
2025-03-16 18:24:00,89.21813206663144
2025-03-16 18:25:00,89.22618949840484
2025-03-16 18:26:00,89.23424692138421
2025-03-16 18:27:00,89.24230433562845
2025-03-16 18:28:00,89.25036174104137
2025-03-16 18:29:00,89.2584191428958
2025-03-16 18:30:00,89.26647653043464
2025-03-16 18:31:00,89.27453390900845
2025-03-16 18:32:00,89.28259127848214
2025-03-16 18:33:00,89.29064863887582
2025-03-16 18:34:00,89.29870599011257
2025-03-16 18:35:00,89.30676333219314
2025-03-16 18:36:00,89.31482066498246
2025-03-16 18:37:00,89.32287798848118
2025-03-16 18:38:00,89.33093530265131
2025-03-16 18:39:00,89.33899260737712
2025-03-16 18:40:00,89.34704990810614
2025-03-16 18:41:00,89.35510719388729
2025-03-16 18:42:00,89.36316447012922
2025-03-16 18:43:00,89.3712217367745
2025-03-16 18:44:00,89.37927899376567
2025-03-16 18:45:00,89.38733624104526
2025-03-16 18:46:00,89.39539347861394
2025-03-16 18:47:00,89.40345070633664
2025-03-16 18:48:00,89.41150792421408
2025-03-16 18:49:00,89.41956513218888
2025-03-16 18:50:00,89.42762233020342
2025-03-16 18:51:00,89.43567952360836
2025-03-16 18:52:00,89.44373670154948
2025-03-16 18:53:00,89.45179386945499
2025-03-16 18:54:00,89.45985102713159
2025-03-16 18:55:00,89.46790817463823
2025-03-16 18:56:00,89.47596531187857
2025-03-16 18:57:00,89.48402243879517
2025-03-16 18:58:00,89.49207955535002
2025-03-16 18:59:00,89.50013666154376
2025-03-16 19:00:00,89.50819375726078
2025-03-16 19:01:00,89.51625084246295
2025-03-16 19:02:00,89.52430792250094
2025-03-16 19:03:00,89.53236498655926
2025-03-16 19:04:00,89.54042203991094
2025-03-16 19:05:00,89.54847908263433
2025-03-16 19:06:00,89.55653611457495
2025-03-16 19:07:00,89.5645931356559
2025-03-16 19:08:00,89.57265014591673
2025-03-16 19:09:00,89.58070714526119
2025-03-16 19:10:00,89.58876413367057
2025-03-16 19:11:00,89.59682111102926
2025-03-16 19:12:00,89.60487807737674
2025-03-16 19:13:00,89.61293503259735
2025-03-16 19:14:00,89.62099198206114
2025-03-16 19:15:00,89.62904891489444
2025-03-16 19:16:00,89.63710583652548
2025-03-16 19:17:00,89.64516274678039
2025-03-16 19:18:00,89.65321964571814
2025-03-16 19:19:00,89.66127653324237
2025-03-16 19:20:00,89.66933340929577
2025-03-16 19:21:00,89.67739027389831
2025-03-16 19:22:00,89.68544712689562
2025-03-16 19:23:00,89.69350396828843
2025-03-16 19:24:00,89.70156079799987
2025-03-16 19:25:00,89.70961762147752
2025-03-16 19:26:00,89.71767442773144
2025-03-16 19:27:00,89.72573122220915
2025-03-16 19:28:00,89.73378800483383
2025-03-16 19:29:00,89.74184477554805
2025-03-16 19:30:00,89.74990153429432
2025-03-16 19:31:00,89.757958281054
2025-03-16 19:32:00,89.76601501575018
2025-03-16 19:33:00,89.77407173834486
2025-03-16 19:34:00,89.78212844876114
2025-03-16 19:35:00,89.79018514703856
2025-03-16 19:36:00,89.79824183839202
2025-03-16 19:37:00,89.80629851206416
2025-03-16 19:38:00,89.81435517340574
2025-03-16 19:39:00,89.82241182228161
2025-03-16 19:40:00,89.83046845877018
2025-03-16 19:41:00,89.83852508273633
2025-03-16 19:42:00,89.84658169416142
2025-03-16 19:43:00,89.85463829294922
2025-03-16 19:44:00,89.86269487911989
2025-03-16 19:45:00,89.87075145259652
2025-03-16 19:46:00,89.87880801330225
2025-03-16 19:47:00,89.886864566646
2025-03-16 19:48:00,89.89492110169586
2025-03-16 19:49:00,89.90297762384125
2025-03-16 19:50:00,89.9110341330636
2025-03-16 19:51:00,89.91909062930542
2025-03-16 19:52:00,89.92714711245101
2025-03-16 19:53:00,89.93520358253998
2025-03-16 19:54:00,89.94326003947603
2025-03-16 19:55:00,89.95131648320175
2025-03-16 19:56:00,89.95937291365968
2025-03-16 19:57:00,89.96742933088935
2025-03-16 19:58:00,89.97548573473628
2025-03-16 19:59:00,89.9835421306288
2025-03-16 20:00:00,89.99159850761558
2025-03-16 20:01:00,89.99965487114436
2025-03-16 20:02:00,90.00771122111878
2025-03-16 20:03:00,90.0157675575591
2025-03-16 20:04:00,90.02382388034957
2025-03-16 20:05:00,90.03188018939402
2025-03-16 20:06:00,90.03993648469314
2025-03-16 20:07:00,90.04799276624772
2025-03-16 20:08:00,90.05604903396154
2025-03-16 20:09:00,90.06410528777707
2025-03-16 20:10:00,90.0721615330644
2025-03-16 20:11:00,90.08021775896935
2025-03-16 20:12:00,90.08827397086189
2025-03-16 20:13:00,90.09633016864578
2025-03-16 20:14:00,90.10438635228302
2025-03-16 20:15:00,90.11244252177434
2025-03-16 20:16:00,90.12049867700408
2025-03-16 20:17:00,90.12855481799238
2025-03-16 20:18:00,90.13661094460424
2025-03-16 20:19:00,90.14466705689861
2025-03-16 20:20:00,90.152723154721
2025-03-16 20:21:00,90.16077924348032
2025-03-16 20:22:00,90.16883531232232
2025-03-16 20:23:00,90.17689136659763
2025-03-16 20:24:00,90.18494740621003
2025-03-16 20:25:00,90.19300343119905
2025-03-16 20:26:00,90.20105944144906
2025-03-16 20:27:00,90.20911543692203
2025-03-16 20:28:00,90.21717141757989
2025-03-16 20:29:00,90.2252273833846
2025-03-16 20:30:00,90.23328333425937
2025-03-16 20:31:00,90.2413392701661
2025-03-16 20:32:00,90.24939519649425
2025-03-16 20:33:00,90.25745110229268
2025-03-16 20:34:00,90.26550699302828
2025-03-16 20:35:00,90.27356286860496
2025-03-16 20:36:00,90.28161872894576
2025-03-16 20:37:00,90.28967457405155
2025-03-16 20:38:00,90.2977304038454
2025-03-16 20:39:00,90.30578621828933
2025-03-16 20:40:00,90.31384201730651
2025-03-16 20:41:00,90.3218978008976
2025-03-16 20:42:00,90.32995356896652
2025-03-16 20:43:00,90.33800932149444
2025-03-16 20:44:00,90.34606506383217
2025-03-16 20:45:00,90.35412078512545
2025-03-16 20:46:00,90.3621764906667
2025-03-16 20:47:00,90.37023218051492
2025-03-16 20:48:00,90.37828785455446
2025-03-16 20:49:00,90.38634351276664
2025-03-16 20:50:00,90.3943991550553
2025-03-16 20:51:00,90.40245478144051
2025-03-16 20:52:00,90.41051039180672
2025-03-16 20:53:00,90.41856598613529
2025-03-16 20:54:00,90.42662156436873
2025-03-16 20:55:00,90.4346771319159
2025-03-16 20:56:00,90.44273267784504
2025-03-16 20:57:00,90.45078820756494
2025-03-16 20:58:00,90.45884372097937
2025-03-16 20:59:00,90.46689921808915
2025-03-16 21:00:00,90.47495469879799
2025-03-16 21:01:00,90.48301016312611
2025-03-16 21:02:00,90.49106561095782
2025-03-16 21:03:00,90.49912104221632
2025-03-16 21:04:00,90.50717645696055
2025-03-16 21:05:00,90.5152318550749
2025-03-16 21:06:00,90.52328724192941
2025-03-16 21:07:00,90.53134260666987
2025-03-16 21:08:00,90.53939795458876
2025-03-16 21:09:00,90.54745328574501
2025-03-16 21:10:00,90.55550860008121
2025-03-16 21:11:00,90.56356389744292
2025-03-16 21:12:00,90.57161917785031
2025-03-16 21:13:00,90.57967444130415
2025-03-16 21:14:00,90.58772968765001
2025-03-16 21:15:00,90.59578491688862
2025-03-16 21:16:00,90.60384012902078
2025-03-16 21:17:00,90.61189532935835
2025-03-16 21:18:00,90.61995050704714
2025-03-16 21:19:00,90.62800566739897
2025-03-16 21:20:00,90.636060810434
2025-03-16 21:21:00,90.64411593607548
2025-03-16 21:22:00,90.6521710442659
2025-03-16 21:23:00,90.66022613498662
2025-03-16 21:24:00,90.66828120816083
2025-03-16 21:25:00,90.67633626376998
2025-03-16 21:26:00,90.68439130173712
2025-03-16 21:27:00,90.69244632202425
2025-03-16 21:28:00,90.70050132455461
2025-03-16 21:29:00,90.70855631475631
2025-03-16 21:30:00,90.7166112817171
2025-03-16 21:31:00,90.72466623078759
2025-03-16 21:32:00,90.73272116194913
2025-03-16 21:33:00,90.74077607518304
2025-03-16 21:34:00,90.74883097035443
2025-03-16 21:35:00,90.75688584748337
2025-03-16 21:36:00,90.76494070649305
2025-03-16 21:37:00,90.7729955473454
2025-03-16 21:38:00,90.7810503700025
2025-03-16 21:39:00,90.78910517438742
2025-03-16 21:40:00,90.79715996587022
2025-03-16 21:41:00,90.80521473359676
2025-03-16 21:42:00,90.81326948295644
2025-03-16 21:43:00,90.82132421387251
2025-03-16 21:44:00,90.82937892622928
2025-03-16 21:45:00,90.83743362008573
2025-03-16 21:46:00,90.8454882953456
2025-03-16 21:47:00,90.85354295199035
2025-03-16 21:48:00,90.86159758994309
2025-03-16 21:49:00,90.86965220916576
2025-03-16 21:50:00,90.87770680960104
2025-03-16 21:51:00,90.88576139659943
2025-03-16 21:52:00,90.89381595932626
2025-03-16 21:53:00,90.9018705031516
2025-03-16 21:54:00,90.90992502794036
2025-03-16 21:55:00,90.91797953377092
2025-03-16 21:56:00,90.92603402054706
2025-03-16 21:57:00,90.93408848817255
2025-03-16 21:58:00,90.94214293664818
2025-03-16 21:59:00,90.95019736593589
2025-03-16 22:00:00,90.9582517759201
2025-03-16 22:01:00,90.96630616664035
2025-03-16 22:02:00,90.97436054340842
2025-03-16 22:03:00,90.98241489538965
2025-03-16 22:04:00,90.99046922791527
2025-03-16 22:05:00,90.99852354088902
2025-03-16 22:06:00,91.00657783436993
2025-03-16 22:07:00,91.01463210828108
2025-03-16 22:08:00,91.02268636256508
2025-03-16 22:09:00,91.03074059714514
2025-03-16 22:10:00,91.03879481196383
2025-03-16 22:11:00,91.0468490070607
2025-03-16 22:12:00,91.0549031823007
2025-03-16 22:13:00,91.06295733764586
2025-03-16 22:14:00,91.07101147854367
2025-03-16 22:15:00,91.07906559400443
2025-03-16 22:16:00,91.08711968945619
2025-03-16 22:17:00,91.0951737648998
2025-03-16 22:18:00,91.10322782021962
2025-03-16 22:19:00,91.11128185535819
2025-03-16 22:20:00,91.11933587027754
2025-03-16 22:21:00,91.12738986499777
2025-03-16 22:22:00,91.13544383934513
2025-03-16 22:23:00,91.14349779345618
2025-03-16 22:24:00,91.15155172711826
2025-03-16 22:25:00,91.15960564572072
2025-03-16 22:26:00,91.16765953848723
2025-03-16 22:27:00,91.17571341069066
2025-03-16 22:28:00,91.1837672623319
2025-03-16 22:29:00,91.19182109331463
2025-03-16 22:30:00,91.19987490365908
2025-03-16 22:31:00,91.20792869326894
2025-03-16 22:32:00,91.21598246210631
2025-03-16 22:33:00,91.22403621017185
2025-03-16 22:34:00,91.23208993733061
2025-03-16 22:35:00,91.24014364356394
2025-03-16 22:36:00,91.24819733428052
2025-03-16 22:37:00,91.25625099860709
2025-03-16 22:38:00,91.26430464183596
2025-03-16 22:39:00,91.27235826398733
2025-03-16 22:40:00,91.28041186504247
2025-03-16 22:41:00,91.2884654448277
2025-03-16 22:42:00,91.29651900346003
2025-03-16 22:43:00,91.30457254074635
2025-03-16 22:44:00,91.31262605674561
2025-03-16 22:45:00,91.32067955136164
2025-03-16 22:46:00,91.3287330245175
2025-03-16 22:47:00,91.33678648162197
2025-03-16 22:48:00,91.34483991182111
2025-03-16 22:49:00,91.35289332048487
2025-03-16 22:50:00,91.36094670749762
2025-03-16 22:51:00,91.36900007286016
2025-03-16 22:52:00,91.37705341653442
2025-03-16 22:53:00,91.38510673842414
2025-03-16 22:54:00,91.39316003853018
2025-03-16 22:55:00,91.40121331683387
2025-03-16 22:56:00,91.40926657321957
2025-03-16 22:57:00,91.41731980768809
2025-03-16 22:58:00,91.42537302014318
2025-03-16 22:59:00,91.43342621599353
2025-03-16 23:00:00,91.4414793843271
2025-03-16 23:01:00,91.44953253059137
2025-03-16 23:02:00,91.45758565469009
2025-03-16 23:03:00,91.46563875652706
2025-03-16 23:04:00,91.47369183614185
2025-03-16 23:05:00,91.48174489343826
2025-03-16 23:06:00,91.48979792837821
2025-03-16 23:07:00,91.49785094090433
2025-03-16 23:08:00,91.5059039310173
2025-03-16 23:09:00,91.51395689862102
2025-03-16 23:10:00,91.52200984908525
2025-03-16 23:11:00,91.53006277157563
2025-03-16 23:12:00,91.53811567144261
2025-03-16 23:13:00,91.54616854857056
2025-03-16 23:14:00,91.5542214030185
2025-03-16 23:15:00,91.56227423472893
2025-03-16 23:16:00,91.57032704358625
2025-03-16 23:17:00,91.57837982957186
2025-03-16 23:18:00,91.58643259266711
2025-03-16 23:19:00,91.59448533279517
2025-03-16 23:20:00,91.60253804989864
2025-03-16 23:21:00,91.61059074942486
2025-03-16 23:22:00,91.61864342038442
2025-03-16 23:23:00,91.62669606826348
2025-03-16 23:24:00,91.63474869292696
2025-03-16 23:25:00,91.64280129437573
2025-03-16 23:26:00,91.65085387253293
2025-03-16 23:27:00,91.65890642737989
2025-03-16 23:28:00,91.66695895883981
2025-03-16 23:29:00,91.67501146689409
2025-03-16 23:30:00,91.68306395150465
2025-03-16 23:31:00,91.69111641259467
2025-03-16 23:32:00,91.6991688554952
2025-03-16 23:33:00,91.70722126946893
2025-03-16 23:34:00,91.7152736597692
2025-03-16 23:35:00,91.72332602635807
2025-03-16 23:36:00,91.73137836921686
2025-03-16 23:37:00,91.7394306882687
2025-03-16 23:38:00,91.74748298355325
2025-03-16 23:39:00,91.75553525493544
2025-03-16 23:40:00,91.76358750239669
2025-03-16 23:41:00,91.77163972589884
2025-03-16 23:42:00,91.77969192538458
2025-03-16 23:43:00,91.78774410081583
2025-03-16 23:44:00,91.79579625754293
2025-03-16 23:45:00,91.80384838471232
2025-03-16 23:46:00,91.81190048771316
2025-03-16 23:47:00,91.81995256648798
2025-03-16 23:48:00,91.82800462092118
2025-03-16 23:49:00,91.83605665107169
2025-03-16 23:50:00,91.84410865684332
2025-03-16 23:51:00,91.8521606381786
2025-03-16 23:52:00,91.86021259502013
2025-03-16 23:53:00,91.86826452740745
2025-03-16 23:54:00,91.87631643518618
2025-03-16 23:55:00,91.884368323823
2025-03-16 23:56:00,91.89242018232855
2025-03-16 23:57:00,91.9004720162084
2025-03-16 23:58:00,91.90852382532746
2025-03-16 23:59:00,91.91657560964775
2025-03-17 00:00:00,91.92462736918944
2025-03-17 00:01:00,91.93267910375926
2025-03-17 00:02:00,91.94073081347435
2025-03-17 00:03:00,91.94878249821915
2025-03-17 00:04:00,91.95683415797501
2025-03-17 00:05:00,91.96488579262626
2025-03-17 00:06:00,91.97293740758143
2025-03-17 00:07:00,91.98098899200642
2025-03-17 00:08:00,91.98904055123207
2025-03-17 00:09:00,91.9970920852398
2025-03-17 00:10:00,92.00514359397215
2025-03-17 00:11:00,92.01319507731357
2025-03-17 00:12:00,92.0212465353229
2025-03-17 00:13:00,92.02929796794277
2025-03-17 00:14:00,92.03734937501872
2025-03-17 00:15:00,92.04540075668734
2025-03-17 00:16:00,92.05345211273595
2025-03-17 00:17:00,92.06150344859248
2025-03-17 00:18:00,92.06955475340345
2025-03-17 00:19:00,92.07760603255791
2025-03-17 00:20:00,92.08565728592086
2025-03-17 00:21:00,92.09370851355125
2025-03-17 00:22:00,92.10175971533344
2025-03-17 00:23:00,92.10981089128754
2025-03-17 00:24:00,92.11786204131741
2025-03-17 00:25:00,92.12591316536553
2025-03-17 00:26:00,92.13396426341332
2025-03-17 00:27:00,92.14201533538392
2025-03-17 00:28:00,92.15006638131682
2025-03-17 00:29:00,92.15811740648479
2025-03-17 00:30:00,92.16616840009254
2025-03-17 00:31:00,92.17421936745153
2025-03-17 00:32:00,92.18227030856252
2025-03-17 00:33:00,92.19032122330994
2025-03-17 00:34:00,92.19837211173318
2025-03-17 00:35:00,92.20642297375558
2025-03-17 00:36:00,92.21447380930022
2025-03-17 00:37:00,92.22252461836783
2025-03-17 00:38:00,92.2305754008428
2025-03-17 00:39:00,92.23862615682289
2025-03-17 00:40:00,92.24667689152248
2025-03-17 00:41:00,92.25472759416586
2025-03-17 00:42:00,92.26277827004508
2025-03-17 00:43:00,92.27082891919959
2025-03-17 00:44:00,92.27887954153323
2025-03-17 00:45:00,92.28693013706612
2025-03-17 00:46:00,92.29498070560507
2025-03-17 00:47:00,92.30303124730592
2025-03-17 00:48:00,92.31108176195613
2025-03-17 00:49:00,92.31913224955642
2025-03-17 00:50:00,92.32718271010758
2025-03-17 00:51:00,92.33523314899846
2025-03-17 00:52:00,92.3432835552595
2025-03-17 00:53:00,92.35133393431849
2025-03-17 00:54:00,92.35938428611786
2025-03-17 00:55:00,92.36743461065849
2025-03-17 00:56:00,92.37548490786345
2025-03-17 00:57:00,92.38353517765593
2025-03-17 00:58:00,92.3915854200173
2025-03-17 00:59:00,92.39963563487068
2025-03-17 01:00:00,92.4076858222944
2025-03-17 01:01:00,92.41573598209526
2025-03-17 01:02:00,92.42378611973973
2025-03-17 01:03:00,92.43183622427766
2025-03-17 01:04:00,92.43988630113675
2025-03-17 01:05:00,92.44793635022083
2025-03-17 01:06:00,92.45598637160813
2025-03-17 01:07:00,92.46403636512484
2025-03-17 01:08:00,92.47208633077177
2025-03-17 01:09:00,92.4801362684914
2025-03-17 01:10:00,92.4881861782651
2025-03-17 01:11:00,92.49623606005477
2025-03-17 01:12:00,92.50428591374487
2025-03-17 01:13:00,92.51233573943307
2025-03-17 01:14:00,92.52038554231423
2025-03-17 01:15:00,92.52843531161288
2025-03-17 01:16:00,92.53648505273729
2025-03-17 01:17:00,92.54453476555237
2025-03-17 01:18:00,92.55258445005893
2025-03-17 01:19:00,92.56063410621887
2025-03-17 01:20:00,92.56868373401353
2025-03-17 01:21:00,92.5767333333467
2025-03-17 01:22:00,92.58478290419966
2025-03-17 01:23:00,92.59283244651502
2025-03-17 01:24:00,92.60088196025467
2025-03-17 01:25:00,92.60893145076865
2025-03-17 01:26:00,92.61698090726215
2025-03-17 01:27:00,92.6250303349688
2025-03-17 01:28:00,92.63307973400573
2025-03-17 01:29:00,92.64112910423786
2025-03-17 01:30:00,92.64917844562714
2025-03-17 01:31:00,92.6572277581356
2025-03-17 01:32:00,92.66527704170568
2025-03-17 01:33:00,92.67332629633812
2025-03-17 01:34:00,92.68137552193673
2025-03-17 01:35:00,92.68942471850218
2025-03-17 01:36:00,92.69747389134564
2025-03-17 01:37:00,92.70552302969185
2025-03-17 01:38:00,92.7135721388519
2025-03-17 01:39:00,92.72162121878779
2025-03-17 01:40:00,92.72967026938387
2025-03-17 01:41:00,92.7377192907184
2025-03-17 01:42:00,92.74576828269521
2025-03-17 01:43:00,92.75381724525674
2025-03-17 01:44:00,92.7618661783844
2025-03-17 01:45:00,92.76991508207887
2025-03-17 01:46:00,92.77796395618572
2025-03-17 01:47:00,92.78601280611308
2025-03-17 01:48:00,92.79406162102745
2025-03-17 01:49:00,92.80211040629827
2025-03-17 01:50:00,92.81015916186794
2025-03-17 01:51:00,92.81820788765964
2025-03-17 01:52:00,92.82625658371298
2025-03-17 01:53:00,92.83430524987338
2025-03-17 01:54:00,92.84235388623861
2025-03-17 01:55:00,92.85040249261543
2025-03-17 01:56:00,92.85845106906275
2025-03-17 01:57:00,92.86649961546486
2025-03-17 01:58:00,92.87454813188074
2025-03-17 01:59:00,92.88259662356326
2025-03-17 02:00:00,92.89064507973724
2025-03-17 02:01:00,92.8986935057138
2025-03-17 02:02:00,92.90674190147419
2025-03-17 02:03:00,92.9147902669804
2025-03-17 02:04:00,92.92283860221372
2025-03-17 02:05:00,92.93088690703911
2025-03-17 02:06:00,92.93893518151548
2025-03-17 02:07:00,92.94698342552715
2025-03-17 02:08:00,92.95503163907485
2025-03-17 02:09:00,92.96307982206233
2025-03-17 02:10:00,92.97112797995571
2025-03-17 02:11:00,92.97917610180542
2025-03-17 02:12:00,92.98722419300012
2025-03-17 02:13:00,92.99527225354042
2025-03-17 02:14:00,93.00332028331067
2025-03-17 02:15:00,93.01136828231168
2025-03-17 02:16:00,93.01941625050524
2025-03-17 02:17:00,93.02746418785334
2025-03-17 02:18:00,93.0355120942597
2025-03-17 02:19:00,93.04355996974445
2025-03-17 02:20:00,93.05160781425009
2025-03-17 02:21:00,93.05965563304872
2025-03-17 02:22:00,93.06770341542372
2025-03-17 02:23:00,93.07575116670532
2025-03-17 02:24:00,93.08379888683608
2025-03-17 02:25:00,93.09184657571977
2025-03-17 02:26:00,93.09989423337643
2025-03-17 02:27:00,93.1079418597486
2025-03-17 02:28:00,93.11598945475941
2025-03-17 02:29:00,93.12403701846777
2025-03-17 02:30:00,93.13208455071917
2025-03-17 02:31:00,93.14013205151434
2025-03-17 02:32:00,93.148179526203
2025-03-17 02:33:00,93.15622696399083
2025-03-17 02:34:00,93.16427437013061
2025-03-17 02:35:00,93.1723217446618
2025-03-17 02:36:00,93.18036908756572
2025-03-17 02:37:00,93.18841639874606
2025-03-17 02:38:00,93.19646367810657
2025-03-17 02:39:00,93.20451092574493
2025-03-17 02:40:00,93.2125581415455
2025-03-17 02:41:00,93.2206053254507
2025-03-17 02:42:00,93.22865247742251
2025-03-17 02:43:00,93.2366995974422
2025-03-17 02:44:00,93.24474669084002
2025-03-17 02:45:00,93.25279374682182
2025-03-17 02:46:00,93.26084077071782
2025-03-17 02:47:00,93.26888776245114
2025-03-17 02:48:00,93.27693472202247
2025-03-17 02:49:00,93.28498164937436
2025-03-17 02:50:00,93.29302854444927
2025-03-17 02:51:00,93.3010754072673
2025-03-17 02:52:00,93.30912223773214
2025-03-17 02:53:00,93.31716903580573
2025-03-17 02:54:00,93.32521580143059
2025-03-17 02:55:00,93.33326254003376
2025-03-17 02:56:00,93.34130924070496
2025-03-17 02:57:00,93.34935590883251
2025-03-17 02:58:00,93.35740254437823
2025-03-17 02:59:00,93.36544914724593
2025-03-17 03:00:00,93.37349571745565
2025-03-17 03:01:00,93.3815422549693
2025-03-17 03:02:00,93.38958875972934
2025-03-17 03:03:00,93.39763523163954
2025-03-17 03:04:00,93.40568167075874
2025-03-17 03:05:00,93.41372807697122
2025-03-17 03:06:00,93.42177445564592
2025-03-17 03:07:00,93.42982079596952
2025-03-17 03:08:00,93.43786710331085
2025-03-17 03:09:00,93.44591337755433
2025-03-17 03:10:00,93.45395961870054
2025-03-17 03:11:00,93.46200582675021
2025-03-17 03:12:00,93.47005200160704
2025-03-17 03:13:00,93.47809814325231
2025-03-17 03:14:00,93.48614425166727
2025-03-17 03:15:00,93.49419032671689
2025-03-17 03:16:00,93.50223636846002
2025-03-17 03:17:00,93.51028238224605
2025-03-17 03:18:00,93.51832835718419
2025-03-17 03:19:00,93.52637429864332
2025-03-17 03:20:00,93.53442020660471
2025-03-17 03:21:00,93.54246608104962
2025-03-17 03:22:00,93.55051192186238
2025-03-17 03:23:00,93.55855772906298
2025-03-17 03:24:00,93.56660350259399
2025-03-17 03:25:00,93.57464924241728
2025-03-17 03:26:00,93.58269494845591
2025-03-17 03:27:00,93.59074062076873
2025-03-17 03:28:00,93.59878625920126
2025-03-17 03:29:00,93.60683186912229
2025-03-17 03:30:00,93.61487743977688
2025-03-17 03:31:00,93.62292297645621
2025-03-17 03:32:00,93.63096847910275
2025-03-17 03:33:00,93.63901394773659
2025-03-17 03:34:00,93.64705938233902
2025-03-17 03:35:00,93.65510478271668
2025-03-17 03:36:00,93.66315014900607
2025-03-17 03:37:00,93.67119548109142
2025-03-17 03:38:00,93.67924077887646
2025-03-17 03:39:00,93.68728604240064
2025-03-17 03:40:00,93.6953312769938
2025-03-17 03:41:00,93.70337647180429
2025-03-17 03:42:00,93.71142163223949
2025-03-17 03:43:00,93.7194667582225
2025-03-17 03:44:00,93.72751184969583
2025-03-17 03:45:00,93.73555690664071
2025-03-17 03:46:00,93.74360192899962
2025-03-17 03:47:00,93.75164691675383
2025-03-17 03:48:00,93.75969186984578
2025-03-17 03:49:00,93.76773678825677
2025-03-17 03:50:00,93.77578167196803
2025-03-17 03:51:00,93.78382652621241
2025-03-17 03:52:00,93.79187134031282
2025-03-17 03:53:00,93.79991611952154
2025-03-17 03:54:00,93.80796086385861
2025-03-17 03:55:00,93.81600557322766
2025-03-17 03:56:00,93.82405024762943
2025-03-17 03:57:00,93.83209488700626
2025-03-17 03:58:00,93.84013949133947
2025-03-17 03:59:00,93.84818406055213
2025-03-17 04:00:00,93.8562285946837
2025-03-17 04:01:00,93.86427309356021
2025-03-17 04:02:00,93.87231756262781
2025-03-17 04:03:00,93.880361991035
2025-03-17 04:04:00,93.8884063841697
2025-03-17 04:05:00,93.89645074191617
2025-03-17 04:06:00,93.90449506433326
2025-03-17 04:07:00,93.91253935126645
2025-03-17 04:08:00,93.92058360275516
2025-03-17 04:09:00,93.92862781878061
2025-03-17 04:10:00,93.93667199920773
2025-03-17 04:11:00,93.94471614409532
2025-03-17 04:12:00,93.95276025332767
2025-03-17 04:13:00,93.96080432690535
2025-03-17 04:14:00,93.96884837015807
2025-03-17 04:15:00,93.97689237231204
2025-03-17 04:16:00,93.98493633861938
2025-03-17 04:17:00,93.99298026913881
2025-03-17 04:18:00,94.00102416379346
2025-03-17 04:19:00,94.00906802256453
2025-03-17 04:20:00,94.01711184533636
2025-03-17 04:21:00,94.02515563214826
2025-03-17 04:22:00,94.03319938292334
2025-03-17 04:23:00,94.04124309762344
2025-03-17 04:24:00,94.04928677626857
2025-03-17 04:25:00,94.05733042414953
2025-03-17 04:26:00,94.0653740304151
2025-03-17 04:27:00,94.07341760047237
2025-03-17 04:28:00,94.08146113428326
2025-03-17 04:29:00,94.0895046317708
2025-03-17 04:30:00,94.09754809293558
2025-03-17 04:31:00,94.10559151770066
2025-03-17 04:32:00,94.1136349060473
2025-03-17 04:33:00,94.12167825789845
2025-03-17 04:34:00,94.12972157327424
2025-03-17 04:35:00,94.1377648520976
2025-03-17 04:36:00,94.14580809975635
2025-03-17 04:37:00,94.15385130539926
2025-03-17 04:38:00,94.16189447433649
2025-03-17 04:39:00,94.16993760658808
2025-03-17 04:40:00,94.17798070209638
2025-03-17 04:41:00,94.18602376088148
2025-03-17 04:42:00,94.19406678276941
2025-03-17 04:43:00,94.20210976783835
2025-03-17 04:44:00,94.21015271601138
2025-03-17 04:45:00,94.21819562723087
2025-03-17 04:46:00,94.2262385014393
2025-03-17 04:47:00,94.23428134410175
2025-03-17 04:48:00,94.24232414423162
2025-03-17 04:49:00,94.2503669073328
2025-03-17 04:50:00,94.25840963328957
2025-03-17 04:51:00,94.2664523220637
2025-03-17 04:52:00,94.27449497361707
2025-03-17 04:53:00,94.28253758791145
2025-03-17 04:54:00,94.29058016488928
2025-03-17 04:55:00,94.2986227045318
2025-03-17 04:56:00,94.30666520685888
2025-03-17 04:57:00,94.31470767175487
2025-03-17 04:58:00,94.32275009922033
2025-03-17 04:59:00,94.33079249454579
2025-03-17 05:00:00,94.33883484697745
2025-03-17 05:01:00,94.34687716182526
2025-03-17 05:02:00,94.35491943910914
2025-03-17 05:03:00,94.36296167871332
2025-03-17 05:04:00,94.37100388063845
2025-03-17 05:05:00,94.3790460448657
2025-03-17 05:06:00,94.3870881712793
2025-03-17 05:07:00,94.395130259938
2025-03-17 05:08:00,94.40317231072608
2025-03-17 05:09:00,94.41121432368283
2025-03-17 05:10:00,94.41925630404064
2025-03-17 05:11:00,94.42729824112327
2025-03-17 05:12:00,94.43534014018249
2025-03-17 05:13:00,94.44338200119941
2025-03-17 05:14:00,94.45142382415527
2025-03-17 05:15:00,94.45946560899243
2025-03-17 05:16:00,94.4675073556533
2025-03-17 05:17:00,94.47554906413852
2025-03-17 05:18:00,94.48359073444858
2025-03-17 05:19:00,94.49163236644837
2025-03-17 05:20:00,94.49967396015782
2025-03-17 05:21:00,94.50771552086732
2025-03-17 05:22:00,94.51575703788151
2025-03-17 05:23:00,94.52379851641315
2025-03-17 05:24:00,94.531839956521
2025-03-17 05:25:00,94.53988135808926
2025-03-17 05:26:00,94.54792272117679
2025-03-17 05:27:00,94.55596404566765
2025-03-17 05:28:00,94.56400533152367
2025-03-17 05:29:00,94.57204657874546
2025-03-17 05:30:00,94.58008778727542
2025-03-17 05:31:00,94.58812895709465
2025-03-17 05:32:00,94.59617009351288
2025-03-17 05:33:00,94.60421118571851
2025-03-17 05:34:00,94.61225223913752
2025-03-17 05:35:00,94.62029325365418
2025-03-17 05:36:00,94.62833422917208
2025-03-17 05:37:00,94.63637516580812
2025-03-17 05:38:00,94.64441606346588
2025-03-17 05:39:00,94.65245692206837
2025-03-17 05:40:00,94.66049774155796
2025-03-17 05:41:00,94.66853852195462
2025-03-17 05:42:00,94.67657926323947
2025-03-17 05:43:00,94.68461996529675
2025-03-17 05:44:00,94.69266063353297
2025-03-17 05:45:00,94.70070125713666
2025-03-17 05:46:00,94.70874184137877
2025-03-17 05:47:00,94.71678238631786
2025-03-17 05:48:00,94.72482289191574
2025-03-17 05:49:00,94.73286335799847
2025-03-17 05:50:00,94.74090378472172
2025-03-17 05:51:00,94.74894417191145
2025-03-17 05:52:00,94.75698451956826
2025-03-17 05:53:00,94.76502482763449
2025-03-17 05:54:00,94.7730650961883
2025-03-17 05:55:00,94.78110533040336
2025-03-17 05:56:00,94.78914551958475
2025-03-17 05:57:00,94.79718566900321
2025-03-17 05:58:00,94.80522577871744
2025-03-17 05:59:00,94.81326584859225
2025-03-17 06:00:00,94.82130587866696
2025-03-17 06:01:00,94.8293458688645
2025-03-17 06:02:00,94.83738581910784
2025-03-17 06:03:00,94.84542572947508
2025-03-17 06:04:00,94.85346559985045
2025-03-17 06:05:00,94.86150543019565
2025-03-17 06:06:00,94.86954522585886
2025-03-17 06:07:00,94.87758497602897
2025-03-17 06:08:00,94.88562468603476
2025-03-17 06:09:00,94.8936643559349
2025-03-17 06:10:00,94.9017039855942
2025-03-17 06:11:00,94.90974357501321
2025-03-17 06:12:00,94.91778312413419
2025-03-17 06:13:00,94.92582263293838
2025-03-17 06:14:00,94.93386210138745
2025-03-17 06:15:00,94.94190152946254
2025-03-17 06:16:00,94.9499409171254
2025-03-17 06:17:00,94.95798026964655
2025-03-17 06:18:00,94.96601957627313
2025-03-17 06:19:00,94.97405884237263
2025-03-17 06:20:00,94.98209806792623
2025-03-17 06:21:00,94.9901372527793
2025-03-17 06:22:00,94.99817639702927
2025-03-17 06:23:00,95.00621550056034
2025-03-17 06:24:00,95.01425456337299
2025-03-17 06:25:00,95.02229358544835
2025-03-17 06:26:00,95.03033256667057
2025-03-17 06:27:00,95.03837150707889
2025-03-17 06:28:00,95.04641040657694
2025-03-17 06:29:00,95.05444927060965
2025-03-17 06:30:00,95.06248808821104
2025-03-17 06:31:00,95.07052686486486
2025-03-17 06:32:00,95.07856560049397
2025-03-17 06:33:00,95.0866042950602
2025-03-17 06:34:00,95.09464294848645
2025-03-17 06:35:00,95.10268156083131
2025-03-17 06:36:00,95.11072013195961
2025-03-17 06:37:00,95.11875866187185
2025-03-17 06:38:00,95.12679715054907
2025-03-17 06:39:00,95.13483559793366
2025-03-17 06:40:00,95.14287400939281
2025-03-17 06:41:00,95.15091237409656
2025-03-17 06:42:00,95.15895069743156
2025-03-17 06:43:00,95.16698897928195
2025-03-17 06:44:00,95.17502721968692
2025-03-17 06:45:00,95.1830654185889
2025-03-17 06:46:00,95.19110357593011
2025-03-17 06:47:00,95.1991416916917
2025-03-17 06:48:00,95.2071797658547
2025-03-17 06:49:00,95.21521779836146
2025-03-17 06:50:00,95.22325578913494
2025-03-17 06:51:00,95.23129374361976
2025-03-17 06:52:00,95.23933165094735
2025-03-17 06:53:00,95.24736951646547
2025-03-17 06:54:00,95.2554073401164
2025-03-17 06:55:00,95.26344512193938
2025-03-17 06:56:00,95.27148286181865
2025-03-17 06:57:00,95.27952055977394
2025-03-17 06:58:00,95.28755821574758
2025-03-17 06:59:00,95.29559582972065
2025-03-17 07:00:00,95.30363340155792
2025-03-17 07:01:00,95.31167093139557
2025-03-17 07:02:00,95.31970842444552
2025-03-17 07:03:00,95.32774586993625
2025-03-17 07:04:00,95.33578327327358
2025-03-17 07:05:00,95.34382063434165
2025-03-17 07:06:00,95.35185795312161
2025-03-17 07:07:00,95.35989522965255
2025-03-17 07:08:00,95.3679324637605
2025-03-17 07:09:00,95.3759696555041
2025-03-17 07:10:00,95.38400680486436
2025-03-17 07:11:00,95.39204391176418
2025-03-17 07:12:00,95.40008097616521
2025-03-17 07:13:00,95.4081179980098
2025-03-17 07:14:00,95.41615498274243
2025-03-17 07:15:00,95.42419191941724
2025-03-17 07:16:00,95.43222881351747
2025-03-17 07:17:00,95.44026566492728
2025-03-17 07:18:00,95.44830247364715
2025-03-17 07:19:00,95.45633923958047
2025-03-17 07:20:00,95.46437596274717
2025-03-17 07:21:00,95.47241264312824
2025-03-17 07:22:00,95.48044928064657
2025-03-17 07:23:00,95.48848587530262
2025-03-17 07:24:00,95.49652242699983
2025-03-17 07:25:00,95.50455894114384
2025-03-17 07:26:00,95.51259540692472
2025-03-17 07:27:00,95.52063182967052
2025-03-17 07:28:00,95.52866820932348
2025-03-17 07:29:00,95.53670454588406
2025-03-17 07:30:00,95.54474083933329
2025-03-17 07:31:00,95.55277708957469
2025-03-17 07:32:00,95.56081329662797
2025-03-17 07:33:00,95.56884946049361
2025-03-17 07:34:00,95.5768855810169
2025-03-17 07:35:00,95.58492165823709
2025-03-17 07:36:00,95.59295769748209
2025-03-17 07:37:00,95.60099368798095
2025-03-17 07:38:00,95.60902963504213
2025-03-17 07:39:00,95.61706553868551
2025-03-17 07:40:00,95.6251013987952
2025-03-17 07:41:00,95.63313721541034
2025-03-17 07:42:00,95.6411729884344
2025-03-17 07:43:00,95.64920871788718
2025-03-17 07:44:00,95.65724440365278
2025-03-17 07:45:00,95.66528004582854
2025-03-17 07:46:00,95.67331564427913
2025-03-17 07:47:00,95.68135120433242
2025-03-17 07:48:00,95.68938671525625
2025-03-17 07:49:00,95.69742218239799
2025-03-17 07:50:00,95.70545760566108
2025-03-17 07:51:00,95.71349298506526
2025-03-17 07:52:00,95.72152832053341
2025-03-17 07:53:00,95.72956361206592
2025-03-17 07:54:00,95.73759885960497
2025-03-17 07:55:00,95.74563406313163
2025-03-17 07:56:00,95.75366922262685
2025-03-17 07:57:00,95.76170433799413
2025-03-17 07:58:00,95.76973940925318
2025-03-17 07:59:00,95.77777444177057
2025-03-17 08:00:00,95.78580942463991
2025-03-17 08:01:00,95.79384436328587
2025-03-17 08:02:00,95.80187925772823
2025-03-17 08:03:00,95.80991410781228
2025-03-17 08:04:00,95.81794891359652
2025-03-17 08:05:00,95.82598367502325
2025-03-17 08:06:00,95.83401839203457
2025-03-17 08:07:00,95.84205306459218
2025-03-17 08:08:00,95.85008769269635
2025-03-17 08:09:00,95.85812227627
2025-03-17 08:10:00,95.86615682069885
2025-03-17 08:11:00,95.8741913151737
2025-03-17 08:12:00,95.88222576500274
2025-03-17 08:13:00,95.89026017020579
2025-03-17 08:14:00,95.89829453074435
2025-03-17 08:15:00,95.90632884656073
2025-03-17 08:16:00,95.91436311761645
2025-03-17 08:17:00,95.92239734387307
2025-03-17 08:18:00,95.93043152533099
2025-03-17 08:19:00,95.93846566193241
2025-03-17 08:20:00,95.9464997536389
2025-03-17 08:21:00,95.95453380581672
2025-03-17 08:22:00,95.9625678076181
2025-03-17 08:23:00,95.970601764448
2025-03-17 08:24:00,95.97863567628744
2025-03-17 08:25:00,95.98666954302048
2025-03-17 08:26:00,95.9947033646668
2025-03-17 08:27:00,96.00273714120735
2025-03-17 08:28:00,96.01077087254559
2025-03-17 08:29:00,96.0188045587012
2025-03-17 08:30:00,96.02683819963583
2025-03-17 08:31:00,96.0348717953303
2025-03-17 08:32:00,96.04290535105395
2025-03-17 08:33:00,96.05093885609477
2025-03-17 08:34:00,96.05897231572206
2025-03-17 08:35:00,96.06700572997488
2025-03-17 08:36:00,96.07503909879549
2025-03-17 08:37:00,96.08307242216466
2025-03-17 08:38:00,96.09110569998592
2025-03-17 08:39:00,96.09913893227895
2025-03-17 08:40:00,96.10717211902471
2025-03-17 08:41:00,96.11520526012652
2025-03-17 08:42:00,96.12323835558479
2025-03-17 08:43:00,96.13127140539979
2025-03-17 08:44:00,96.13930441489882
2025-03-17 08:45:00,96.147337373215
2025-03-17 08:46:00,96.15537028581133
2025-03-17 08:47:00,96.1634031525718
2025-03-17 08:48:00,96.17143597347739
2025-03-17 08:49:00,96.17946874850894
2025-03-17 08:50:00,96.18750147764746
2025-03-17 08:51:00,96.19553416079623
2025-03-17 08:52:00,96.20356679801375
2025-03-17 08:53:00,96.21159938920344
2025-03-17 08:54:00,96.21963193434621
2025-03-17 08:55:00,96.22766443874977
2025-03-17 08:56:00,96.23569689172196
2025-03-17 08:57:00,96.2437292984737
2025-03-17 08:58:00,96.25176165910213
2025-03-17 08:59:00,96.2597939734912
2025-03-17 09:00:00,96.26782624162193
2025-03-17 09:01:00,96.27585846349457
2025-03-17 09:02:00,96.28389063903182
2025-03-17 09:03:00,96.29192276825341
2025-03-17 09:04:00,96.29995485104331
2025-03-17 09:05:00,96.3079868874405
2025-03-17 09:06:00,96.31601888281085
2025-03-17 09:07:00,96.3240508262492
2025-03-17 09:08:00,96.33208272317938
2025-03-17 09:09:00,96.34011457360172
2025-03-17 09:10:00,96.34814637740023
2025-03-17 09:11:00,96.35617813459453
2025-03-17 09:12:00,96.3642098451655
2025-03-17 09:13:00,96.37224150899709
2025-03-17 09:14:00,96.3802731261672
2025-03-17 09:15:00,96.38830469654032
2025-03-17 09:16:00,96.3963362201555
2025-03-17 09:17:00,96.40436770233966
2025-03-17 09:18:00,96.41239913230405
2025-03-17 09:19:00,96.42043051537567
2025-03-17 09:20:00,96.42846185149655
2025-03-17 09:21:00,96.43649314070575
2025-03-17 09:22:00,96.44452438292595
2025-03-17 09:23:00,96.45255557815747
2025-03-17 09:24:00,96.46058672632293
2025-03-17 09:25:00,96.46861782738394
2025-03-17 09:26:00,96.47664888134065
2025-03-17 09:27:00,96.484679888174
2025-03-17 09:28:00,96.4927108478066
2025-03-17 09:29:00,96.5007417656235
2025-03-17 09:30:00,96.5087726308167
2025-03-17 09:31:00,96.51680344871305
2025-03-17 09:32:00,96.52483421929341
2025-03-17 09:33:00,96.53286494257736
2025-03-17 09:34:00,96.5408956184682
2025-03-17 09:35:00,96.54892624694685
2025-03-17 09:36:00,96.55695682795537
2025-03-17 09:37:00,96.56498736151336
2025-03-17 09:38:00,96.5730178475629
2025-03-17 09:39:00,96.58104828606551
2025-03-17 09:40:00,96.58907868238644
2025-03-17 09:41:00,96.59710902575695
2025-03-17 09:42:00,96.60513932142611
2025-03-17 09:43:00,96.61316956943281
2025-03-17 09:44:00,96.6211997697968
2025-03-17 09:45:00,96.62922992234374
2025-03-17 09:46:00,96.63726002720959
2025-03-17 09:47:00,96.64529008423949
2025-03-17 09:48:00,96.65332009341425
2025-03-17 09:49:00,96.66135005471475
2025-03-17 09:50:00,96.66937996819924
2025-03-17 09:51:00,96.67740983905863
2025-03-17 09:52:00,96.68543965662113
2025-03-17 09:53:00,96.69346942615506
2025-03-17 09:54:00,96.70149914769948
2025-03-17 09:55:00,96.70952882115759
2025-03-17 09:56:00,96.71755844652964
2025-03-17 09:57:00,96.72558802375762
2025-03-17 09:58:00,96.73361755284182
2025-03-17 09:59:00,96.74164703378233
2025-03-17 10:00:00,96.74967646646314
2025-03-17 10:01:00,96.75770585092316
2025-03-17 10:02:00,96.76573519246936
2025-03-17 10:03:00,96.7737644802945
2025-03-17 10:04:00,96.78179371978317
2025-03-17 10:05:00,96.78982291089669
2025-03-17 10:06:00,96.79785205359656
2025-03-17 10:07:00,96.80588114790231
2025-03-17 10:08:00,96.81391019363964
2025-03-17 10:09:00,96.8219391909251
2025-03-17 10:10:00,96.82996813968126
2025-03-17 10:11:00,96.83799703985022
2025-03-17 10:12:00,96.84602589141267
2025-03-17 10:13:00,96.8540546943495
2025-03-17 10:14:00,96.86208345398686
2025-03-17 10:15:00,96.87011215955654
2025-03-17 10:16:00,96.87814081640414
2025-03-17 10:17:00,96.88616942447173
2025-03-17 10:18:00,96.89419798373996
2025-03-17 10:19:00,96.90222649418973
2025-03-17 10:20:00,96.91025495582112
2025-03-17 10:21:00,96.91828336851808
2025-03-17 10:22:00,96.92631173231942
2025-03-17 10:23:00,96.93434004714783
2025-03-17 10:24:00,96.94236831298412
2025-03-17 10:25:00,96.95039653525112
2025-03-17 10:26:00,96.95842470306471
2025-03-17 10:27:00,96.9664528217315
2025-03-17 10:28:00,96.97448089138727
2025-03-17 10:29:00,96.98250891183841
2025-03-17 10:30:00,96.99053688310444
2025-03-17 10:31:00,96.99856480522422
2025-03-17 10:32:00,97.00659267808162
2025-03-17 10:33:00,97.01462050171551
2025-03-17 10:34:00,97.02264827595165
2025-03-17 10:35:00,97.03067600094518
2025-03-17 10:36:00,97.0387036819251
2025-03-17 10:37:00,97.04673130814304
2025-03-17 10:38:00,97.05475888496369
2025-03-17 10:39:00,97.06278641230968
2025-03-17 10:40:00,97.0708138901229
2025-03-17 10:41:00,97.07884131848112
2025-03-17 10:42:00,97.08686869728749
2025-03-17 10:43:00,97.09489602648395
2025-03-17 10:44:00,97.10292330610939
2025-03-17 10:45:00,97.11095053604768
2025-03-17 10:46:00,97.11897771633762
2025-03-17 10:47:00,97.12700485230505
2025-03-17 10:48:00,97.13503193318238
2025-03-17 10:49:00,97.14305896425668
2025-03-17 10:50:00,97.15108594554741
2025-03-17 10:51:00,97.15911287699656
2025-03-17 10:52:00,97.16713975860418
2025-03-17 10:53:00,97.17516659035103
2025-03-17 10:54:00,97.18319337215962
2025-03-17 10:55:00,97.19122010401075
2025-03-17 10:56:00,97.19924678586564
2025-03-17 10:57:00,97.20727341774386
2025-03-17 10:58:00,97.21529999954852
2025-03-17 10:59:00,97.22332653668283
2025-03-17 11:00:00,97.2313530183019
2025-03-17 11:01:00,97.23937944982832
2025-03-17 11:02:00,97.2474058311653
2025-03-17 11:03:00,97.25543216231283
2025-03-17 11:04:00,97.26345844323224
2025-03-17 11:05:00,97.27148467388491
2025-03-17 11:06:00,97.27951085425147
2025-03-17 11:07:00,97.287536984332
2025-03-17 11:08:00,97.29556306404903
2025-03-17 11:09:00,97.30358909336393
2025-03-17 11:10:00,97.31161507767963
2025-03-17 11:11:00,97.31964100611282
2025-03-17 11:12:00,97.32766688414398
2025-03-17 11:13:00,97.33569271165695
2025-03-17 11:14:00,97.34371848863238
2025-03-17 11:15:00,97.35174421501218
2025-03-17 11:16:00,97.35976989085458
2025-03-17 11:17:00,97.36779551604323
2025-03-17 11:18:00,97.37582109059771
2025-03-17 11:19:00,97.38384661449857
2025-03-17 11:20:00,97.39187208761027
2025-03-17 11:21:00,97.39989751541317
2025-03-17 11:22:00,97.4079228870435
2025-03-17 11:23:00,97.41594820788474
2025-03-17 11:24:00,97.42397347784005
2025-03-17 11:25:00,97.43199869698697
2025-03-17 11:26:00,97.44002386524804
2025-03-17 11:27:00,97.44804898254571
2025-03-17 11:28:00,97.45607404888011
2025-03-17 11:29:00,97.46409906427051
2025-03-17 11:30:00,97.4721240286202
2025-03-17 11:31:00,97.48014894192904
2025-03-17 11:32:00,97.4881738095223
2025-03-17 11:33:00,97.4961986206915
2025-03-17 11:34:00,97.50422338066495
2025-03-17 11:35:00,97.51224808952016
2025-03-17 11:36:00,97.52027274714085
2025-03-17 11:37:00,97.52829735354645
2025-03-17 11:38:00,97.53632190873692
2025-03-17 11:39:00,97.54434641259603
2025-03-17 11:40:00,97.55237086518193
2025-03-17 11:41:00,97.56039526639772
2025-03-17 11:42:00,97.56841961622393
2025-03-17 11:43:00,97.57644391469942
2025-03-17 11:44:00,97.58446816707169
2025-03-17 11:45:00,97.5924923626325
2025-03-17 11:46:00,97.60051650668747
2025-03-17 11:47:00,97.60854059921726
2025-03-17 11:48:00,97.61656464022185
2025-03-17 11:49:00,97.62458862962369
2025-03-17 11:50:00,97.6326125674228
2025-03-17 11:51:00,97.64063645359968
2025-03-17 11:52:00,97.64866028809628
2025-03-17 11:53:00,97.65668407085444
2025-03-17 11:54:00,97.66470780193221
2025-03-17 11:55:00,97.67273148663509
2025-03-17 11:56:00,97.68075511413886
2025-03-17 11:57:00,97.68877868980718
2025-03-17 11:58:00,97.6968022136787
2025-03-17 11:59:00,97.70482568567594
2025-03-17 12:00:00,97.71284910574064
2025-03-17 12:01:00,97.72087247391161
2025-03-17 12:02:00,97.72889579007247
2025-03-17 12:03:00,97.73691905428137
2025-03-17 12:04:00,97.74494226644131
2025-03-17 12:05:00,97.75296542655227
2025-03-17 12:06:00,97.76098853995836
2025-03-17 12:07:00,97.76901159591307
2025-03-17 12:08:00,97.77703459970233
2025-03-17 12:09:00,97.7850575513068
2025-03-17 12:10:00,97.79308045076507
2025-03-17 12:11:00,97.80110329796089
2025-03-17 12:12:00,97.80912609289418
2025-03-17 12:13:00,97.81714883556482
2025-03-17 12:14:00,97.82517152591467
2025-03-17 12:15:00,97.83319416392426
2025-03-17 12:16:00,97.84121674955476
2025-03-17 12:17:00,97.84923928818885
2025-03-17 12:18:00,97.8572617690028
2025-03-17 12:19:00,97.86528419734056
2025-03-17 12:20:00,97.87330657324075
2025-03-17 12:21:00,97.88132889662579
2025-03-17 12:22:00,97.88935116739879
2025-03-17 12:23:00,97.89737338565642
2025-03-17 12:24:00,97.90539555130184
2025-03-17 12:25:00,97.91341766431546
2025-03-17 12:26:00,97.92143972467788
2025-03-17 12:27:00,97.92946173236953
2025-03-17 12:28:00,97.93748368731295
2025-03-17 12:29:00,97.9455055948712
2025-03-17 12:30:00,97.95352744429827
2025-03-17 12:31:00,97.96154924095737
2025-03-17 12:32:00,97.96957098475147
2025-03-17 12:33:00,97.97759267569984
2025-03-17 12:34:00,97.98561431374426
2025-03-17 12:35:00,97.99363589886524
2025-03-17 12:36:00,98.00165743110138
2025-03-17 12:37:00,98.00967891031692
2025-03-17 12:38:00,98.01770033653119
2025-03-17 12:39:00,98.02572170976339
2025-03-17 12:40:00,98.0337430352602
2025-03-17 12:41:00,98.04176430229533
2025-03-17 12:42:00,98.04978551627053
2025-03-17 12:43:00,98.05780667706935
2025-03-17 12:44:00,98.06582778469172
2025-03-17 12:45:00,98.07384883909866
2025-03-17 12:46:00,98.08186984030951
2025-03-17 12:47:00,98.08989078824652
2025-03-17 12:48:00,98.09791168289024
2025-03-17 12:49:00,98.1059325242599
2025-03-17 12:50:00,98.11395331225845
2025-03-17 12:51:00,98.12197405224872
2025-03-17 12:52:00,98.12999473350459
2025-03-17 12:53:00,98.13801536133074
2025-03-17 12:54:00,98.1460359356883
2025-03-17 12:55:00,98.15405645655773
2025-03-17 12:56:00,98.16207692393888
2025-03-17 12:57:00,98.17009733777341
2025-03-17 12:58:00,98.17811769804179
2025-03-17 12:59:00,98.18613800474387
2025-03-17 13:00:00,98.19415825776325
2025-03-17 13:01:00,98.20217845717718
2025-03-17 13:02:00,98.21019860832901
2025-03-17 13:03:00,98.21821870031849
2025-03-17 13:04:00,98.2262387386245
2025-03-17 13:05:00,98.23425872316939
2025-03-17 13:06:00,98.24227865389486
2025-03-17 13:07:00,98.25029853082009
2025-03-17 13:08:00,98.25831835396423
2025-03-17 13:09:00,98.2663381231721
2025-03-17 13:10:00,98.27435783846295
2025-03-17 13:11:00,98.2823774998752
2025-03-17 13:12:00,98.29039710731186
2025-03-17 13:13:00,98.29841666075338
2025-03-17 13:14:00,98.30643616560087
2025-03-17 13:15:00,98.31445561103203
2025-03-17 13:16:00,98.32247500233171
2025-03-17 13:17:00,98.33049433961605
2025-03-17 13:18:00,98.33851362274915
2025-03-17 13:19:00,98.34653285175017
2025-03-17 13:20:00,98.35455202656081
2025-03-17 13:21:00,98.36257114716143
2025-03-17 13:22:00,98.3705902135518
2025-03-17 13:23:00,98.37860922567364
2025-03-17 13:24:00,98.38662818352662
2025-03-17 13:25:00,98.394647092415
2025-03-17 13:26:00,98.40266594165219
2025-03-17 13:27:00,98.4106847364649
2025-03-17 13:28:00,98.4187034768916
2025-03-17 13:29:00,98.42672216291272
2025-03-17 13:30:00,98.43474079448927
2025-03-17 13:31:00,98.44275937160155
2025-03-17 13:32:00,98.4507778941719
2025-03-17 13:33:00,98.45879636221942
2025-03-17 13:34:00,98.46681477574387
2025-03-17 13:35:00,98.47483313468683
2025-03-17 13:36:00,98.48285144435235
2025-03-17 13:37:00,98.49086969401539
2025-03-17 13:38:00,98.49888788903804
2025-03-17 13:39:00,98.50690602936196
2025-03-17 13:40:00,98.51492411494807
2025-03-17 13:41:00,98.52294214581559
2025-03-17 13:42:00,98.53096012188671
2025-03-17 13:43:00,98.53897804316105
2025-03-17 13:44:00,98.5469959096191
2025-03-17 13:45:00,98.55501372122178
2025-03-17 13:46:00,98.56303147793005
2025-03-17 13:47:00,98.57104918512522
2025-03-17 13:48:00,98.5790668319857
2025-03-17 13:49:00,98.58708442391217
2025-03-17 13:50:00,98.59510196086558
2025-03-17 13:51:00,98.6031194427876
2025-03-17 13:52:00,98.61113686967778
2025-03-17 13:53:00,98.61915424145843
2025-03-17 13:54:00,98.627171558168
2025-03-17 13:55:00,98.63518881976741
2025-03-17 13:56:00,98.64320602621763
2025-03-17 13:57:00,98.65122317751832
2025-03-17 13:58:00,98.65924027353358
2025-03-17 13:59:00,98.66725731976081
2025-03-17 14:00:00,98.67527430532049
2025-03-17 14:01:00,98.68329123567126
2025-03-17 14:02:00,98.69130811065787
2025-03-17 14:03:00,98.6993249303187
2025-03-17 14:04:00,98.70734169463404
2025-03-17 14:05:00,98.7153584035261
2025-03-17 14:06:00,98.72337505707205
2025-03-17 14:07:00,98.73139165511655
2025-03-17 14:08:00,98.73940819773675
2025-03-17 14:09:00,98.74742468481608
2025-03-17 14:10:00,98.755441121813
2025-03-17 14:11:00,98.76345749782895
2025-03-17 14:12:00,98.77147381832236
2025-03-17 14:13:00,98.7794900831767
2025-03-17 14:14:00,98.7875062924303
2025-03-17 14:15:00,98.79552244604409
2025-03-17 14:16:00,98.80353854397893
2025-03-17 14:17:00,98.81155458623455
2025-03-17 14:18:00,98.81957057271367
2025-03-17 14:19:00,98.82758650345465
2025-03-17 14:20:00,98.83560237839907
2025-03-17 14:21:00,98.84361820296635
2025-03-17 14:22:00,98.85163396627769
2025-03-17 14:23:00,98.85964967371385
2025-03-17 14:24:00,98.86766532533251
2025-03-17 14:25:00,98.87568092099774
2025-03-17 14:26:00,98.88369646070917
2025-03-17 14:27:00,98.8917119444857
2025-03-17 14:28:00,98.89972737224954
2025-03-17 14:29:00,98.90774274405841
2025-03-17 14:30:00,98.91575805971819
2025-03-17 14:31:00,98.92377331942214
2025-03-17 14:32:00,98.93178852833789
2025-03-17 14:33:00,98.93980367583856
2025-03-17 14:34:00,98.9478187671304
2025-03-17 14:35:00,98.95583380227112
2025-03-17 14:36:00,98.96384878124103
2025-03-17 14:37:00,98.97186370394273
2025-03-17 14:38:00,98.97987857041464
2025-03-17 14:39:00,98.98789338059822
2025-03-17 14:40:00,98.99590813453175
2025-03-17 14:41:00,99.00392283211798
2025-03-17 14:42:00,99.01193747335648
2025-03-17 14:43:00,99.01995205818874
2025-03-17 14:44:00,99.02796659207259
2025-03-17 14:45:00,99.03598106407165
2025-03-17 14:46:00,99.04399547966311
2025-03-17 14:47:00,99.05200983876915
2025-03-17 14:48:00,99.06002414138922
2025-03-17 14:49:00,99.06803838748421
2025-03-17 14:50:00,99.07605257699551
2025-03-17 14:51:00,99.08406670992272
2025-03-17 14:52:00,99.09208078624604
2025-03-17 14:53:00,99.10009480600368
2025-03-17 14:54:00,99.10810876904024
2025-03-17 14:55:00,99.11612268077471
2025-03-17 14:56:00,99.12413653044523
2025-03-17 14:57:00,99.13215032341272
2025-03-17 14:58:00,99.14016405957979
2025-03-17 14:59:00,99.14817773902348
2025-03-17 15:00:00,99.15619136160768
2025-03-17 15:01:00,99.16420492739013
2025-03-17 15:02:00,99.17221843631218
2025-03-17 15:03:00,99.18023188831519
2025-03-17 15:04:00,99.18824528345685
2025-03-17 15:05:00,99.19625862163986
2025-03-17 15:06:00,99.20427190824411
2025-03-17 15:07:00,99.21228513248887
2025-03-17 15:08:00,99.22029829975405
2025-03-17 15:09:00,99.22831140998106
2025-03-17 15:10:00,99.23632446316944
2025-03-17 15:11:00,99.24433745920248
2025-03-17 15:12:00,99.25235039815709
2025-03-17 15:13:00,99.26036328001345
2025-03-17 15:14:00,99.26837610469357
2025-03-17 15:15:00,99.27638887221622
2025-03-17 15:16:00,99.28440158248415
2025-03-17 15:17:00,99.2924142409352
2025-03-17 15:18:00,99.3004268367308
2025-03-17 15:19:00,99.30843937528938
2025-03-17 15:20:00,99.31645185647488
2025-03-17 15:21:00,99.3244642803449
2025-03-17 15:22:00,99.3324766468989
2025-03-17 15:23:00,99.34048895607823
2025-03-17 15:24:00,99.34850120778547
2025-03-17 15:25:00,99.35651340215574
2025-03-17 15:26:00,99.3645255390141
2025-03-17 15:27:00,99.37253761837944
2025-03-17 15:28:00,99.38054964027054
2025-03-17 15:29:00,99.38856161002826
2025-03-17 15:30:00,99.39657351679487
2025-03-17 15:31:00,99.40458536606624
2025-03-17 15:32:00,99.41259715768687
2025-03-17 15:33:00,99.42060889167546
2025-03-17 15:34:00,99.42862056805086
2025-03-17 15:35:00,99.43663218673508
2025-03-17 15:36:00,99.44464374770817
2025-03-17 15:37:00,99.45265525096949
2025-03-17 15:38:00,99.46066669647976
2025-03-17 15:39:00,99.46867808421905
2025-03-17 15:40:00,99.47668941952807
2025-03-17 15:41:00,99.48470069166548
2025-03-17 15:42:00,99.49271190597207
2025-03-17 15:43:00,99.50072306235039
2025-03-17 15:44:00,99.5087341608579
2025-03-17 15:45:00,99.51674520145531
2025-03-17 15:46:00,99.52475618412265
2025-03-17 15:47:00,99.53276710882056
2025-03-17 15:48:00,99.5407779755291
2025-03-17 15:49:00,99.54878878420885
2025-03-17 15:50:00,99.55679953483995
2025-03-17 15:51:00,99.56481023282086
2025-03-17 15:52:00,99.57282086729458
2025-03-17 15:53:00,99.58083144369829
2025-03-17 15:54:00,99.58884196195399
2025-03-17 15:55:00,99.59685242208039
2025-03-17 15:56:00,99.60486282396072
2025-03-17 15:57:00,99.61287316769108
2025-03-17 15:58:00,99.62088345315465
2025-03-17 15:59:00,99.62889368035087
2025-03-17 16:00:00,99.63690384933717
2025-03-17 16:01:00,99.64491395995793
2025-03-17 16:02:00,99.6529240176503
2025-03-17 16:03:00,99.66093401163492
2025-03-17 16:04:00,99.66894394721334
2025-03-17 16:05:00,99.67695382440431
2025-03-17 16:06:00,99.68496364318767
2025-03-17 16:07:00,99.69297340352419
2025-03-17 16:08:00,99.70098310543244
2025-03-17 16:09:00,99.70899274875696
2025-03-17 16:10:00,99.7170023336132
2025-03-17 16:11:00,99.72501185992301
2025-03-17 16:12:00,99.73302132766634
2025-03-17 16:13:00,99.74103073686192
2025-03-17 16:14:00,99.74904009277233
2025-03-17 16:15:00,99.75704938469599
2025-03-17 16:16:00,99.76505861795363
2025-03-17 16:17:00,99.77306779258328
2025-03-17 16:18:00,99.78107690842933
2025-03-17 16:19:00,99.7890859655879
2025-03-17 16:20:00,99.79709496398085
2025-03-17 16:21:00,99.80510390362684
2025-03-17 16:22:00,99.81311278442826
2025-03-17 16:23:00,99.82112160646196
2025-03-17 16:24:00,99.829130369611
2025-03-17 16:25:00,99.83713907927334
2025-03-17 16:26:00,99.84514772467024
2025-03-17 16:27:00,99.85315631116099
2025-03-17 16:28:00,99.86116483870609
2025-03-17 16:29:00,99.86917330732413
2025-03-17 16:30:00,99.87718171691769
2025-03-17 16:31:00,99.88519006748595
2025-03-17 16:32:00,99.8931983590475
2025-03-17 16:33:00,99.90120659156293
2025-03-17 16:34:00,99.90921476497344
2025-03-17 16:35:00,99.9172228793363
2025-03-17 16:36:00,99.92523093993307
2025-03-17 16:37:00,99.93323893596607
2025-03-17 16:38:00,99.94124687285233
2025-03-17 16:39:00,99.94925475057178
2025-03-17 16:40:00,99.95726256906555
2025-03-17 16:41:00,99.96527032827481
2025-03-17 16:42:00,99.97327802825683
2025-03-17 16:43:00,99.9812856689528
2025-03-17 16:44:00,99.98929325034258
2025-03-17 16:45:00,99.99730077244469
2025-03-17 16:46:00,100.00530823512287
2025-03-17 16:47:00,100.013315643794
2025-03-17 16:48:00,100.02132298773809
2025-03-17 16:49:00,100.0293302722559
2025-03-17 16:50:00,100.03733749730789
2025-03-17 16:51:00,100.0453446628932
2025-03-17 16:52:00,100.05335176899177
2025-03-17 16:53:00,100.06135881558338
2025-03-17 16:54:00,100.06936580262852
2025-03-17 16:55:00,100.07737273012634
2025-03-17 16:56:00,100.08537959803736
2025-03-17 16:57:00,100.09338640632203
2025-03-17 16:58:00,100.10139315503756
2025-03-17 16:59:00,100.10939984940708
2025-03-17 17:00:00,100.11740647878834
2025-03-17 17:01:00,100.12541304846246
2025-03-17 17:02:00,100.13341955838993
2025-03-17 17:03:00,100.14142600858933
2025-03-17 17:04:00,100.14943239905972
2025-03-17 17:05:00,100.1574387297035
2025-03-17 17:06:00,100.16544500055855
2025-03-17 17:07:00,100.17345121158529
2025-03-17 17:08:00,100.18145736274413
2025-03-17 17:09:00,100.18946345405361
2025-03-17 17:10:00,100.19746949083336
2025-03-17 17:11:00,100.20547546230598
2025-03-17 17:12:00,100.2134813738299
2025-03-17 17:13:00,100.22148722542346
2025-03-17 17:14:00,100.2294930169891
2025-03-17 17:15:00,100.2374987486034
2025-03-17 17:16:00,100.24550442012996
2025-03-17 17:17:00,100.25351003160654
2025-03-17 17:18:00,100.26151558303236
2025-03-17 17:19:00,100.26952107434842
2025-03-17 17:20:00,100.27752650555378
2025-03-17 17:21:00,100.2855318819873
2025-03-17 17:22:00,100.29353719287188
2025-03-17 17:23:00,100.30154244360443
2025-03-17 17:24:00,100.30954763408712
2025-03-17 17:25:00,100.31755276437731
2025-03-17 17:26:00,100.32555783437712
2025-03-17 17:27:00,100.33356284414381
2025-03-17 17:28:00,100.34156779356037
2025-03-17 17:29:00,100.3495726827032
2025-03-17 17:30:00,100.3575775115133
2025-03-17 17:31:00,100.36558227993177
2025-03-17 17:32:00,100.37358699331647
2025-03-17 17:33:00,100.38159164094877
2025-03-17 17:34:00,100.38959622816722
2025-03-17 17:35:00,100.39760075491283
2025-03-17 17:36:00,100.40560522118463
2025-03-17 17:37:00,100.41360962702045
2025-03-17 17:38:00,100.42161397228377
2025-03-17 17:39:00,100.42961825701234
2025-03-17 17:40:00,100.4376224811666
2025-03-17 17:41:00,100.44562664476486
2025-03-17 17:42:00,100.45363074776743
2025-03-17 17:43:00,100.46163479013467
2025-03-17 17:44:00,100.46963877722429
2025-03-17 17:45:00,100.47764269827924
2025-03-17 17:46:00,100.4856465586572
2025-03-17 17:47:00,100.49365035829915
2025-03-17 17:48:00,100.50165409724282
2025-03-17 17:49:00,100.50965777540976
2025-03-17 17:50:00,100.51766139277967
2025-03-17 17:51:00,100.52566494937098
2025-03-17 17:52:00,100.53366844512448
2025-03-17 17:53:00,100.54167188011667
2025-03-17 17:54:00,100.54967525415302
2025-03-17 17:55:00,100.55767857270703
2025-03-17 17:56:00,100.56568182502214
2025-03-17 17:57:00,100.57368501635898
2025-03-17 17:58:00,100.58168814675523
2025-03-17 17:59:00,100.58969121619054
2025-03-17 18:00:00,100.59769422466395
2025-03-17 18:01:00,100.60569717207756
2025-03-17 18:02:00,100.61370005850779
2025-03-17 18:03:00,100.62170288387617
2025-03-17 18:04:00,100.62970564814306
2025-03-17 18:05:00,100.63770835130725
2025-03-17 18:06:00,100.64571099874553
2025-03-17 18:07:00,100.65371357966269
2025-03-17 18:08:00,100.6617160994354
2025-03-17 18:09:00,100.66971855802386
2025-03-17 18:10:00,100.677720955369
2025-03-17 18:11:00,100.68572329154718
2025-03-17 18:12:00,100.69372556644117
2025-03-17 18:13:00,100.70172778008866
2025-03-17 18:14:00,100.70972993244979
2025-03-17 18:15:00,100.7177320234849
2025-03-17 18:16:00,100.72573405321216
2025-03-17 18:17:00,100.73373602693056
2025-03-17 18:18:00,100.74173793394222
2025-03-17 18:19:00,100.74973977950722
2025-03-17 18:20:00,100.75774156370206
2025-03-17 18:21:00,100.76574328646753
2025-03-17 18:22:00,100.77374494776384
2025-03-17 18:23:00,100.7817465475705
2025-03-17 18:24:00,100.78974808590581
2025-03-17 18:25:00,100.79774956271055
2025-03-17 18:26:00,100.80575097794492
2025-03-17 18:27:00,100.81375233166588
2025-03-17 18:28:00,100.82175362381423
2025-03-17 18:29:00,100.8297548596887
2025-03-17 18:30:00,100.8377560285917
2025-03-17 18:31:00,100.84575713586068
2025-03-17 18:32:00,100.85375818147514
2025-03-17 18:33:00,100.86175916537591
2025-03-17 18:34:00,100.86976008758113
2025-03-17 18:35:00,100.87776094807037
2025-03-17 18:36:00,100.88576174682319
2025-03-17 18:37:00,100.89376248379955
2025-03-17 18:38:00,100.90176315899843
2025-03-17 18:39:00,100.90976377234126
2025-03-17 18:40:00,100.91776432926198
2025-03-17 18:41:00,100.92576481894724
2025-03-17 18:42:00,100.93376524677294
2025-03-17 18:43:00,100.94176561271856
2025-03-17 18:44:00,100.94976591678291
2025-03-17 18:45:00,100.95776615884873
2025-03-17 18:46:00,100.96576633899221
2025-03-17 18:47:00,100.9737664571735
2025-03-17 18:48:00,100.98176651333335
2025-03-17 18:49:00,100.9897665075286
2025-03-17 18:50:00,100.99776643966129
2025-03-17 18:51:00,101.00576631508783
2025-03-17 18:52:00,101.01376612307243
2025-03-17 18:53:00,101.02176586902966
2025-03-17 18:54:00,101.02976555280344
2025-03-17 18:55:00,101.03776517448921
2025-03-17 18:56:00,101.04576473400854
2025-03-17 18:57:00,101.05376423136006
2025-03-17 18:58:00,101.06176366648452
2025-03-17 18:59:00,101.06976303940009
2025-03-17 19:00:00,101.07776235012486
2025-03-17 19:01:00,101.08576159852211
2025-03-17 19:02:00,101.09376079006407
2025-03-17 19:03:00,101.10175991391877
2025-03-17 19:04:00,101.10975897546159
2025-03-17 19:05:00,101.1177579746719
2025-03-17 19:06:00,101.12575691154855
2025-03-17 19:07:00,101.13375578599346
2025-03-17 19:08:00,101.14175459808278
2025-03-17 19:09:00,101.14975334777657
2025-03-17 19:10:00,101.15775203499611
2025-03-17 19:11:00,101.16575065977891
2025-03-17 19:12:00,101.17374922206554
2025-03-17 19:13:00,101.18174772187417
2025-03-17 19:14:00,101.18974616450254
2025-03-17 19:15:00,101.19774453927387
2025-03-17 19:16:00,101.20574285146652
2025-03-17 19:17:00,101.21374110105985
2025-03-17 19:18:00,101.22173928809138
2025-03-17 19:19:00,101.22973741250159
2025-03-17 19:20:00,101.23773547426998
2025-03-17 19:21:00,101.24573347339518
2025-03-17 19:22:00,101.25373140985648
2025-03-17 19:23:00,101.26172928359462
2025-03-17 19:24:00,101.26972709458883
2025-03-17 19:25:00,101.27772484831091
2025-03-17 19:26:00,101.28572253385211
2025-03-17 19:27:00,101.29372015662611
2025-03-17 19:28:00,101.30171771663154
2025-03-17 19:29:00,101.3097152137897
2025-03-17 19:30:00,101.31771264811863
2025-03-17 19:31:00,101.32571001961693
2025-03-17 19:32:00,101.33370732822524
2025-03-17 19:33:00,101.34170457396158
2025-03-17 19:34:00,101.34970175676646
2025-03-17 19:35:00,101.35769887671603
2025-03-17 19:36:00,101.36569593899142
2025-03-17 19:37:00,101.37369293297456
2025-03-17 19:38:00,101.38168986396283
2025-03-17 19:39:00,101.38968673191609
2025-03-17 19:40:00,101.39768353687171
2025-03-17 19:41:00,101.40568027877023
2025-03-17 19:42:00,101.41367695762969
2025-03-17 19:43:00,101.42167357340988
2025-03-17 19:44:00,101.42967012605143
2025-03-17 19:45:00,101.4376666155917
2025-03-17 19:46:00,101.44566304193242
2025-03-17 19:47:00,101.45365941058355
2025-03-17 19:48:00,101.46165571059855
2025-03-17 19:49:00,101.46965194746782
2025-03-17 19:50:00,101.47764812107397
2025-03-17 19:51:00,101.48564423149288
2025-03-17 19:52:00,101.49364027862653
2025-03-17 19:53:00,101.50163626247333
2025-03-17 19:54:00,101.50963218303194
2025-03-17 19:55:00,101.51762804024285
2025-03-17 19:56:00,101.5256238341821
2025-03-17 19:57:00,101.53361956475138
2025-03-17 19:58:00,101.54161523192994
2025-03-17 19:59:00,101.54961084107276
2025-03-17 20:00:00,101.55760638146555
2025-03-17 20:01:00,101.56560185838593
2025-03-17 20:02:00,101.5735972719098
2025-03-17 20:03:00,101.58159262195831
2025-03-17 20:04:00,101.58958790852999
2025-03-17 20:05:00,101.59758313152659
2025-03-17 20:06:00,101.60557829108214
2025-03-17 20:07:00,101.61357338707904
2025-03-17 20:08:00,101.62156841945773
2025-03-17 20:09:00,101.62956338831349
2025-03-17 20:10:00,101.6375582989042
2025-03-17 20:11:00,101.64555314053551
2025-03-17 20:12:00,101.65354791850397
2025-03-17 20:13:00,101.66154263284679
2025-03-17 20:14:00,101.66953728348507
2025-03-17 20:15:00,101.67753187043664
2025-03-17 20:16:00,101.68552639368065
2025-03-17 20:17:00,101.69352085323493
2025-03-17 20:18:00,101.70151524898188
2025-03-17 20:19:00,101.70950958097795
2025-03-17 20:20:00,101.71750384920237
2025-03-17 20:21:00,101.72549805895143
2025-03-17 20:22:00,101.73349219953109
2025-03-17 20:23:00,101.74148627629577
2025-03-17 20:24:00,101.74948028914716
2025-03-17 20:25:00,101.75747423818046
2025-03-17 20:26:00,101.76546812327804
2025-03-17 20:27:00,101.77346194443831
2025-03-17 20:28:00,101.78145570169848
2025-03-17 20:29:00,101.78944939497953
2025-03-17 20:30:00,101.79744302429918
2025-03-17 20:31:00,101.80543658961737
2025-03-17 20:32:00,101.81343009634607
2025-03-17 20:33:00,101.82142353361759
2025-03-17 20:34:00,101.82941690684412
2025-03-17 20:35:00,101.8374102160627
2025-03-17 20:36:00,101.84540346115571
2025-03-17 20:37:00,101.85339664217962
2025-03-17 20:38:00,101.86138975903603
2025-03-17 20:39:00,101.86938281178145
2025-03-17 20:40:00,101.87737580037552
2025-03-17 20:41:00,101.88536872481664
2025-03-17 20:42:00,101.89336158502583
2025-03-17 20:43:00,101.90135438104014
2025-03-17 20:44:00,101.90934711817471
2025-03-17 20:45:00,101.91733978573637
2025-03-17 20:46:00,101.92533238896284
2025-03-17 20:47:00,101.93332492796863
2025-03-17 20:48:00,101.94131740263592
2025-03-17 20:49:00,101.94930981300185
2025-03-17 20:50:00,101.95730215906475
2025-03-17 20:51:00,101.96529444072621
2025-03-17 20:52:00,101.97328665804264
2025-03-17 20:53:00,101.9812788109157
2025-03-17 20:54:00,101.98927089944031
2025-03-17 20:55:00,101.99726292887348
2025-03-17 20:56:00,102.00525488848359
2025-03-17 20:57:00,102.01324678362423
2025-03-17 20:58:00,102.02123861433243
2025-03-17 20:59:00,102.02923038049053
2025-03-17 21:00:00,102.03722208217403
2025-03-17 21:01:00,102.04521371930404
2025-03-17 21:02:00,102.05320529187883
2025-03-17 21:03:00,102.0611967998385
2025-03-17 21:04:00,102.06918824327829
2025-03-17 21:05:00,102.07717962209964
2025-03-17 21:06:00,102.08517094161715
2025-03-17 21:07:00,102.09316219115789
2025-03-17 21:08:00,102.10115337601701
2025-03-17 21:09:00,102.10914449625088
2025-03-17 21:10:00,102.11713555172228
2025-03-17 21:11:00,102.12512654254562
2025-03-17 21:12:00,102.13311746858375
2025-03-17 21:13:00,102.14110832989294
2025-03-17 21:14:00,102.14909912643277
2025-03-17 21:15:00,102.15708985818216
2025-03-17 21:16:00,102.16508052511995
2025-03-17 21:17:00,102.1730711326766
2025-03-17 21:18:00,102.181061669928
2025-03-17 21:19:00,102.18905214240121
2025-03-17 21:20:00,102.19704254995911
2025-03-17 21:21:00,102.20503289263861
2025-03-17 21:22:00,102.21302317039924
2025-03-17 21:23:00,102.22101338323918
2025-03-17 21:24:00,102.22900353117602
2025-03-17 21:25:00,102.23699361409196
2025-03-17 21:26:00,102.24498363210118
2025-03-17 21:27:00,102.25297358504716
2025-03-17 21:28:00,102.26096347298616
2025-03-17 21:29:00,102.26895330130957
2025-03-17 21:30:00,102.27694305920977
2025-03-17 21:31:00,102.28493275200083
2025-03-17 21:32:00,102.29292237973897
2025-03-17 21:33:00,102.30091194240298
2025-03-17 21:34:00,102.30890143987499
2025-03-17 21:35:00,102.31689087230794
2025-03-17 21:36:00,102.3248802395259
2025-03-17 21:37:00,102.33286954160437
2025-03-17 21:38:00,102.34085877848352
2025-03-17 21:39:00,102.34884795016144
2025-03-17 21:40:00,102.3568370619714
2025-03-17 21:41:00,102.36482610318335
2025-03-17 21:42:00,102.37281507918858
2025-03-17 21:43:00,102.38080398988848
2025-03-17 21:44:00,102.38879283528112
2025-03-17 21:45:00,102.39678161538403
2025-03-17 21:46:00,102.40477033015668
2025-03-17 21:47:00,102.41275897959714
2025-03-17 21:48:00,102.42074756370351
2025-03-17 21:49:00,102.42873608237723
2025-03-17 21:50:00,102.4367245357131
2025-03-17 21:51:00,102.44471292896664
2025-03-17 21:52:00,102.45270125146632
2025-03-17 21:53:00,102.46068950848708
2025-03-17 21:54:00,102.4686777000463
2025-03-17 21:55:00,102.47666582616137
2025-03-17 21:56:00,102.48465388677248
2025-03-17 21:57:00,102.49264188187757
2025-03-17 21:58:00,102.5006298114554
2025-03-17 21:59:00,102.50861767548471
2025-03-17 22:00:00,102.51660547394428
2025-03-17 22:01:00,102.52459320681274
2025-03-17 22:02:00,102.53258087946138
2025-03-17 22:03:00,102.54056848116119
2025-03-17 22:04:00,102.54855601724466
2025-03-17 22:05:00,102.55654348761324
2025-03-17 22:06:00,102.5645308923616
2025-03-17 22:07:00,102.57251823144915
2025-03-17 22:08:00,102.58050550481582
2025-03-17 22:09:00,102.58849271249838
2025-03-17 22:10:00,102.59647985441744
2025-03-17 22:11:00,102.60446693059036
2025-03-17 22:12:00,102.61245394103452
2025-03-17 22:13:00,102.62044088565122
2025-03-17 22:14:00,102.62842776988882
2025-03-17 22:15:00,102.6364145828833
2025-03-17 22:16:00,102.64440133010218
2025-03-17 22:17:00,102.65238801148571
2025-03-17 22:18:00,102.66037462697363
2025-03-17 22:19:00,102.6683611766027
2025-03-17 22:20:00,102.67634766033224
2025-03-17 22:21:00,102.68433407814081
2025-03-17 22:22:00,102.6923204300264
2025-03-17 22:23:00,102.70030671594833
2025-03-17 22:24:00,102.70829293596249
2025-03-17 22:25:00,102.71627909530429
2025-03-17 22:26:00,102.72426518332286
2025-03-17 22:27:00,102.7322512053308
2025-03-17 22:28:00,102.74023716128754
2025-03-17 22:29:00,102.74822305122953
2025-03-17 22:30:00,102.75620887507735
2025-03-17 22:31:00,102.76419463288707
2025-03-17 22:32:00,102.77218032457915
2025-03-17 22:33:00,102.78016595019024
2025-03-17 22:34:00,102.78815150966021
2025-03-17 22:35:00,102.79613700296767
2025-03-17 22:36:00,102.80412243552165
2025-03-17 22:37:00,102.812107796517
2025-03-17 22:38:00,102.82009309126617
2025-03-17 22:39:00,102.8280783198637
2025-03-17 22:40:00,102.83606348226886
2025-03-17 22:41:00,102.84404857840215
2025-03-17 22:42:00,102.85203360828075
2025-03-17 22:43:00,102.86001857190256
2025-03-17 22:44:00,102.86800346920744
2025-03-17 22:45:00,102.8759883002126
2025-03-17 22:46:00,102.88397306493522
2025-03-17 22:47:00,102.89195776861015
2025-03-17 22:48:00,102.89994240064522
2025-03-17 22:49:00,102.90792696629458
2025-03-17 22:50:00,102.91591146557545
2025-03-17 22:51:00,102.92389589838902
2025-03-17 22:52:00,102.9318802648685
2025-03-17 22:53:00,102.93986456485688
2025-03-17 22:54:00,102.94784879841004
2025-03-17 22:55:00,102.95583296550654
2025-03-17 22:56:00,102.96381706614416
2025-03-17 22:57:00,102.97180110026268
2025-03-17 22:58:00,102.97978506785992
2025-03-17 22:59:00,102.98776897428638
2025-03-17 23:00:00,102.99575280883442
2025-03-17 23:01:00,103.00373657683527
2025-03-17 23:02:00,103.01172027824794
2025-03-17 23:03:00,103.01970391299292
2025-03-17 23:04:00,103.02768748124205
2025-03-17 23:05:00,103.03567098283837
2025-03-17 23:06:00,103.04365441777968
2025-03-17 23:07:00,103.05163778604435
2025-03-17 23:08:00,103.05962108764952
2025-03-17 23:09:00,103.0676043226123
2025-03-17 23:10:00,103.07558749618622
2025-03-17 23:11:00,103.08357059770267
2025-03-17 23:12:00,103.0915536324733
2025-03-17 23:13:00,103.09953660049581
2025-03-17 23:14:00,103.10751950174856
2025-03-17 23:15:00,103.11550233624865
2025-03-17 23:16:00,103.12348510389715
2025-03-17 23:17:00,103.1314678048271
2025-03-17 23:18:00,103.13945043886214
2025-03-17 23:19:00,103.14743300605802
2025-03-17 23:20:00,103.15541550637387
2025-03-17 23:21:00,103.16339794521748
2025-03-17 23:22:00,103.17138031180481
2025-03-17 23:23:00,103.17936261148577
2025-03-17 23:24:00,103.18734484425805
2025-03-17 23:25:00,103.19532701008065
2025-03-17 23:26:00,103.20330910893192
2025-03-17 23:27:00,103.21129114084823
2025-03-17 23:28:00,103.21927310576918
2025-03-17 23:29:00,103.22725500363448
2025-03-17 23:30:00,103.23523683457712
2025-03-17 23:31:00,103.24321859849812
2025-03-17 23:32:00,103.25120030063097
2025-03-17 23:33:00,103.25918193042413
2025-03-17 23:34:00,103.26716349311116
2025-03-17 23:35:00,103.27514498870906
2025-03-17 23:36:00,103.2831264172348
2025-03-17 23:37:00,103.29110777860869
2025-03-17 23:38:00,103.29908907286695
2025-03-17 23:39:00,103.30707029996856
2025-03-17 23:40:00,103.31505145989185
2025-03-17 23:41:00,103.32303255263433
2025-03-17 23:42:00,103.33101357815504
2025-03-17 23:43:00,103.33899453650943
2025-03-17 23:44:00,103.34697543296963
2025-03-17 23:45:00,103.35495625681034
2025-03-17 23:46:00,103.3629370134002
2025-03-17 23:47:00,103.37091770273686
2025-03-17 23:48:00,103.37889832479854
2025-03-17 23:49:00,103.38687887954408
2025-03-17 23:50:00,103.39485936693244
2025-03-17 23:51:00,103.40283978703847
2025-03-17 23:52:00,103.4108201397631
2025-03-17 23:53:00,103.41880042512317
2025-03-17 23:54:00,103.42678064313561
2025-03-17 23:55:00,103.43476079905275
2025-03-17 23:56:00,103.44274088226578
2025-03-17 23:57:00,103.45072089802703
2025-03-17 23:58:00,103.45870084631478
2025-03-17 23:59:00,103.46668072720381
2025-03-18 00:00:00,103.47466054057574
2025-03-18 00:01:00,103.48264028644725
2025-03-18 00:02:00,103.49061996491265
2025-03-18 00:03:00,103.49859957583402
2025-03-18 00:04:00,103.50657911920892
2025-03-18 00:05:00,103.51455859499619
2025-03-18 00:06:00,103.52253800860245
2025-03-18 00:07:00,103.5305173493035
2025-03-18 00:08:00,103.53849662240926
2025-03-18 00:09:00,103.54647582791725
2025-03-18 00:10:00,103.55445496576696
2025-03-18 00:11:00,103.56243403601383
2025-03-18 00:12:00,103.57041303859735
2025-03-18 00:13:00,103.57839197355364
2025-03-18 00:14:00,103.58637084080274
2025-03-18 00:15:00,103.59434964036147
2025-03-18 00:16:00,103.60232837220798
2025-03-18 00:17:00,103.61030704171004
2025-03-18 00:18:00,103.61828563808565
2025-03-18 00:19:00,103.62626416676058
2025-03-18 00:20:00,103.6342426276163
2025-03-18 00:21:00,103.64222102070825
2025-03-18 00:22:00,103.65019934601442
2025-03-18 00:23:00,103.65817760349364
2025-03-18 00:24:00,103.66615579318189
2025-03-18 00:25:00,103.6741339149799
2025-03-18 00:26:00,103.68211196898183
2025-03-18 00:27:00,103.6900899550496
2025-03-18 00:28:00,103.69806787327734
2025-03-18 00:29:00,103.70604572893583
2025-03-18 00:30:00,103.71402351135957
2025-03-18 00:31:00,103.72200122583864
2025-03-18 00:32:00,103.72997887238985
2025-03-18 00:33:00,103.73795645097181
2025-03-18 00:34:00,103.74593396158191
2025-03-18 00:35:00,103.75391140419809
2025-03-18 00:36:00,103.76188877881779
2025-03-18 00:37:00,103.76986608543827
2025-03-18 00:38:00,103.77784332405686
2025-03-18 00:39:00,103.78582049461293
2025-03-18 00:40:00,103.79379760241555
2025-03-18 00:41:00,103.80177463683847
2025-03-18 00:42:00,103.80975160317146
2025-03-18 00:43:00,103.81772850137311
2025-03-18 00:44:00,103.82570533147944
2025-03-18 00:45:00,103.83368209348777
2025-03-18 00:46:00,103.84165878733731
2025-03-18 00:47:00,103.84963541302544
2025-03-18 00:48:00,103.85761197053004
2025-03-18 00:49:00,103.86558845982903
2025-03-18 00:50:00,103.87356488095841
2025-03-18 00:51:00,103.881541239227
2025-03-18 00:52:00,103.88951752389286
2025-03-18 00:53:00,103.89749374034224
2025-03-18 00:54:00,103.90546988851429
2025-03-18 00:55:00,103.91344596840636
2025-03-18 00:56:00,103.92142198003494
2025-03-18 00:57:00,103.92939792335866
2025-03-18 00:58:00,103.9373737983747
2025-03-18 00:59:00,103.94534960502232
2025-03-18 01:00:00,103.95332534337608
2025-03-18 01:01:00,103.9613010133751
2025-03-18 01:02:00,103.96927662030872
2025-03-18 01:03:00,103.97725215351274
2025-03-18 01:04:00,103.98522761837295
2025-03-18 01:05:00,103.99320301477073
2025-03-18 01:06:00,104.00117834276111
2025-03-18 01:07:00,104.00915360232202
2025-03-18 01:08:00,104.01712879337332
2025-03-18 01:09:00,104.02510391598943
2025-03-18 01:10:00,104.03307897012893
2025-03-18 01:11:00,104.0410539557696
2025-03-18 01:12:00,104.04902887288935
2025-03-18 01:13:00,104.05700372150454
2025-03-18 01:14:00,104.06497850690418
2025-03-18 01:15:00,104.07295321840515
2025-03-18 01:16:00,104.08092786135438
2025-03-18 01:17:00,104.08890243569108
2025-03-18 01:18:00,104.09687694147024
2025-03-18 01:19:00,104.10485137861173
2025-03-18 01:20:00,104.11282574717063
2025-03-18 01:21:00,104.12080004706681
2025-03-18 01:22:00,104.12877427829729
2025-03-18 01:23:00,104.1367484408978
2025-03-18 01:24:00,104.14472253480757
2025-03-18 01:25:00,104.15269656535372
2025-03-18 01:26:00,104.16067052189241
2025-03-18 01:27:00,104.16864440965422
2025-03-18 01:28:00,104.17661822869421
2025-03-18 01:29:00,104.18459197902877
2025-03-18 01:30:00,104.19256566053899
2025-03-18 01:31:00,104.20053927335725
2025-03-18 01:32:00,104.20851281732598
2025-03-18 01:33:00,104.21648629251949
2025-03-18 01:34:00,104.22445969887688
2025-03-18 01:35:00,104.23243303641452
2025-03-18 01:36:00,104.24040631045928
2025-03-18 01:37:00,104.2483795102711
2025-03-18 01:38:00,104.25635264129296
2025-03-18 01:39:00,104.26432570338643
2025-03-18 01:40:00,104.27229869654862
2025-03-18 01:41:00,104.28027162083451
2025-03-18 01:42:00,104.28824447620242
2025-03-18 01:43:00,104.29621726259137
2025-03-18 01:44:00,104.30418998009497
2025-03-18 01:45:00,104.3121626285556
2025-03-18 01:46:00,104.3201352081249
2025-03-18 01:47:00,104.32810772399412
2025-03-18 01:48:00,104.3360801655396
2025-03-18 01:49:00,104.34405253799133
2025-03-18 01:50:00,104.35202484148158
2025-03-18 01:51:00,104.35999707591061
2025-03-18 01:52:00,104.36796924129477
2025-03-18 01:53:00,104.37594133755368
2025-03-18 01:54:00,104.38391336480018
2025-03-18 01:55:00,104.39188532289592
2025-03-18 01:56:00,104.39985721185724
2025-03-18 01:57:00,104.4078290317196
2025-03-18 01:58:00,104.41580078247995
2025-03-18 01:59:00,104.42377246940663
2025-03-18 02:00:00,104.4317440818377
2025-03-18 02:01:00,104.43971562502225
2025-03-18 02:02:00,104.44768709905377
2025-03-18 02:03:00,104.4556585039291
2025-03-18 02:04:00,104.46362983950986
2025-03-18 02:05:00,104.47160110588959
2025-03-18 02:06:00,104.47957230298783
2025-03-18 02:07:00,104.48754343089804
2025-03-18 02:08:00,104.49551448948188
2025-03-18 02:09:00,104.50348547877475
2025-03-18 02:10:00,104.51145640416067
2025-03-18 02:11:00,104.51942725486228
2025-03-18 02:12:00,104.52739803622484
2025-03-18 02:13:00,104.53536874826456
2025-03-18 02:14:00,104.54333939092024
2025-03-18 02:15:00,104.5513099642467
2025-03-18 02:16:00,104.55928046820213
2025-03-18 02:17:00,104.5672509027253
2025-03-18 02:18:00,104.57522126787106
2025-03-18 02:19:00,104.58319156357818
2025-03-18 02:20:00,104.59116178988212
2025-03-18 02:21:00,104.59913195205058
2025-03-18 02:22:00,104.60710203946124
2025-03-18 02:23:00,104.61507205736245
2025-03-18 02:24:00,104.62304200580897
2025-03-18 02:25:00,104.63101188472028
2025-03-18 02:26:00,104.63898169415106
2025-03-18 02:27:00,104.64695143409813
2025-03-18 02:28:00,104.6549211044423
2025-03-18 02:29:00,104.66289070525747
2025-03-18 02:30:00,104.67086023652126
2025-03-18 02:31:00,104.67882969821093
2025-03-18 02:32:00,104.68679909565189
2025-03-18 02:33:00,104.69476841814493
2025-03-18 02:34:00,104.70273767101547
2025-03-18 02:35:00,104.71070685426015
2025-03-18 02:36:00,104.71867596791438
2025-03-18 02:37:00,104.72664501185888
2025-03-18 02:38:00,104.73461398616766
2025-03-18 02:39:00,104.74258289079873
2025-03-18 02:40:00,104.75055172571015
2025-03-18 02:41:00,104.75852049093729
2025-03-18 02:42:00,104.76648918645743
2025-03-18 02:43:00,104.77445781222853
2025-03-18 02:44:00,104.78242637359503
2025-03-18 02:45:00,104.79039485991619
2025-03-18 02:46:00,104.79836327643974
2025-03-18 02:47:00,104.80633162314301
2025-03-18 02:48:00,104.81429990009985
2025-03-18 02:49:00,104.82226810722966
2025-03-18 02:50:00,104.83023624452908
2025-03-18 02:51:00,104.83820431201403
2025-03-18 02:52:00,104.84617230968114
2025-03-18 02:53:00,104.85414023744966
2025-03-18 02:54:00,104.86210809533563
2025-03-18 02:55:00,104.87007588872156
2025-03-18 02:56:00,104.87804360685142
2025-03-18 02:57:00,104.88601125508846
2025-03-18 02:58:00,104.89397883337129
2025-03-18 02:59:00,104.90194634175444
2025-03-18 03:00:00,104.90991378017657
2025-03-18 03:01:00,104.91788114867288
2025-03-18 03:02:00,104.92584844714327
2025-03-18 03:03:00,104.9338156756423
2025-03-18 03:04:00,104.94178283414716
2025-03-18 03:05:00,104.94974992267376
2025-03-18 03:06:00,104.95771694650769
2025-03-18 03:07:00,104.96568389495137
2025-03-18 03:08:00,104.97365077336772
2025-03-18 03:09:00,104.98161758169532
2025-03-18 03:10:00,104.98958431998857
2025-03-18 03:11:00,104.9975509881668
2025-03-18 03:12:00,105.00551758622642
2025-03-18 03:13:00,105.01348411424132
2025-03-18 03:14:00,105.02145057209192
2025-03-18 03:15:00,105.02941695981349
2025-03-18 03:16:00,105.03738327738317
2025-03-18 03:17:00,105.04534953014407
2025-03-18 03:18:00,105.05331570743785
2025-03-18 03:19:00,105.0612818144725
2025-03-18 03:20:00,105.06924785132173
2025-03-18 03:21:00,105.07721381798203
2025-03-18 03:22:00,105.08517971441123
2025-03-18 03:23:00,105.0931455406057
2025-03-18 03:24:00,105.10111129658122
2025-03-18 03:25:00,105.10907698227626
2025-03-18 03:26:00,105.11704259770667
2025-03-18 03:27:00,105.12500814286865
2025-03-18 03:28:00,105.13297361770083
2025-03-18 03:29:00,105.14093902756532
2025-03-18 03:30:00,105.1489043618042
2025-03-18 03:31:00,105.15686962566377
2025-03-18 03:32:00,105.16483481919839
2025-03-18 03:33:00,105.1727999423851
2025-03-18 03:34:00,105.18076499522029
2025-03-18 03:35:00,105.18872997764238
2025-03-18 03:36:00,105.19669488968634
2025-03-18 03:37:00,105.20465973130993
2025-03-18 03:38:00,105.21262450254812
2025-03-18 03:39:00,105.22058920331996
2025-03-18 03:40:00,105.22855383900666
2025-03-18 03:41:00,105.23651839887354
2025-03-18 03:42:00,105.24448288828232
2025-03-18 03:43:00,105.25244730724876
2025-03-18 03:44:00,105.2604116556919
2025-03-18 03:45:00,105.26837593362733
2025-03-18 03:46:00,105.27634014105138
2025-03-18 03:47:00,105.28430427796035
2025-03-18 03:48:00,105.29226834431185
2025-03-18 03:49:00,105.30023234012158
2025-03-18 03:50:00,105.30819626538573
2025-03-18 03:51:00,105.31616012534992
2025-03-18 03:52:00,105.32412390945385
2025-03-18 03:53:00,105.33208762292375
2025-03-18 03:54:00,105.3400512657752
2025-03-18 03:55:00,105.3480148380238
2025-03-18 03:56:00,105.35597833960782
2025-03-18 03:57:00,105.36394177054288
2025-03-18 03:58:00,105.3719051308637
2025-03-18 03:59:00,105.37986842050876
2025-03-18 04:00:00,105.38783163941615
2025-03-18 04:01:00,105.39579478765947
2025-03-18 04:02:00,105.40375787052254
2025-03-18 04:03:00,105.41172087731034
2025-03-18 04:04:00,105.41968381340331
2025-03-18 04:05:00,105.427646678701
2025-03-18 04:06:00,105.43560947329627
2025-03-18 04:07:00,105.44357219708873
2025-03-18 04:08:00,105.45153485013245
2025-03-18 04:09:00,105.45949743236565
2025-03-18 04:10:00,105.46745994376528
2025-03-18 04:11:00,105.47542238438528
2025-03-18 04:12:00,105.48338475418326
2025-03-18 04:13:00,105.49134705307807
2025-03-18 04:14:00,105.4993092865078
2025-03-18 04:15:00,105.50727144377784
2025-03-18 04:16:00,105.51523353009453
2025-03-18 04:17:00,105.52319554553118
2025-03-18 04:18:00,105.53115749012254
2025-03-18 04:19:00,105.53911936376821
2025-03-18 04:20:00,105.54708116646421
2025-03-18 04:21:00,105.55504289828397
2025-03-18 04:22:00,105.5630045591076
2025-03-18 04:23:00,105.57096614896993
2025-03-18 04:24:00,105.57892766792487
2025-03-18 04:25:00,105.5868891211784
2025-03-18 04:26:00,105.59485049809435
2025-03-18 04:27:00,105.60281180407186
2025-03-18 04:28:00,105.61077303899108
2025-03-18 04:29:00,105.61873420284803
2025-03-18 04:30:00,105.62669529571602
2025-03-18 04:31:00,105.63465631749453
2025-03-18 04:32:00,105.6426172682182
2025-03-18 04:33:00,105.65057814788302
2025-03-18 04:34:00,105.65853895644648
2025-03-18 04:35:00,105.66649969392381
2025-03-18 04:36:00,105.67446036559782
2025-03-18 04:37:00,105.68242096087157
2025-03-18 04:38:00,105.6903814849507
2025-03-18 04:39:00,105.69834193790835
2025-03-18 04:40:00,105.70630231966322
2025-03-18 04:41:00,105.71426263032726
2025-03-18 04:42:00,105.72222286978057
2025-03-18 04:43:00,105.7301830379997
2025-03-18 04:44:00,105.7381431350579
2025-03-18 04:45:00,105.74610316089318
2025-03-18 04:46:00,105.75406311552084
2025-03-18 04:47:00,105.76202300420388
2025-03-18 04:48:00,105.76998281632676
2025-03-18 04:49:00,105.77794255717173
2025-03-18 04:50:00,105.78590222675412
2025-03-18 04:51:00,105.79386182503126
2025-03-18 04:52:00,105.80182135205692
2025-03-18 04:53:00,105.80978080774973
2025-03-18 04:54:00,105.81774019212499
2025-03-18 04:55:00,105.82569950512057
2025-03-18 04:56:00,105.83365874684822
2025-03-18 04:57:00,105.84161791722661
2025-03-18 04:58:00,105.84957701619366
2025-03-18 04:59:00,105.85753604910866
2025-03-18 05:00:00,105.86549500535638
2025-03-18 05:01:00,105.87345389016104
2025-03-18 05:02:00,105.88141270357634
2025-03-18 05:03:00,105.88937144555952
2025-03-18 05:04:00,105.89733011606782
2025-03-18 05:05:00,105.90528871519358
2025-03-18 05:06:00,105.91324724285539
2025-03-18 05:07:00,105.92120569904904
2025-03-18 05:08:00,105.92916408373172
2025-03-18 05:09:00,105.93712239691854
2025-03-18 05:10:00,105.94508064396848
2025-03-18 05:11:00,105.95303881417024
2025-03-18 05:12:00,105.96099691284415
2025-03-18 05:13:00,105.96895493998602
2025-03-18 05:14:00,105.97691289553373
2025-03-18 05:15:00,105.9848707795602
2025-03-18 05:16:00,105.9928285920612
2025-03-18 05:17:00,106.00078633289738
2025-03-18 05:18:00,106.0087440021995
2025-03-18 05:19:00,106.0167015998862
2025-03-18 05:20:00,106.0246591259145
2025-03-18 05:21:00,106.0326165856817
2025-03-18 05:22:00,106.04057396849622
2025-03-18 05:23:00,106.04853127962025
2025-03-18 05:24:00,106.05648851908805
2025-03-18 05:25:00,106.06444568695326
2025-03-18 05:26:00,106.07240278305706
2025-03-18 05:27:00,106.08035980751109
2025-03-18 05:28:00,106.08831676023362
2025-03-18 05:29:00,106.09627364125909
2025-03-18 05:30:00,106.10423045054452
2025-03-18 05:31:00,106.11218718808553
2025-03-18 05:32:00,106.12014385924027
2025-03-18 05:33:00,106.12810045324072
2025-03-18 05:34:00,106.1360569755223
2025-03-18 05:35:00,106.1440134260034
2025-03-18 05:36:00,106.15196980467968
2025-03-18 05:37:00,106.15992611158534
2025-03-18 05:38:00,106.16788234663875
2025-03-18 05:39:00,106.17583850991278
2025-03-18 05:40:00,106.18379460130646
2025-03-18 05:41:00,106.19175062081541
2025-03-18 05:42:00,106.1997065685124
2025-03-18 05:43:00,106.20766244431587
2025-03-18 05:44:00,106.21561825362211
2025-03-18 05:45:00,106.22357398560575
2025-03-18 05:46:00,106.23152964574041
2025-03-18 05:47:00,106.23948523394441
2025-03-18 05:48:00,106.24744075025201
2025-03-18 05:49:00,106.2553961945814
2025-03-18 05:50:00,106.26335156698605
2025-03-18 05:51:00,106.27130686742292
2025-03-18 05:52:00,106.27926209586818
2025-03-18 05:53:00,106.28721725231739
2025-03-18 05:54:00,106.29517233682397
2025-03-18 05:55:00,106.30312735462942
2025-03-18 05:56:00,106.31108229510203
2025-03-18 05:57:00,106.31903716352187
2025-03-18 05:58:00,106.32699195992316
2025-03-18 05:59:00,106.33494668428196
2025-03-18 06:00:00,106.34290133655519
2025-03-18 06:01:00,106.3508559167576
2025-03-18 06:02:00,106.35881042488465
2025-03-18 06:03:00,106.36676486097036
2025-03-18 06:04:00,106.37471922491372
2025-03-18 06:05:00,106.38267351667152
2025-03-18 06:06:00,106.3906277417552
2025-03-18 06:07:00,106.39858188928253
2025-03-18 06:08:00,106.40653596472637
2025-03-18 06:09:00,106.41448996796629
2025-03-18 06:10:00,106.42244389905565
2025-03-18 06:11:00,106.43039775795121
2025-03-18 06:12:00,106.43835154468697
2025-03-18 06:13:00,106.44630525918109
2025-03-18 06:14:00,106.45425890148685
2025-03-18 06:15:00,106.46221247154168
2025-03-18 06:16:00,106.47016596939892
2025-03-18 06:17:00,106.47811940031869
2025-03-18 06:18:00,106.48607275367013
2025-03-18 06:19:00,106.49402603471353
2025-03-18 06:20:00,106.50197924354065
2025-03-18 06:21:00,106.50993238001175
2025-03-18 06:22:00,106.51788544421859
2025-03-18 06:23:00,106.52583843613722
2025-03-18 06:24:00,106.53379135570512
2025-03-18 06:25:00,106.54174420295607
2025-03-18 06:26:00,106.5496969778468
2025-03-18 06:27:00,106.55764968039193
2025-03-18 06:28:00,106.5656023105481
2025-03-18 06:29:00,106.57355487371015
2025-03-18 06:30:00,106.58150735911285
2025-03-18 06:31:00,106.58945977215097
2025-03-18 06:32:00,106.59741211276187
2025-03-18 06:33:00,106.60536438097944
2025-03-18 06:34:00,106.61331657672174
2025-03-18 06:35:00,106.62126870008042
2025-03-18 06:36:00,106.62922075095425
2025-03-18 06:37:00,106.63717272937706
2025-03-18 06:38:00,106.64512463532469
2025-03-18 06:39:00,106.65307646879242
2025-03-18 06:40:00,106.66102823505896
2025-03-18 06:41:00,106.6689799235524
2025-03-18 06:42:00,106.67693153953218
2025-03-18 06:43:00,106.68488308295494
2025-03-18 06:44:00,106.69283455383508
2025-03-18 06:45:00,106.7007859521871
2025-03-18 06:46:00,106.70873727802545
2025-03-18 06:47:00,106.7166885312102
2025-03-18 06:48:00,106.72463971187148
2025-03-18 06:49:00,106.73259081992735
2025-03-18 06:50:00,106.7405418553536
2025-03-18 06:51:00,106.74849282352501
2025-03-18 06:52:00,106.75644371377388
2025-03-18 06:53:00,106.76439453135916
2025-03-18 06:54:00,106.77234527631455
2025-03-18 06:55:00,106.78029594861589
2025-03-18 06:56:00,106.78824654825827
2025-03-18 06:57:00,106.7961970752367
2025-03-18 06:58:00,106.804147529527
2025-03-18 06:59:00,106.81209791110498
2025-03-18 07:00:00,106.82004821996566
2025-03-18 07:01:00,106.8279984561427
2025-03-18 07:02:00,106.83594862489463
2025-03-18 07:03:00,106.84389871559299
2025-03-18 07:04:00,106.85184873353491
2025-03-18 07:05:00,106.8597986787347
2025-03-18 07:06:00,106.86774855118746
2025-03-18 07:07:00,106.87569835083022
2025-03-18 07:08:00,106.88364807767732
2025-03-18 07:09:00,106.89159773174308
2025-03-18 07:10:00,106.89954731298384
2025-03-18 07:11:00,106.90749682141393
2025-03-18 07:12:00,106.91544625698974
2025-03-18 07:13:00,106.92339561974475
2025-03-18 07:14:00,106.93134491501444
2025-03-18 07:15:00,106.93929413199709
2025-03-18 07:16:00,106.94724327618243
2025-03-18 07:17:00,106.95519234746897
2025-03-18 07:18:00,106.96314134585164
2025-03-18 07:19:00,106.97109027132534
2025-03-18 07:20:00,106.97903912388495
2025-03-18 07:21:00,106.98698790354479
2025-03-18 07:22:00,106.99493661020321
2025-03-18 07:23:00,107.0028852440095
2025-03-18 07:24:00,107.01083380480421
2025-03-18 07:25:00,107.01878229796083
2025-03-18 07:26:00,107.02673071277482
2025-03-18 07:27:00,107.03467905467757
2025-03-18 07:28:00,107.04262732352896
2025-03-18 07:29:00,107.05057551936237
2025-03-18 07:30:00,107.05852364221123
2025-03-18 07:31:00,107.06647169199329
2025-03-18 07:32:00,107.07441966878051
2025-03-18 07:33:00,107.08236757250978
2025-03-18 07:34:00,107.09031540317602
2025-03-18 07:35:00,107.09826316073543
2025-03-18 07:36:00,107.10621085058044
2025-03-18 07:37:00,107.1141584619684
2025-03-18 07:38:00,107.12210600027252
2025-03-18 07:39:00,107.13005346550688
2025-03-18 07:40:00,107.13800085758899
2025-03-18 07:41:00,107.14594817647517
2025-03-18 07:42:00,107.15389542231449
2025-03-18 07:43:00,107.16184259494729
2025-03-18 07:44:00,107.169789694407
2025-03-18 07:45:00,107.17773672070751
2025-03-18 07:46:00,107.18568367382449
2025-03-18 07:47:00,107.19363055907269
2025-03-18 07:48:00,107.20157736580646
2025-03-18 07:49:00,107.20952409930217
2025-03-18 07:50:00,107.21747075959308
2025-03-18 07:51:00,107.22541734661606
2025-03-18 07:52:00,107.23336386040432
2025-03-18 07:53:00,107.24131030091402
2025-03-18 07:54:00,107.24925666817839
2025-03-18 07:55:00,107.25720296219211
2025-03-18 07:56:00,107.26514918289199
2025-03-18 07:57:00,107.27309533027267
2025-03-18 07:58:00,107.2810414043673
2025-03-18 07:59:00,107.28898741047124
2025-03-18 08:00:00,107.29693333791991
2025-03-18 08:01:00,107.304879192028
2025-03-18 08:02:00,107.31282497279005
2025-03-18 08:03:00,107.32077068018141
2025-03-18 08:04:00,107.32871631421591
2025-03-18 08:05:00,107.33666187488818
2025-03-18 08:06:00,107.344607362135
2025-03-18 08:07:00,107.35255277597025
2025-03-18 08:08:00,107.36049811644624
2025-03-18 08:09:00,107.36844338346111
2025-03-18 08:10:00,107.3763885823676
2025-03-18 08:11:00,107.38433370255981
2025-03-18 08:12:00,107.39227874921677
2025-03-18 08:13:00,107.40022372246796
2025-03-18 08:14:00,107.40816862226941
2025-03-18 08:15:00,107.4161134485578
2025-03-18 08:16:00,107.42405820136617
2025-03-18 08:17:00,107.43200288065054
2025-03-18 08:18:00,107.43994748642456
2025-03-18 08:19:00,107.44789201868282
2025-03-18 08:20:00,107.4558364774005
2025-03-18 08:21:00,107.46378086794911
2025-03-18 08:22:00,107.47172517954976
2025-03-18 08:23:00,107.47966941761251
2025-03-18 08:24:00,107.48761358213181
2025-03-18 08:25:00,107.49555767304435
2025-03-18 08:26:00,107.50350169036376
2025-03-18 08:27:00,107.51144563408451
2025-03-18 08:28:00,107.51938950418177
2025-03-18 08:29:00,107.52733330064991
2025-03-18 08:30:00,107.53527702350263
2025-03-18 08:31:00,107.54322067271511
2025-03-18 08:32:00,107.55116425356192
2025-03-18 08:33:00,107.55910775545765
2025-03-18 08:34:00,107.56705118367704
